timestamp_ict,apartment_id,slot,direction,duration_min,duration_in_traffic_min,duration_motorcycle_min,distance_km,status
2026-05-06T09:26:57+07:00,vinhomes-smart-city,0700,home_to_work,30.41,30.41,30.41,9.83,OK
2026-05-06T09:26:57+07:00,hd-mon-city,0700,home_to_work,25.12,25.12,25.12,4.91,OK
2026-05-06T09:26:57+07:00,my-dinh-pearl,0700,home_to_work,31.08,31.08,31.08,7.61,OK
2026-05-06T09:26:57+07:00,hoang-thanh-pearl,0700,home_to_work,35.18,35.18,35.18,8.76,OK
2026-05-06T09:26:57+07:00,mipec-riverside,0700,home_to_work,46.95,46.95,46.95,9.59,OK
2026-05-06T09:26:57+07:00,sunshine-riverside,0700,home_to_work,25.9,25.9,25.9,7.89,OK
2026-05-06T09:26:57+07:00,ho-guom-plaza,0700,home_to_work,30.77,30.77,30.77,7.3,OK
2026-05-06T09:26:57+07:00,eco-green-city,0700,home_to_work,33.14,33.14,33.14,7.57,OK
2026-05-06T09:26:57+07:00,hateco-apollo,0700,home_to_work,41.93,41.93,41.93,13.35,OK
2026-05-06T09:26:57+07:00,iris-garden,0700,home_to_work,30.52,30.52,30.52,6.94,OK
2026-05-06T11:12:37+07:00,vinhomes-smart-city,0730,home_to_work,26.44,26.44,26.44,9.83,OK
2026-05-06T11:12:37+07:00,hd-mon-city,0730,home_to_work,20.18,20.18,20.18,4.91,OK
2026-05-06T11:12:37+07:00,my-dinh-pearl,0730,home_to_work,25.96,25.96,25.96,7.15,OK
2026-05-06T11:12:37+07:00,hoang-thanh-pearl,0730,home_to_work,29.62,29.62,29.62,8.76,OK
2026-05-06T11:12:37+07:00,mipec-riverside,0730,home_to_work,42.35,42.35,42.35,9.59,OK
2026-05-06T11:12:37+07:00,sunshine-riverside,0730,home_to_work,23.52,23.52,23.52,7.89,OK
2026-05-06T11:12:37+07:00,ho-guom-plaza,0730,home_to_work,26.58,26.58,26.58,7.65,OK
2026-05-06T11:12:37+07:00,eco-green-city,0730,home_to_work,28.18,28.18,28.18,7.54,OK
2026-05-06T11:12:37+07:00,hateco-apollo,0730,home_to_work,36.3,36.3,36.3,12.53,OK
2026-05-06T11:12:37+07:00,iris-garden,0730,home_to_work,25.0,25.0,25.0,6.94,OK
2026-05-06T19:14:42+07:00,vinhomes-smart-city,1730,work_to_home,29.35,29.35,29.35,9.3,OK
2026-05-06T19:14:42+07:00,hd-mon-city,1730,work_to_home,27.81,27.81,27.81,6.32,OK
2026-05-06T19:14:42+07:00,my-dinh-pearl,1730,work_to_home,32.66,32.66,32.66,8.9,OK
2026-05-06T19:14:42+07:00,hoang-thanh-pearl,1730,work_to_home,39.58,39.58,39.58,12.87,OK
2026-05-06T19:14:42+07:00,mipec-riverside,1730,work_to_home,44.87,44.87,44.87,9.7,OK
2026-05-06T19:14:42+07:00,sunshine-riverside,1730,work_to_home,26.56,26.56,26.56,9.25,OK
2026-05-06T19:14:42+07:00,ho-guom-plaza,1730,work_to_home,33.71,33.71,33.71,7.82,OK
2026-05-06T19:14:42+07:00,eco-green-city,1730,work_to_home,34.04,34.04,34.04,7.88,OK
2026-05-06T19:14:42+07:00,hateco-apollo,1730,work_to_home,42.06,42.06,42.06,12.82,OK
2026-05-06T19:14:42+07:00,iris-garden,1730,work_to_home,32.49,32.49,32.49,8.17,OK
2026-05-06T19:28:24+07:00,vinhomes-smart-city,1800,work_to_home,28.74,28.74,28.74,9.3,OK
2026-05-06T19:28:24+07:00,hd-mon-city,1800,work_to_home,28.67,28.67,28.67,6.46,OK
2026-05-06T19:28:24+07:00,my-dinh-pearl,1800,work_to_home,34.49,34.49,34.49,8.9,OK
2026-05-06T19:28:24+07:00,hoang-thanh-pearl,1800,work_to_home,39.24,39.24,39.24,12.87,OK
2026-05-06T19:28:24+07:00,mipec-riverside,1800,work_to_home,43.88,43.88,43.88,9.69,OK
2026-05-06T19:28:24+07:00,sunshine-riverside,1800,work_to_home,25.26,25.26,25.26,7.99,OK
2026-05-06T19:28:24+07:00,ho-guom-plaza,1800,work_to_home,31.86,31.86,31.86,7.88,OK
2026-05-06T19:28:24+07:00,eco-green-city,1800,work_to_home,35.03,35.03,35.03,7.91,OK
2026-05-06T19:28:24+07:00,hateco-apollo,1800,work_to_home,42.23,42.23,42.23,12.82,OK
2026-05-06T19:28:24+07:00,iris-garden,1800,work_to_home,33.07,33.07,33.07,8.17,OK
2026-05-07T09:29:12+07:00,vinhomes-smart-city,0700,home_to_work,29.33,29.33,29.33,9.83,OK
2026-05-07T09:29:12+07:00,hd-mon-city,0700,home_to_work,21.94,21.94,21.94,4.91,OK
2026-05-07T09:29:12+07:00,my-dinh-pearl,0700,home_to_work,28.55,28.55,28.55,7.65,OK
2026-05-07T09:29:12+07:00,hoang-thanh-pearl,0700,home_to_work,31.9,31.9,31.9,8.76,OK
2026-05-07T09:29:12+07:00,mipec-riverside,0700,home_to_work,48.9,48.9,48.9,9.59,OK
2026-05-07T09:29:12+07:00,sunshine-riverside,0700,home_to_work,24.62,24.62,24.62,7.88,OK
2026-05-07T09:29:12+07:00,ho-guom-plaza,0700,home_to_work,29.8,29.8,29.8,7.27,OK
2026-05-07T09:29:12+07:00,eco-green-city,0700,home_to_work,30.98,30.98,30.98,7.54,OK
2026-05-07T09:29:12+07:00,hateco-apollo,0700,home_to_work,37.36,37.36,37.36,10.47,OK
2026-05-07T09:29:12+07:00,iris-garden,0700,home_to_work,27.17,27.17,27.17,6.94,OK
2026-05-07T11:11:41+07:00,vinhomes-smart-city,0730,home_to_work,26.66,26.66,26.66,9.83,OK
2026-05-07T11:11:41+07:00,hd-mon-city,0730,home_to_work,19.95,19.95,19.95,4.91,OK
2026-05-07T11:11:41+07:00,my-dinh-pearl,0730,home_to_work,26.16,26.16,26.16,9.04,OK
2026-05-07T11:11:41+07:00,hoang-thanh-pearl,0730,home_to_work,29.39,29.39,29.39,8.76,OK
2026-05-07T11:11:41+07:00,mipec-riverside,0730,home_to_work,44.82,44.82,44.82,9.59,OK
2026-05-07T11:11:41+07:00,sunshine-riverside,0730,home_to_work,23.49,23.49,23.49,7.89,OK
2026-05-07T11:11:41+07:00,ho-guom-plaza,0730,home_to_work,25.86,25.86,25.86,7.27,OK
2026-05-07T11:11:41+07:00,eco-green-city,0730,home_to_work,27.15,27.15,27.15,7.54,OK
2026-05-07T11:11:41+07:00,hateco-apollo,0730,home_to_work,35.61,35.61,35.61,12.53,OK
2026-05-07T11:11:41+07:00,iris-garden,0730,home_to_work,24.74,24.74,24.74,6.94,OK
2026-05-07T19:15:49+07:00,vinhomes-smart-city,1730,work_to_home,28.59,28.59,28.59,9.3,OK
2026-05-07T19:15:49+07:00,hd-mon-city,1730,work_to_home,27.98,27.98,27.98,6.32,OK
2026-05-07T19:15:49+07:00,my-dinh-pearl,1730,work_to_home,31.06,31.06,31.06,8.9,OK
2026-05-07T19:15:49+07:00,hoang-thanh-pearl,1730,work_to_home,36.42,36.42,36.42,11.63,OK
2026-05-07T19:15:49+07:00,mipec-riverside,1730,work_to_home,44.05,44.05,44.05,9.69,OK
2026-05-07T19:15:49+07:00,sunshine-riverside,1730,work_to_home,25.47,25.47,25.47,7.91,OK
2026-05-07T19:15:49+07:00,ho-guom-plaza,1730,work_to_home,33.36,33.36,33.36,8.01,OK
2026-05-07T19:15:49+07:00,eco-green-city,1730,work_to_home,35.29,35.29,35.29,7.91,OK
2026-05-07T19:15:49+07:00,hateco-apollo,1730,work_to_home,40.59,40.59,40.59,12.82,OK
2026-05-07T19:15:49+07:00,iris-garden,1730,work_to_home,32.16,32.16,32.16,8.17,OK
2026-05-07T19:59:03+07:00,vinhomes-smart-city,1800,work_to_home,24.04,24.04,24.04,9.3,OK
2026-05-07T19:59:03+07:00,hd-mon-city,1800,work_to_home,24.11,24.11,24.11,6.46,OK
2026-05-07T19:59:03+07:00,my-dinh-pearl,1800,work_to_home,26.66,26.66,26.66,8.9,OK
2026-05-07T19:59:03+07:00,hoang-thanh-pearl,1800,work_to_home,32.38,32.38,32.38,11.63,OK
2026-05-07T19:59:03+07:00,mipec-riverside,1800,work_to_home,43.46,43.46,43.46,9.69,OK
2026-05-07T19:59:03+07:00,sunshine-riverside,1800,work_to_home,24.23,24.23,24.23,7.99,OK
2026-05-07T19:59:03+07:00,ho-guom-plaza,1800,work_to_home,28.26,28.26,28.26,8.01,OK
2026-05-07T19:59:03+07:00,eco-green-city,1800,work_to_home,30.1,30.1,30.1,7.88,OK
2026-05-07T19:59:03+07:00,hateco-apollo,1800,work_to_home,35.8,35.8,35.8,12.82,OK
2026-05-07T19:59:03+07:00,iris-garden,1800,work_to_home,30.61,30.61,30.61,8.19,OK
2026-05-08T09:36:14+07:00,vinhomes-smart-city,0700,home_to_work,29.6,29.6,29.6,9.83,OK
2026-05-08T09:36:14+07:00,hd-mon-city,0700,home_to_work,22.37,22.37,22.37,4.91,OK
2026-05-08T09:36:14+07:00,my-dinh-pearl,0700,home_to_work,28.02,28.02,28.02,7.15,OK
2026-05-08T09:36:14+07:00,hoang-thanh-pearl,0700,home_to_work,32.18,32.18,32.18,8.76,OK
2026-05-08T09:36:14+07:00,mipec-riverside,0700,home_to_work,47.23,47.23,47.23,9.59,OK
2026-05-08T09:36:14+07:00,sunshine-riverside,0700,home_to_work,24.3,24.3,24.3,8.25,OK
2026-05-08T09:36:14+07:00,ho-guom-plaza,0700,home_to_work,29.15,29.15,29.15,7.65,OK
2026-05-08T09:36:14+07:00,eco-green-city,0700,home_to_work,33.34,33.34,33.34,7.54,OK
2026-05-08T09:36:14+07:00,hateco-apollo,0700,home_to_work,39.18,39.18,39.18,12.53,OK
2026-05-08T09:36:14+07:00,iris-garden,0700,home_to_work,27.41,27.41,27.41,6.94,OK
2026-05-08T10:58:30+07:00,vinhomes-smart-city,0730,home_to_work,27.62,27.62,27.62,9.83,OK
2026-05-08T10:58:30+07:00,hd-mon-city,0730,home_to_work,21.3,21.3,21.3,4.91,OK
2026-05-08T10:58:30+07:00,my-dinh-pearl,0730,home_to_work,25.81,25.81,25.81,7.15,OK
2026-05-08T10:58:30+07:00,hoang-thanh-pearl,0730,home_to_work,30.52,30.52,30.52,8.76,OK
2026-05-08T10:58:30+07:00,mipec-riverside,0730,home_to_work,46.98,46.98,46.98,9.6,OK
2026-05-08T10:58:30+07:00,sunshine-riverside,0730,home_to_work,23.07,23.07,23.07,8.86,OK
2026-05-08T10:58:30+07:00,ho-guom-plaza,0730,home_to_work,28.08,28.08,28.08,7.27,OK
2026-05-08T10:58:30+07:00,eco-green-city,0730,home_to_work,28.48,28.48,28.48,7.54,OK
2026-05-08T10:58:30+07:00,hateco-apollo,0730,home_to_work,36.99,36.99,36.99,12.53,OK
2026-05-08T10:58:30+07:00,iris-garden,0730,home_to_work,25.9,25.9,25.9,6.94,OK
2026-05-08T18:50:17+07:00,vinhomes-smart-city,1730,work_to_home,33.45,33.45,33.45,10.08,OK
2026-05-08T18:50:17+07:00,hd-mon-city,1730,work_to_home,30.5,30.5,30.5,6.32,OK
2026-05-08T18:50:17+07:00,my-dinh-pearl,1730,work_to_home,36.61,36.61,36.61,9.68,OK
2026-05-08T18:50:17+07:00,hoang-thanh-pearl,1730,work_to_home,41.05,41.05,41.05,10.28,OK
2026-05-08T18:50:17+07:00,mipec-riverside,1730,work_to_home,46.8,46.8,46.8,9.69,OK
2026-05-08T18:50:17+07:00,sunshine-riverside,1730,work_to_home,27.01,27.01,27.01,8.0,OK
2026-05-08T18:50:17+07:00,ho-guom-plaza,1730,work_to_home,38.98,38.98,38.98,8.52,OK
2026-05-08T18:50:17+07:00,eco-green-city,1730,work_to_home,39.4,39.4,39.4,8.58,OK
2026-05-08T18:50:17+07:00,hateco-apollo,1730,work_to_home,46.72,46.72,46.72,13.6,OK
2026-05-08T18:50:17+07:00,iris-garden,1730,work_to_home,34.99,34.99,34.99,7.85,OK
2026-05-08T19:10:10+07:00,vinhomes-smart-city,1800,work_to_home,30.85,30.85,30.85,9.3,OK
2026-05-08T19:10:10+07:00,hd-mon-city,1800,work_to_home,27.93,27.93,27.93,6.46,OK
2026-05-08T19:10:10+07:00,my-dinh-pearl,1800,work_to_home,33.78,33.78,33.78,8.77,OK
2026-05-08T19:10:10+07:00,hoang-thanh-pearl,1800,work_to_home,38.44,38.44,38.44,10.86,OK
2026-05-08T19:10:10+07:00,mipec-riverside,1800,work_to_home,45.3,45.3,45.3,9.7,OK
2026-05-08T19:10:10+07:00,sunshine-riverside,1800,work_to_home,26.12,26.12,26.12,7.99,OK
2026-05-08T19:10:10+07:00,ho-guom-plaza,1800,work_to_home,33.92,33.92,33.92,8.01,OK
2026-05-08T19:10:10+07:00,eco-green-city,1800,work_to_home,35.49,35.49,35.49,7.91,OK
2026-05-08T19:10:10+07:00,hateco-apollo,1800,work_to_home,43.05,43.05,43.05,12.82,OK
2026-05-08T19:10:10+07:00,iris-garden,1800,work_to_home,32.37,32.37,32.37,8.17,OK
2026-05-09T09:29:12+07:00,vinhomes-smart-city,0700,home_to_work,33.21,33.21,33.21,9.86,OK
2026-05-09T09:29:12+07:00,hd-mon-city,0700,home_to_work,21.7,21.7,21.7,4.91,OK
2026-05-09T09:29:12+07:00,my-dinh-pearl,0700,home_to_work,27.44,27.44,27.44,7.15,OK
2026-05-09T09:29:12+07:00,hoang-thanh-pearl,0700,home_to_work,31.5,31.5,31.5,8.76,OK
2026-05-09T09:29:12+07:00,mipec-riverside,0700,home_to_work,47.96,47.96,47.96,9.59,OK
2026-05-09T09:29:12+07:00,sunshine-riverside,0700,home_to_work,23.23,23.23,23.23,7.89,OK
2026-05-09T09:29:12+07:00,ho-guom-plaza,0700,home_to_work,31.01,31.01,31.01,7.27,OK
2026-05-09T09:29:12+07:00,eco-green-city,0700,home_to_work,33.18,33.18,33.18,7.54,OK
2026-05-09T09:29:12+07:00,hateco-apollo,0700,home_to_work,39.11,39.11,39.11,12.53,OK
2026-05-09T09:29:12+07:00,iris-garden,0700,home_to_work,26.5,26.5,26.5,6.94,OK
2026-05-09T11:02:37+07:00,vinhomes-smart-city,0730,home_to_work,28.19,28.19,28.19,9.83,OK
2026-05-09T11:02:37+07:00,hd-mon-city,0730,home_to_work,24.06,24.06,24.06,4.91,OK
2026-05-09T11:02:37+07:00,my-dinh-pearl,0730,home_to_work,27.69,27.69,27.69,9.04,OK
2026-05-09T11:02:37+07:00,hoang-thanh-pearl,0730,home_to_work,33.2,33.2,33.2,8.76,OK
2026-05-09T11:02:37+07:00,mipec-riverside,0730,home_to_work,47.13,47.13,47.13,9.59,OK
2026-05-09T11:02:37+07:00,sunshine-riverside,0730,home_to_work,23.23,23.23,23.23,7.89,OK
2026-05-09T11:02:37+07:00,ho-guom-plaza,0730,home_to_work,27.1,27.1,27.1,7.27,OK
2026-05-09T11:02:37+07:00,eco-green-city,0730,home_to_work,31.12,31.12,31.12,7.54,OK
2026-05-09T11:02:37+07:00,hateco-apollo,0730,home_to_work,40.63,40.63,40.63,13.35,OK
2026-05-09T11:02:37+07:00,iris-garden,0730,home_to_work,28.59,28.59,28.59,6.94,OK
2026-05-09T18:25:05+07:00,vinhomes-smart-city,1730,work_to_home,24.4,24.4,24.4,9.3,OK
2026-05-09T18:25:05+07:00,hd-mon-city,1730,work_to_home,25.81,25.81,25.81,6.46,OK
2026-05-09T18:25:05+07:00,my-dinh-pearl,1730,work_to_home,26.96,26.96,26.96,8.9,OK
2026-05-09T18:25:05+07:00,hoang-thanh-pearl,1730,work_to_home,33.68,33.68,33.68,11.63,OK
2026-05-09T18:25:05+07:00,mipec-riverside,1730,work_to_home,43.02,43.02,43.02,9.69,OK
2026-05-09T18:25:05+07:00,sunshine-riverside,1730,work_to_home,25.27,25.27,25.27,7.91,OK
2026-05-09T18:25:05+07:00,ho-guom-plaza,1730,work_to_home,30.47,30.47,30.47,7.82,OK
2026-05-09T18:25:05+07:00,eco-green-city,1730,work_to_home,30.97,30.97,30.97,7.88,OK
2026-05-09T18:25:05+07:00,hateco-apollo,1730,work_to_home,37.12,37.12,37.12,12.82,OK
2026-05-09T18:25:05+07:00,iris-garden,1730,work_to_home,32.42,32.42,32.42,8.17,OK
2026-05-09T18:53:11+07:00,vinhomes-smart-city,1800,work_to_home,25.25,25.25,25.25,9.3,OK
2026-05-09T18:53:11+07:00,hd-mon-city,1800,work_to_home,25.16,25.16,25.16,6.46,OK
2026-05-09T18:53:11+07:00,my-dinh-pearl,1800,work_to_home,28.09,28.09,28.09,8.9,OK
2026-05-09T18:53:11+07:00,hoang-thanh-pearl,1800,work_to_home,34.57,34.57,34.57,11.63,OK
2026-05-09T18:53:11+07:00,mipec-riverside,1800,work_to_home,44.46,44.46,44.46,9.69,OK
2026-05-09T18:53:11+07:00,sunshine-riverside,1800,work_to_home,26.12,26.12,26.12,7.99,OK
2026-05-09T18:53:11+07:00,ho-guom-plaza,1800,work_to_home,27.03,27.03,27.03,7.82,OK
2026-05-09T18:53:11+07:00,eco-green-city,1800,work_to_home,28.45,28.45,28.45,7.88,OK
2026-05-09T18:53:11+07:00,hateco-apollo,1800,work_to_home,38.26,38.26,38.26,12.82,OK
2026-05-09T18:53:11+07:00,iris-garden,1800,work_to_home,32.46,32.46,32.46,8.17,OK
2026-05-10T09:32:32+07:00,vinhomes-smart-city,0700,home_to_work,26.43,26.43,26.43,9.83,OK
2026-05-10T09:32:32+07:00,hd-mon-city,0700,home_to_work,23.99,23.99,23.99,5.14,OK
2026-05-10T09:32:32+07:00,my-dinh-pearl,0700,home_to_work,26.48,26.48,26.48,9.04,OK
2026-05-10T09:32:32+07:00,hoang-thanh-pearl,0700,home_to_work,34.24,34.24,34.24,12.14,OK
2026-05-10T09:32:32+07:00,mipec-riverside,0700,home_to_work,46.67,46.67,46.67,9.59,OK
2026-05-10T09:32:32+07:00,sunshine-riverside,0700,home_to_work,25.11,25.11,25.11,8.19,OK
2026-05-10T09:32:32+07:00,ho-guom-plaza,0700,home_to_work,26.44,26.44,26.44,7.27,OK
2026-05-10T09:32:32+07:00,eco-green-city,0700,home_to_work,27.75,27.75,27.75,7.54,OK
2026-05-10T09:32:32+07:00,hateco-apollo,0700,home_to_work,38.34,38.34,38.34,13.35,OK
2026-05-10T09:32:32+07:00,iris-garden,0700,home_to_work,29.37,29.37,29.37,7.17,OK
2026-05-10T11:31:00+07:00,vinhomes-smart-city,0730,home_to_work,25.84,25.84,25.84,9.83,OK
2026-05-10T11:31:00+07:00,hd-mon-city,0730,home_to_work,22.26,22.26,22.26,4.91,OK
2026-05-10T11:31:00+07:00,my-dinh-pearl,0730,home_to_work,26.2,26.2,26.2,9.04,OK
2026-05-10T11:31:00+07:00,hoang-thanh-pearl,0730,home_to_work,31.04,31.04,31.04,8.76,OK
2026-05-10T11:31:00+07:00,mipec-riverside,0730,home_to_work,49.53,49.53,49.53,9.59,OK
2026-05-10T11:31:00+07:00,sunshine-riverside,0730,home_to_work,23.87,23.87,23.87,7.89,OK
2026-05-10T11:31:00+07:00,ho-guom-plaza,0730,home_to_work,25.19,25.19,25.19,7.27,OK
2026-05-10T11:31:00+07:00,eco-green-city,0730,home_to_work,26.57,26.57,26.57,7.54,OK
2026-05-10T11:31:00+07:00,hateco-apollo,0730,home_to_work,37.52,37.52,37.52,13.35,OK
2026-05-10T11:31:00+07:00,iris-garden,0730,home_to_work,26.41,26.41,26.41,6.94,OK
2026-05-10T18:26:55+07:00,vinhomes-smart-city,1730,work_to_home,25.72,25.72,25.72,9.3,OK
2026-05-10T18:26:55+07:00,hd-mon-city,1730,work_to_home,23.43,23.43,23.43,6.32,OK
2026-05-10T18:26:55+07:00,my-dinh-pearl,1730,work_to_home,28.87,28.87,28.87,8.9,OK
2026-05-10T18:26:55+07:00,hoang-thanh-pearl,1730,work_to_home,35.22,35.22,35.22,11.63,OK
2026-05-10T18:26:55+07:00,mipec-riverside,1730,work_to_home,43.71,43.71,43.71,9.7,OK
2026-05-10T18:26:55+07:00,sunshine-riverside,1730,work_to_home,24.64,24.64,24.64,9.25,OK
2026-05-10T18:26:55+07:00,ho-guom-plaza,1730,work_to_home,28.4,28.4,28.4,8.01,OK
2026-05-10T18:26:55+07:00,eco-green-city,1730,work_to_home,29.89,29.89,29.89,7.91,OK
2026-05-10T18:26:55+07:00,hateco-apollo,1730,work_to_home,38.14,38.14,38.14,12.82,OK
2026-05-10T18:26:55+07:00,iris-garden,1730,work_to_home,32.29,32.29,32.29,9.47,OK
2026-05-10T18:54:30+07:00,vinhomes-smart-city,1800,work_to_home,24.68,24.68,24.68,9.3,OK
2026-05-10T18:54:30+07:00,hd-mon-city,1800,work_to_home,24.77,24.77,24.77,6.46,OK
2026-05-10T18:54:30+07:00,my-dinh-pearl,1800,work_to_home,26.24,26.24,26.24,8.9,OK
2026-05-10T18:54:30+07:00,hoang-thanh-pearl,1800,work_to_home,32.42,32.42,32.42,11.63,OK
2026-05-10T18:54:30+07:00,mipec-riverside,1800,work_to_home,45.01,45.01,45.01,9.69,OK
2026-05-10T18:54:30+07:00,sunshine-riverside,1800,work_to_home,23.43,23.43,23.43,7.99,OK
2026-05-10T18:54:30+07:00,ho-guom-plaza,1800,work_to_home,29.2,29.2,29.2,7.82,OK
2026-05-10T18:54:30+07:00,eco-green-city,1800,work_to_home,29.62,29.62,29.62,7.88,OK
2026-05-10T18:54:30+07:00,hateco-apollo,1800,work_to_home,36.88,36.88,36.88,15.4,OK
2026-05-10T18:54:30+07:00,iris-garden,1800,work_to_home,29.07,29.07,29.07,7.85,OK
2026-05-11T09:41:51+07:00,vinhomes-smart-city,0700,home_to_work,31.68,31.68,31.68,9.83,OK
2026-05-11T09:41:51+07:00,hd-mon-city,0700,home_to_work,23.8,23.8,23.8,5.66,OK
2026-05-11T09:41:51+07:00,my-dinh-pearl,0700,home_to_work,28.63,28.63,28.63,7.61,OK
2026-05-11T09:41:51+07:00,hoang-thanh-pearl,0700,home_to_work,34.62,34.62,34.62,9.75,OK
2026-05-11T09:41:51+07:00,mipec-riverside,0700,home_to_work,47.3,47.3,47.3,9.59,OK
2026-05-11T09:41:51+07:00,sunshine-riverside,0700,home_to_work,24.68,24.68,24.68,7.89,OK
2026-05-11T09:41:51+07:00,ho-guom-plaza,0700,home_to_work,28.29,28.29,28.29,7.5,OK
2026-05-11T09:41:51+07:00,eco-green-city,0700,home_to_work,31.99,31.99,31.99,7.54,OK
2026-05-11T09:41:51+07:00,hateco-apollo,0700,home_to_work,39.2,39.2,39.2,11.5,OK
2026-05-11T09:41:51+07:00,iris-garden,0700,home_to_work,31.6,31.6,31.6,6.94,OK
2026-05-11T11:43:24+07:00,vinhomes-smart-city,0730,home_to_work,26.68,26.68,26.68,9.83,OK
2026-05-11T11:43:24+07:00,hd-mon-city,0730,home_to_work,21.69,21.69,21.69,4.91,OK
2026-05-11T11:43:24+07:00,my-dinh-pearl,0730,home_to_work,25.46,25.46,25.46,9.04,OK
2026-05-11T11:43:24+07:00,hoang-thanh-pearl,0730,home_to_work,31.68,31.68,31.68,8.76,OK
2026-05-11T11:43:24+07:00,mipec-riverside,0730,home_to_work,42.11,42.11,42.11,9.59,OK
2026-05-11T11:43:24+07:00,sunshine-riverside,0730,home_to_work,24.6,24.6,24.6,7.89,OK
2026-05-11T11:43:24+07:00,ho-guom-plaza,0730,home_to_work,25.71,25.71,25.71,7.27,OK
2026-05-11T11:43:24+07:00,eco-green-city,0730,home_to_work,27.73,27.73,27.73,7.54,OK
2026-05-11T11:43:24+07:00,hateco-apollo,0730,home_to_work,36.51,36.51,36.51,12.53,OK
2026-05-11T11:43:24+07:00,iris-garden,0730,home_to_work,26.75,26.75,26.75,6.94,OK
2026-05-11T20:22:21+07:00,vinhomes-smart-city,1730,work_to_home,24.33,24.33,24.33,9.3,OK
2026-05-11T20:22:21+07:00,hd-mon-city,1730,work_to_home,23.68,23.68,23.68,6.46,OK
2026-05-11T20:22:21+07:00,my-dinh-pearl,1730,work_to_home,26.61,26.61,26.61,8.9,OK
2026-05-11T20:22:21+07:00,hoang-thanh-pearl,1730,work_to_home,31.2,31.2,31.2,11.63,OK
2026-05-11T20:22:21+07:00,mipec-riverside,1730,work_to_home,44.05,44.05,44.05,9.69,OK
2026-05-11T20:22:21+07:00,sunshine-riverside,1730,work_to_home,25.99,25.99,25.99,8.56,OK
2026-05-11T20:22:21+07:00,ho-guom-plaza,1730,work_to_home,26.29,26.29,26.29,7.82,OK
2026-05-11T20:22:21+07:00,eco-green-city,1730,work_to_home,27.64,27.64,27.64,7.88,OK
2026-05-11T20:22:21+07:00,hateco-apollo,1730,work_to_home,36.31,36.31,36.31,12.82,OK
2026-05-11T20:22:21+07:00,iris-garden,1730,work_to_home,31.76,31.76,31.76,10.74,OK
2026-05-11T20:49:06+07:00,vinhomes-smart-city,1800,work_to_home,22.5,22.5,22.5,9.3,OK
2026-05-11T20:49:06+07:00,hd-mon-city,1800,work_to_home,22.25,22.25,22.25,6.32,OK
2026-05-11T20:49:06+07:00,my-dinh-pearl,1800,work_to_home,23.96,23.96,23.96,8.9,OK
2026-05-11T20:49:06+07:00,hoang-thanh-pearl,1800,work_to_home,29.49,29.49,29.49,11.63,OK
2026-05-11T20:49:06+07:00,mipec-riverside,1800,work_to_home,43.92,43.92,43.92,9.69,OK
2026-05-11T20:49:06+07:00,sunshine-riverside,1800,work_to_home,23.98,23.98,23.98,8.56,OK
2026-05-11T20:49:06+07:00,ho-guom-plaza,1800,work_to_home,26.02,26.02,26.02,8.23,OK
2026-05-11T20:49:06+07:00,eco-green-city,1800,work_to_home,28.51,28.51,28.51,8.49,OK
2026-05-11T20:49:06+07:00,hateco-apollo,1800,work_to_home,34.17,34.17,34.17,12.82,OK
2026-05-11T20:49:06+07:00,iris-garden,1800,work_to_home,29.57,29.57,29.57,8.17,OK
2026-05-12T09:34:48+07:00,vinhomes-smart-city,0700,home_to_work,32.53,32.53,32.53,9.86,OK
2026-05-12T09:34:48+07:00,hd-mon-city,0700,home_to_work,24.14,24.14,24.14,4.91,OK
2026-05-12T09:34:48+07:00,my-dinh-pearl,0700,home_to_work,30.86,30.86,30.86,7.66,OK
2026-05-12T09:34:48+07:00,hoang-thanh-pearl,0700,home_to_work,34.72,34.72,34.72,8.76,OK
2026-05-12T09:34:48+07:00,mipec-riverside,0700,home_to_work,48.18,48.18,48.18,9.59,OK
2026-05-12T09:34:48+07:00,sunshine-riverside,0700,home_to_work,25.99,25.99,25.99,7.89,OK
2026-05-12T09:34:48+07:00,ho-guom-plaza,0700,home_to_work,31.63,31.63,31.63,7.65,OK
2026-05-12T09:34:48+07:00,eco-green-city,0700,home_to_work,36.39,36.39,36.39,7.54,OK
2026-05-12T09:34:48+07:00,hateco-apollo,0700,home_to_work,41.74,41.74,41.74,12.53,OK
2026-05-12T09:34:48+07:00,iris-garden,0700,home_to_work,29.33,29.33,29.33,6.94,OK
2026-05-12T11:13:22+07:00,vinhomes-smart-city,0730,home_to_work,27.83,27.83,27.83,9.83,OK
2026-05-12T11:13:22+07:00,hd-mon-city,0730,home_to_work,21.03,21.03,21.03,4.91,OK
2026-05-12T11:13:22+07:00,my-dinh-pearl,0730,home_to_work,26.37,26.37,26.37,7.15,OK
2026-05-12T11:13:22+07:00,hoang-thanh-pearl,0730,home_to_work,30.85,30.85,30.85,8.76,OK
2026-05-12T11:13:22+07:00,mipec-riverside,0730,home_to_work,41.83,41.83,41.83,9.59,OK
2026-05-12T11:13:22+07:00,sunshine-riverside,0730,home_to_work,23.14,23.14,23.14,7.89,OK
2026-05-12T11:13:22+07:00,ho-guom-plaza,0730,home_to_work,27.14,27.14,27.14,7.65,OK
2026-05-12T11:13:22+07:00,eco-green-city,0730,home_to_work,29.35,29.35,29.35,7.67,OK
2026-05-12T11:13:22+07:00,hateco-apollo,0730,home_to_work,36.97,36.97,36.97,12.53,OK
2026-05-12T11:13:22+07:00,iris-garden,0730,home_to_work,26.32,26.32,26.32,6.94,OK
2026-05-12T19:23:18+07:00,vinhomes-smart-city,1730,work_to_home,29.32,29.32,29.32,9.3,OK
2026-05-12T19:23:18+07:00,hd-mon-city,1730,work_to_home,28.61,28.61,28.61,6.32,OK
2026-05-12T19:23:18+07:00,my-dinh-pearl,1730,work_to_home,32.08,32.08,32.08,8.9,OK
2026-05-12T19:23:18+07:00,hoang-thanh-pearl,1730,work_to_home,39.32,39.32,39.32,12.87,OK
2026-05-12T19:23:18+07:00,mipec-riverside,1730,work_to_home,42.83,42.83,42.83,9.69,OK
2026-05-12T19:23:18+07:00,sunshine-riverside,1730,work_to_home,24.77,24.77,24.77,7.91,OK
2026-05-12T19:23:18+07:00,ho-guom-plaza,1730,work_to_home,29.89,29.89,29.89,8.23,OK
2026-05-12T19:23:18+07:00,eco-green-city,1730,work_to_home,33.9,33.9,33.9,7.88,OK
2026-05-12T19:23:18+07:00,hateco-apollo,1730,work_to_home,41.86,41.86,41.86,12.82,OK
2026-05-12T19:23:18+07:00,iris-garden,1730,work_to_home,32.9,32.9,32.9,8.17,OK
2026-05-12T20:05:59+07:00,vinhomes-smart-city,1800,work_to_home,24.81,24.81,24.81,9.3,OK
2026-05-12T20:05:59+07:00,hd-mon-city,1800,work_to_home,24.69,24.69,24.69,6.46,OK
2026-05-12T20:05:59+07:00,my-dinh-pearl,1800,work_to_home,26.31,26.31,26.31,8.9,OK
2026-05-12T20:05:59+07:00,hoang-thanh-pearl,1800,work_to_home,33.18,33.18,33.18,11.63,OK
2026-05-12T20:05:59+07:00,mipec-riverside,1800,work_to_home,44.43,44.43,44.43,9.69,OK
2026-05-12T20:05:59+07:00,sunshine-riverside,1800,work_to_home,25.74,25.74,25.74,9.36,OK
2026-05-12T20:05:59+07:00,ho-guom-plaza,1800,work_to_home,27.07,27.07,27.07,7.82,OK
2026-05-12T20:05:59+07:00,eco-green-city,1800,work_to_home,28.88,28.88,28.88,7.88,OK
2026-05-12T20:05:59+07:00,hateco-apollo,1800,work_to_home,36.03,36.03,36.03,12.82,OK
2026-05-12T20:05:59+07:00,iris-garden,1800,work_to_home,33.63,33.63,33.63,8.17,OK
2026-05-13T09:41:06+07:00,vinhomes-smart-city,0700,home_to_work,29.08,29.08,29.08,9.86,OK
2026-05-13T09:41:06+07:00,hd-mon-city,0700,home_to_work,23.68,23.68,23.68,5.66,OK
2026-05-13T09:41:06+07:00,my-dinh-pearl,0700,home_to_work,27.69,27.69,27.69,9.04,OK
2026-05-13T09:41:06+07:00,hoang-thanh-pearl,0700,home_to_work,34.88,34.88,34.88,8.76,OK
2026-05-13T09:41:06+07:00,mipec-riverside,0700,home_to_work,48.28,48.28,48.28,9.59,OK
2026-05-13T09:41:06+07:00,sunshine-riverside,0700,home_to_work,24.6,24.6,24.6,7.9,OK
2026-05-13T09:41:06+07:00,ho-guom-plaza,0700,home_to_work,26.3,26.3,26.3,7.3,OK
2026-05-13T09:41:06+07:00,eco-green-city,0700,home_to_work,27.84,27.84,27.84,7.57,OK
2026-05-13T09:41:06+07:00,hateco-apollo,0700,home_to_work,41.05,41.05,41.05,13.38,OK
2026-05-13T09:41:06+07:00,iris-garden,0700,home_to_work,30.16,30.16,30.16,6.94,OK
2026-05-13T11:28:28+07:00,vinhomes-smart-city,0730,home_to_work,26.67,26.67,26.67,9.83,OK
2026-05-13T11:28:28+07:00,hd-mon-city,0730,home_to_work,21.76,21.76,21.76,4.91,OK
2026-05-13T11:28:28+07:00,my-dinh-pearl,0730,home_to_work,26.64,26.64,26.64,9.04,OK
2026-05-13T11:28:28+07:00,hoang-thanh-pearl,0730,home_to_work,31.84,31.84,31.84,8.76,OK
2026-05-13T11:28:28+07:00,mipec-riverside,0730,home_to_work,41.78,41.78,41.78,9.59,OK
2026-05-13T11:28:28+07:00,sunshine-riverside,0730,home_to_work,23.22,23.22,23.22,7.89,OK
2026-05-13T11:28:28+07:00,ho-guom-plaza,0730,home_to_work,26.68,26.68,26.68,7.4,OK
2026-05-13T11:28:28+07:00,eco-green-city,0730,home_to_work,29.2,29.2,29.2,7.67,OK
2026-05-13T11:28:28+07:00,hateco-apollo,0730,home_to_work,37.84,37.84,37.84,12.53,OK
2026-05-13T11:28:28+07:00,iris-garden,0730,home_to_work,26.93,26.93,26.93,6.94,OK
2026-05-13T19:27:03+07:00,vinhomes-smart-city,1730,work_to_home,28.59,28.59,28.59,9.28,OK
2026-05-13T19:27:03+07:00,hd-mon-city,1730,work_to_home,26.81,26.81,26.81,6.46,OK
2026-05-13T19:27:03+07:00,my-dinh-pearl,1730,work_to_home,32.28,32.28,32.28,8.85,OK
2026-05-13T19:27:03+07:00,hoang-thanh-pearl,1730,work_to_home,38.86,38.86,38.86,12.85,OK
2026-05-13T19:27:03+07:00,mipec-riverside,1730,work_to_home,45.07,45.07,45.07,9.69,OK
2026-05-13T19:27:03+07:00,sunshine-riverside,1730,work_to_home,25.59,25.59,25.59,7.99,OK
2026-05-13T19:27:03+07:00,ho-guom-plaza,1730,work_to_home,31.44,31.44,31.44,7.83,OK
2026-05-13T19:27:03+07:00,eco-green-city,1730,work_to_home,32.07,32.07,32.07,7.88,OK
2026-05-13T19:27:03+07:00,hateco-apollo,1730,work_to_home,41.6,41.6,41.6,12.8,OK
2026-05-13T19:27:03+07:00,iris-garden,1730,work_to_home,32.29,32.29,32.29,8.17,OK
2026-05-13T20:13:28+07:00,vinhomes-smart-city,1800,work_to_home,25.36,25.36,25.36,9.3,OK
2026-05-13T20:13:28+07:00,hd-mon-city,1800,work_to_home,24.81,24.81,24.81,6.46,OK
2026-05-13T20:13:28+07:00,my-dinh-pearl,1800,work_to_home,27.15,27.15,27.15,8.9,OK
2026-05-13T20:13:28+07:00,hoang-thanh-pearl,1800,work_to_home,33.67,33.67,33.67,11.63,OK
2026-05-13T20:13:28+07:00,mipec-riverside,1800,work_to_home,44.37,44.37,44.37,9.69,OK
2026-05-13T20:13:28+07:00,sunshine-riverside,1800,work_to_home,24.79,24.79,24.79,8.56,OK
2026-05-13T20:13:28+07:00,ho-guom-plaza,1800,work_to_home,27.29,27.29,27.29,7.82,OK
2026-05-13T20:13:28+07:00,eco-green-city,1800,work_to_home,28.54,28.54,28.54,7.88,OK
2026-05-13T20:13:28+07:00,hateco-apollo,1800,work_to_home,37.87,37.87,37.87,15.4,OK
2026-05-13T20:13:28+07:00,iris-garden,1800,work_to_home,32.7,32.7,32.7,10.74,OK
2026-05-14T09:42:10+07:00,vinhomes-smart-city,0700,home_to_work,24.7,24.7,24.7,9.86,OK
2026-05-14T09:42:10+07:00,hd-mon-city,0700,home_to_work,17.55,17.55,17.55,4.91,OK
2026-05-14T09:42:10+07:00,my-dinh-pearl,0700,home_to_work,24.35,24.35,24.35,9.04,OK
2026-05-14T09:42:10+07:00,hoang-thanh-pearl,0700,home_to_work,30.12,30.12,30.12,10.68,OK
2026-05-14T09:42:10+07:00,mipec-riverside,0700,home_to_work,32.05,32.05,32.05,9.74,OK
2026-05-14T09:42:10+07:00,sunshine-riverside,0700,home_to_work,18.16,18.16,18.16,7.89,OK
2026-05-14T09:42:10+07:00,ho-guom-plaza,0700,home_to_work,24.72,24.72,24.72,7.66,OK
2026-05-14T09:42:10+07:00,eco-green-city,0700,home_to_work,27.02,27.02,27.02,7.54,OK
2026-05-14T09:42:10+07:00,hateco-apollo,0700,home_to_work,32.72,32.72,32.72,13.38,OK
2026-05-14T09:42:10+07:00,iris-garden,0700,home_to_work,24.3,24.3,24.3,7.13,OK
2026-05-14T11:27:53+07:00,vinhomes-smart-city,0730,home_to_work,21.23,21.23,21.23,9.83,OK
2026-05-14T11:27:53+07:00,hd-mon-city,0730,home_to_work,17.96,17.96,17.96,4.91,OK
2026-05-14T11:27:53+07:00,my-dinh-pearl,0730,home_to_work,22.93,22.93,22.93,9.97,OK
2026-05-14T11:27:53+07:00,hoang-thanh-pearl,0730,home_to_work,29.62,29.62,29.62,10.68,OK
2026-05-14T11:27:53+07:00,mipec-riverside,0730,home_to_work,32.08,32.08,32.08,9.74,OK
2026-05-14T11:27:53+07:00,sunshine-riverside,0730,home_to_work,18.88,18.88,18.88,7.89,OK
2026-05-14T11:27:53+07:00,ho-guom-plaza,0730,home_to_work,21.49,21.49,21.49,7.27,OK
2026-05-14T11:27:53+07:00,eco-green-city,0730,home_to_work,23.13,23.13,23.13,7.54,OK
2026-05-14T11:27:53+07:00,hateco-apollo,0730,home_to_work,29.11,29.11,29.11,13.35,OK
2026-05-14T11:27:53+07:00,iris-garden,0730,home_to_work,23.99,23.99,23.99,7.13,OK
2026-05-14T19:10:31+07:00,vinhomes-smart-city,1730,work_to_home,22.52,22.52,22.52,9.3,OK
2026-05-14T19:10:31+07:00,hd-mon-city,1730,work_to_home,24.46,24.46,24.46,6.39,OK
2026-05-14T19:10:31+07:00,my-dinh-pearl,1730,work_to_home,26.46,26.46,26.46,8.9,OK
2026-05-14T19:10:31+07:00,hoang-thanh-pearl,1730,work_to_home,31.8,31.8,31.8,11.55,OK
2026-05-14T19:10:31+07:00,mipec-riverside,1730,work_to_home,33.9,33.9,33.9,9.69,OK
2026-05-14T19:10:31+07:00,sunshine-riverside,1730,work_to_home,22.43,22.43,22.43,8.48,OK
2026-05-14T19:10:31+07:00,ho-guom-plaza,1730,work_to_home,27.12,27.12,27.12,8.01,OK
2026-05-14T19:10:31+07:00,eco-green-city,1730,work_to_home,28.32,28.32,28.32,7.88,OK
2026-05-14T19:10:31+07:00,hateco-apollo,1730,work_to_home,31.52,31.52,31.52,12.82,OK
2026-05-14T19:10:31+07:00,iris-garden,1730,work_to_home,29.99,29.99,29.99,8.22,OK
2026-05-14T19:27:29+07:00,vinhomes-smart-city,1800,work_to_home,22.15,22.15,22.15,9.3,OK
2026-05-14T19:27:29+07:00,hd-mon-city,1800,work_to_home,22.56,22.56,22.56,6.46,OK
2026-05-14T19:27:29+07:00,my-dinh-pearl,1800,work_to_home,26.2,26.2,26.2,8.9,OK
2026-05-14T19:27:29+07:00,hoang-thanh-pearl,1800,work_to_home,31.64,31.64,31.64,11.55,OK
2026-05-14T19:27:29+07:00,mipec-riverside,1800,work_to_home,32.55,32.55,32.55,9.69,OK
2026-05-14T19:27:29+07:00,sunshine-riverside,1800,work_to_home,22.18,22.18,22.18,8.48,OK
2026-05-14T19:27:29+07:00,ho-guom-plaza,1800,work_to_home,26.34,26.34,26.34,7.82,OK
2026-05-14T19:27:29+07:00,eco-green-city,1800,work_to_home,25.7,25.7,25.7,7.88,OK
2026-05-14T19:27:29+07:00,hateco-apollo,1800,work_to_home,30.82,30.82,30.82,12.82,OK
2026-05-14T19:27:29+07:00,iris-garden,1800,work_to_home,28.47,28.47,28.47,8.22,OK
2026-05-15T09:42:19+07:00,vinhomes-smart-city,0700,home_to_work,24.71,24.71,24.71,9.86,OK
2026-05-15T09:42:19+07:00,hd-mon-city,0700,home_to_work,17.29,17.29,17.29,4.91,OK
2026-05-15T09:42:19+07:00,my-dinh-pearl,0700,home_to_work,24.56,24.56,24.56,7.15,OK
2026-05-15T09:42:19+07:00,hoang-thanh-pearl,0700,home_to_work,29.73,29.73,29.73,10.68,OK
2026-05-15T09:42:19+07:00,mipec-riverside,0700,home_to_work,31.64,31.64,31.64,9.74,OK
2026-05-15T09:42:19+07:00,sunshine-riverside,0700,home_to_work,18.43,18.43,18.43,7.89,OK
2026-05-15T09:42:19+07:00,ho-guom-plaza,0700,home_to_work,20.63,20.63,20.63,7.27,OK
2026-05-15T09:42:19+07:00,eco-green-city,0700,home_to_work,22.59,22.59,22.59,7.54,OK
2026-05-15T09:42:19+07:00,hateco-apollo,0700,home_to_work,32.74,32.74,32.74,13.38,OK
2026-05-15T09:42:19+07:00,iris-garden,0700,home_to_work,23.94,23.94,23.94,7.13,OK
2026-05-15T11:34:09+07:00,vinhomes-smart-city,0730,home_to_work,21.35,21.35,21.35,9.83,OK
2026-05-15T11:34:09+07:00,hd-mon-city,0730,home_to_work,16.82,16.82,16.82,4.91,OK
2026-05-15T11:34:09+07:00,my-dinh-pearl,0730,home_to_work,23.46,23.46,23.46,9.97,OK
2026-05-15T11:34:09+07:00,hoang-thanh-pearl,0730,home_to_work,28.08,28.08,28.08,12.24,OK
2026-05-15T11:34:09+07:00,mipec-riverside,0730,home_to_work,31.76,31.76,31.76,9.74,OK
2026-05-15T11:34:09+07:00,sunshine-riverside,0730,home_to_work,18.02,18.02,18.02,7.89,OK
2026-05-15T11:34:09+07:00,ho-guom-plaza,0730,home_to_work,21.32,21.32,21.32,7.27,OK
2026-05-15T11:34:09+07:00,eco-green-city,0730,home_to_work,23.79,23.79,23.79,7.54,OK
2026-05-15T11:34:09+07:00,hateco-apollo,0730,home_to_work,29.22,29.22,29.22,13.35,OK
2026-05-15T11:34:09+07:00,iris-garden,0730,home_to_work,23.0,23.0,23.0,7.13,OK
2026-05-15T19:16:28+07:00,vinhomes-smart-city,1730,work_to_home,19.86,19.86,19.86,9.3,OK
2026-05-15T19:16:28+07:00,hd-mon-city,1730,work_to_home,21.63,21.63,21.63,6.46,OK
2026-05-15T19:16:28+07:00,my-dinh-pearl,1730,work_to_home,23.45,23.45,23.45,8.9,OK
2026-05-15T19:16:28+07:00,hoang-thanh-pearl,1730,work_to_home,28.06,28.06,28.06,11.55,OK
2026-05-15T19:16:28+07:00,mipec-riverside,1730,work_to_home,32.67,32.67,32.67,9.69,OK
2026-05-15T19:16:28+07:00,sunshine-riverside,1730,work_to_home,21.37,21.37,21.37,8.48,OK
2026-05-15T19:16:28+07:00,ho-guom-plaza,1730,work_to_home,23.88,23.88,23.88,7.82,OK
2026-05-15T19:16:28+07:00,eco-green-city,1730,work_to_home,24.76,24.76,24.76,7.88,OK
2026-05-15T19:16:28+07:00,hateco-apollo,1730,work_to_home,28.47,28.47,28.47,12.82,OK
2026-05-15T19:16:28+07:00,iris-garden,1730,work_to_home,28.47,28.47,28.47,8.22,OK
2026-05-15T19:55:31+07:00,vinhomes-smart-city,1800,work_to_home,21.07,21.07,21.07,9.3,OK
2026-05-15T19:55:31+07:00,hd-mon-city,1800,work_to_home,23.18,23.18,23.18,6.46,OK
2026-05-15T19:55:31+07:00,my-dinh-pearl,1800,work_to_home,24.79,24.79,24.79,8.9,OK
2026-05-15T19:55:31+07:00,hoang-thanh-pearl,1800,work_to_home,29.14,29.14,29.14,11.55,OK
2026-05-15T19:55:31+07:00,mipec-riverside,1800,work_to_home,33.37,33.37,33.37,9.69,OK
2026-05-15T19:55:31+07:00,sunshine-riverside,1800,work_to_home,20.65,20.65,20.65,8.48,OK
2026-05-15T19:55:31+07:00,ho-guom-plaza,1800,work_to_home,25.02,25.02,25.02,8.01,OK
2026-05-15T19:55:31+07:00,eco-green-city,1800,work_to_home,26.5,26.5,26.5,7.88,OK
2026-05-15T19:55:31+07:00,hateco-apollo,1800,work_to_home,29.68,29.68,29.68,12.82,OK
2026-05-15T19:55:31+07:00,iris-garden,1800,work_to_home,29.02,29.02,29.02,8.22,OK
2026-05-16T09:31:52+07:00,vinhomes-smart-city,0700,home_to_work,21.3,21.3,21.3,9.83,OK
2026-05-16T09:31:52+07:00,hd-mon-city,0700,home_to_work,18.04,18.04,18.04,5.66,OK
2026-05-16T09:31:52+07:00,my-dinh-pearl,0700,home_to_work,23.09,23.09,23.09,9.04,OK
2026-05-16T09:31:52+07:00,hoang-thanh-pearl,0700,home_to_work,31.02,31.02,31.02,13.42,OK
2026-05-16T09:31:52+07:00,mipec-riverside,0700,home_to_work,31.27,31.27,31.27,9.59,OK
2026-05-16T09:31:52+07:00,sunshine-riverside,0700,home_to_work,19.84,19.84,19.84,7.9,OK
2026-05-16T09:31:52+07:00,ho-guom-plaza,0700,home_to_work,19.32,19.32,19.32,7.27,OK
2026-05-16T09:31:52+07:00,eco-green-city,0700,home_to_work,23.7,23.7,23.7,7.54,OK
2026-05-16T09:31:52+07:00,hateco-apollo,0700,home_to_work,30.46,30.46,30.46,13.35,OK
2026-05-16T09:31:52+07:00,iris-garden,0700,home_to_work,27.05,27.05,27.05,7.13,OK
2026-05-16T11:08:37+07:00,vinhomes-smart-city,0730,home_to_work,22.57,22.57,22.57,9.83,OK
2026-05-16T11:08:37+07:00,hd-mon-city,0730,home_to_work,18.2,18.2,18.2,5.66,OK
2026-05-16T11:08:37+07:00,my-dinh-pearl,0730,home_to_work,23.07,23.07,23.07,7.65,OK
2026-05-16T11:08:37+07:00,hoang-thanh-pearl,0730,home_to_work,26.87,26.87,26.87,9.91,OK
2026-05-16T11:08:37+07:00,mipec-riverside,0730,home_to_work,33.45,33.45,33.45,9.74,OK
2026-05-16T11:08:37+07:00,sunshine-riverside,0730,home_to_work,19.28,19.28,19.28,7.89,OK
2026-05-16T11:08:37+07:00,ho-guom-plaza,0730,home_to_work,21.19,21.19,21.19,7.27,OK
2026-05-16T11:08:37+07:00,eco-green-city,0730,home_to_work,25.25,25.25,25.25,7.54,OK
2026-05-16T11:08:37+07:00,hateco-apollo,0730,home_to_work,30.94,30.94,30.94,13.35,OK
2026-05-16T11:08:37+07:00,iris-garden,0730,home_to_work,27.29,27.29,27.29,7.13,OK
2026-05-16T18:30:01+07:00,vinhomes-smart-city,1730,work_to_home,19.62,19.62,19.62,9.3,OK
2026-05-16T18:30:01+07:00,hd-mon-city,1730,work_to_home,21.18,21.18,21.18,6.46,OK
2026-05-16T18:30:01+07:00,my-dinh-pearl,1730,work_to_home,22.87,22.87,22.87,8.9,OK
2026-05-16T18:30:01+07:00,hoang-thanh-pearl,1730,work_to_home,26.87,26.87,26.87,11.55,OK
2026-05-16T18:30:01+07:00,mipec-riverside,1730,work_to_home,32.95,32.95,32.95,9.69,OK
2026-05-16T18:30:01+07:00,sunshine-riverside,1730,work_to_home,20.82,20.82,20.82,8.48,OK
2026-05-16T18:30:01+07:00,ho-guom-plaza,1730,work_to_home,25.37,25.37,25.37,8.01,OK
2026-05-16T18:30:01+07:00,eco-green-city,1730,work_to_home,27.72,27.72,27.72,8.06,OK
2026-05-16T18:30:01+07:00,hateco-apollo,1730,work_to_home,27.51,27.51,27.51,12.82,OK
2026-05-16T18:30:01+07:00,iris-garden,1730,work_to_home,27.82,27.82,27.82,10.68,OK
2026-05-16T18:53:55+07:00,vinhomes-smart-city,1800,work_to_home,19.81,19.81,19.81,9.3,OK
2026-05-16T18:53:55+07:00,hd-mon-city,1800,work_to_home,20.19,20.19,20.19,6.46,OK
2026-05-16T18:53:55+07:00,my-dinh-pearl,1800,work_to_home,23.09,23.09,23.09,8.9,OK
2026-05-16T18:53:55+07:00,hoang-thanh-pearl,1800,work_to_home,27.24,27.24,27.24,11.55,OK
2026-05-16T18:53:55+07:00,mipec-riverside,1800,work_to_home,33.05,33.05,33.05,9.69,OK
2026-05-16T18:53:55+07:00,sunshine-riverside,1800,work_to_home,20.56,20.56,20.56,8.48,OK
2026-05-16T18:53:55+07:00,ho-guom-plaza,1800,work_to_home,24.79,24.79,24.79,7.82,OK
2026-05-16T18:53:55+07:00,eco-green-city,1800,work_to_home,25.89,25.89,25.89,7.88,OK
2026-05-16T18:53:55+07:00,hateco-apollo,1800,work_to_home,27.7,27.7,27.7,12.82,OK
2026-05-16T18:53:55+07:00,iris-garden,1800,work_to_home,27.05,27.05,27.05,10.68,OK
2026-05-17T09:39:39+07:00,vinhomes-smart-city,0700,home_to_work,20.76,20.76,20.76,9.87,OK
2026-05-17T09:39:39+07:00,hd-mon-city,0700,home_to_work,14.12,14.12,14.12,4.91,OK
2026-05-17T09:39:39+07:00,my-dinh-pearl,0700,home_to_work,20.84,20.84,20.84,9.04,OK
2026-05-17T09:39:39+07:00,hoang-thanh-pearl,0700,home_to_work,24.33,24.33,24.33,9.4,OK
2026-05-17T09:39:39+07:00,mipec-riverside,0700,home_to_work,32.04,32.04,32.04,9.59,OK
2026-05-17T09:39:39+07:00,sunshine-riverside,0700,home_to_work,17.93,17.93,17.93,7.89,OK
2026-05-17T09:39:39+07:00,ho-guom-plaza,0700,home_to_work,20.06,20.06,20.06,7.27,OK
2026-05-17T09:39:39+07:00,eco-green-city,0700,home_to_work,22.23,22.23,22.23,7.54,OK
2026-05-17T09:39:39+07:00,hateco-apollo,0700,home_to_work,28.73,28.73,28.73,13.35,OK
2026-05-17T09:39:39+07:00,iris-garden,0700,home_to_work,20.78,20.78,20.78,7.13,OK
2026-05-17T11:38:21+07:00,vinhomes-smart-city,0730,home_to_work,21.07,21.07,21.07,9.87,OK
2026-05-17T11:38:21+07:00,hd-mon-city,0730,home_to_work,15.93,15.93,15.93,4.91,OK
2026-05-17T11:38:21+07:00,my-dinh-pearl,0730,home_to_work,23.14,23.14,23.14,9.97,OK
2026-05-17T11:38:21+07:00,hoang-thanh-pearl,0730,home_to_work,27.52,27.52,27.52,12.24,OK
2026-05-17T11:38:21+07:00,mipec-riverside,0730,home_to_work,34.23,34.23,34.23,9.59,OK
2026-05-17T11:38:21+07:00,sunshine-riverside,0730,home_to_work,20.08,20.08,20.08,7.89,OK
2026-05-17T11:38:21+07:00,ho-guom-plaza,0730,home_to_work,20.44,20.44,20.44,7.27,OK
2026-05-17T11:38:21+07:00,eco-green-city,0730,home_to_work,21.95,21.95,21.95,7.54,OK
2026-05-17T11:38:21+07:00,hateco-apollo,0730,home_to_work,28.67,28.67,28.67,13.35,OK
2026-05-17T11:38:21+07:00,iris-garden,0730,home_to_work,21.87,21.87,21.87,7.13,OK
2026-05-17T18:36:58+07:00,vinhomes-smart-city,1730,work_to_home,19.74,19.74,19.74,9.34,OK
2026-05-17T18:36:58+07:00,hd-mon-city,1730,work_to_home,20.85,20.85,20.85,6.46,OK
2026-05-17T18:36:58+07:00,my-dinh-pearl,1730,work_to_home,22.16,22.16,22.16,8.9,OK
2026-05-17T18:36:58+07:00,hoang-thanh-pearl,1730,work_to_home,26.03,26.03,26.03,11.55,OK
2026-05-17T18:36:58+07:00,mipec-riverside,1730,work_to_home,32.84,32.84,32.84,9.69,OK
2026-05-17T18:36:58+07:00,sunshine-riverside,1730,work_to_home,20.63,20.63,20.63,8.48,OK
2026-05-17T18:36:58+07:00,ho-guom-plaza,1730,work_to_home,22.76,22.76,22.76,7.82,OK
2026-05-17T18:36:58+07:00,eco-green-city,1730,work_to_home,22.74,22.74,22.74,7.88,OK
2026-05-17T18:36:58+07:00,hateco-apollo,1730,work_to_home,27.27,27.27,27.27,12.82,OK
2026-05-17T18:36:58+07:00,iris-garden,1730,work_to_home,27.55,27.55,27.55,10.68,OK
2026-05-17T19:00:51+07:00,vinhomes-smart-city,1800,work_to_home,19.18,19.18,19.18,9.34,OK
2026-05-17T19:00:51+07:00,hd-mon-city,1800,work_to_home,20.35,20.35,20.35,6.46,OK
2026-05-17T19:00:51+07:00,my-dinh-pearl,1800,work_to_home,21.42,21.42,21.42,8.9,OK
2026-05-17T19:00:51+07:00,hoang-thanh-pearl,1800,work_to_home,25.41,25.41,25.41,11.55,OK
2026-05-17T19:00:51+07:00,mipec-riverside,1800,work_to_home,37.44,37.44,37.44,9.69,OK
2026-05-17T19:00:51+07:00,sunshine-riverside,1800,work_to_home,20.46,20.46,20.46,8.48,OK
2026-05-17T19:00:51+07:00,ho-guom-plaza,1800,work_to_home,22.26,22.26,22.26,7.82,OK
2026-05-17T19:00:51+07:00,eco-green-city,1800,work_to_home,22.3,22.3,22.3,7.88,OK
2026-05-17T19:00:51+07:00,hateco-apollo,1800,work_to_home,26.71,26.71,26.71,12.82,OK
2026-05-17T19:00:51+07:00,iris-garden,1800,work_to_home,27.32,27.32,27.32,8.22,OK
2026-05-18T09:50:13+07:00,vinhomes-smart-city,0700,home_to_work,24.4,24.4,24.4,9.87,OK
2026-05-18T09:50:13+07:00,hd-mon-city,0700,home_to_work,17.6,17.6,17.6,4.91,OK
2026-05-18T09:50:13+07:00,my-dinh-pearl,0700,home_to_work,23.44,23.44,23.44,7.61,OK
2026-05-18T09:50:13+07:00,hoang-thanh-pearl,0700,home_to_work,29.99,29.99,29.99,10.68,OK
2026-05-18T09:50:13+07:00,mipec-riverside,0700,home_to_work,32.57,32.57,32.57,9.74,OK
2026-05-18T09:50:13+07:00,sunshine-riverside,0700,home_to_work,18.25,18.25,18.25,7.89,OK
2026-05-18T09:50:13+07:00,ho-guom-plaza,0700,home_to_work,25.41,25.41,25.41,7.65,OK
2026-05-18T09:50:13+07:00,eco-green-city,0700,home_to_work,26.92,26.92,26.92,7.54,OK
2026-05-18T09:50:13+07:00,hateco-apollo,0700,home_to_work,32.04,32.04,32.04,13.35,OK
2026-05-18T09:50:13+07:00,iris-garden,0700,home_to_work,24.05,24.05,24.05,7.13,OK
2026-05-18T11:49:49+07:00,vinhomes-smart-city,0730,home_to_work,21.42,21.42,21.42,9.87,OK
2026-05-18T11:49:49+07:00,hd-mon-city,0730,home_to_work,17.52,17.52,17.52,4.91,OK
2026-05-18T11:49:49+07:00,my-dinh-pearl,0730,home_to_work,22.79,22.79,22.79,9.97,OK
2026-05-18T11:49:49+07:00,hoang-thanh-pearl,0730,home_to_work,27.41,27.41,27.41,12.24,OK
2026-05-18T11:49:49+07:00,mipec-riverside,0730,home_to_work,31.7,31.7,31.7,9.74,OK
2026-05-18T11:49:49+07:00,sunshine-riverside,0730,home_to_work,17.94,17.94,17.94,7.89,OK
2026-05-18T11:49:49+07:00,ho-guom-plaza,0730,home_to_work,20.63,20.63,20.63,7.27,OK
2026-05-18T11:49:49+07:00,eco-green-city,0730,home_to_work,22.46,22.46,22.46,7.54,OK
2026-05-18T11:49:49+07:00,hateco-apollo,0730,home_to_work,28.91,28.91,28.91,13.35,OK
2026-05-18T11:49:49+07:00,iris-garden,0730,home_to_work,23.24,23.24,23.24,7.13,OK
2026-05-18T21:04:24+07:00,vinhomes-smart-city,1730,work_to_home,19.16,19.16,19.16,9.34,OK
2026-05-18T21:04:24+07:00,hd-mon-city,1730,work_to_home,19.39,19.39,19.39,6.39,OK
2026-05-18T21:04:24+07:00,my-dinh-pearl,1730,work_to_home,23.24,23.24,23.24,9.84,OK
2026-05-18T21:04:24+07:00,hoang-thanh-pearl,1730,work_to_home,26.34,26.34,26.34,11.55,OK
2026-05-18T21:04:24+07:00,mipec-riverside,1730,work_to_home,32.92,32.92,32.92,9.69,OK
2026-05-18T21:04:24+07:00,sunshine-riverside,1730,work_to_home,20.35,20.35,20.35,8.48,OK
2026-05-18T21:04:24+07:00,ho-guom-plaza,1730,work_to_home,22.23,22.23,22.23,7.82,OK
2026-05-18T21:04:24+07:00,eco-green-city,1730,work_to_home,22.28,22.28,22.28,7.88,OK
2026-05-18T21:04:24+07:00,hateco-apollo,1730,work_to_home,27.61,27.61,27.61,12.82,OK
2026-05-18T21:04:24+07:00,iris-garden,1730,work_to_home,25.36,25.36,25.36,10.68,OK
2026-05-18T21:31:41+07:00,vinhomes-smart-city,1800,work_to_home,20.23,20.23,20.23,9.34,OK
2026-05-18T21:31:41+07:00,hd-mon-city,1800,work_to_home,19.74,19.74,19.74,6.46,OK
2026-05-18T21:31:41+07:00,my-dinh-pearl,1800,work_to_home,24.77,24.77,24.77,9.84,OK
2026-05-18T21:31:41+07:00,hoang-thanh-pearl,1800,work_to_home,27.65,27.65,27.65,11.55,OK
2026-05-18T21:31:41+07:00,mipec-riverside,1800,work_to_home,30.55,30.55,30.55,9.69,OK
2026-05-18T21:31:41+07:00,sunshine-riverside,1800,work_to_home,18.81,18.81,18.81,8.48,OK
2026-05-18T21:31:41+07:00,ho-guom-plaza,1800,work_to_home,22.07,22.07,22.07,7.82,OK
2026-05-18T21:31:41+07:00,eco-green-city,1800,work_to_home,22.48,22.48,22.48,7.88,OK
2026-05-18T21:31:41+07:00,hateco-apollo,1800,work_to_home,28.0,28.0,28.0,12.82,OK
2026-05-18T21:31:41+07:00,iris-garden,1800,work_to_home,26.27,26.27,26.27,10.68,OK
2026-05-19T09:46:54+07:00,vinhomes-smart-city,0700,home_to_work,22.46,22.46,22.46,9.87,OK
2026-05-19T09:46:54+07:00,hd-mon-city,0700,home_to_work,18.09,18.09,18.09,4.91,OK
2026-05-19T09:46:54+07:00,my-dinh-pearl,0700,home_to_work,22.55,22.55,22.55,7.15,OK
2026-05-19T09:46:54+07:00,hoang-thanh-pearl,0700,home_to_work,29.21,29.21,29.21,12.24,OK
2026-05-19T09:46:54+07:00,mipec-riverside,0700,home_to_work,31.73,31.73,31.73,9.74,OK
2026-05-19T09:46:54+07:00,sunshine-riverside,0700,home_to_work,18.7,18.7,18.7,7.89,OK
2026-05-19T09:46:54+07:00,ho-guom-plaza,0700,home_to_work,20.87,20.87,20.87,7.27,OK
2026-05-19T09:46:54+07:00,eco-green-city,0700,home_to_work,22.68,22.68,22.68,7.54,OK
2026-05-19T09:46:54+07:00,hateco-apollo,0700,home_to_work,30.1,30.1,30.1,13.35,OK
2026-05-19T09:46:54+07:00,iris-garden,0700,home_to_work,23.36,23.36,23.36,7.13,OK
2026-05-19T11:41:05+07:00,vinhomes-smart-city,0730,home_to_work,21.28,21.28,21.28,9.87,OK
2026-05-19T11:41:05+07:00,hd-mon-city,0730,home_to_work,16.64,16.64,16.64,4.91,OK
2026-05-19T11:41:05+07:00,my-dinh-pearl,0730,home_to_work,22.13,22.13,22.13,9.97,OK
2026-05-19T11:41:05+07:00,hoang-thanh-pearl,0730,home_to_work,26.7,26.7,26.7,12.24,OK
2026-05-19T11:41:05+07:00,mipec-riverside,0730,home_to_work,31.83,31.83,31.83,9.74,OK
2026-05-19T11:41:05+07:00,sunshine-riverside,0730,home_to_work,17.93,17.93,17.93,7.89,OK
2026-05-19T11:41:05+07:00,ho-guom-plaza,0730,home_to_work,18.04,18.04,18.04,7.27,OK
2026-05-19T11:41:05+07:00,eco-green-city,0730,home_to_work,19.68,19.68,19.68,7.54,OK
2026-05-19T11:41:05+07:00,hateco-apollo,0730,home_to_work,28.77,28.77,28.77,13.35,OK
2026-05-19T11:41:05+07:00,iris-garden,0730,home_to_work,22.09,22.09,22.09,7.13,OK
2026-05-19T20:39:25+07:00,vinhomes-smart-city,1730,work_to_home,19.13,19.13,19.13,9.34,OK
2026-05-19T20:39:25+07:00,hd-mon-city,1730,work_to_home,20.11,20.11,20.11,6.46,OK
2026-05-19T20:39:25+07:00,my-dinh-pearl,1730,work_to_home,21.96,21.96,21.96,9.84,OK
2026-05-19T20:39:25+07:00,hoang-thanh-pearl,1730,work_to_home,25.13,25.13,25.13,11.55,OK
2026-05-19T20:39:25+07:00,mipec-riverside,1730,work_to_home,31.05,31.05,31.05,9.69,OK
2026-05-19T20:39:25+07:00,sunshine-riverside,1730,work_to_home,19.73,19.73,19.73,8.48,OK
2026-05-19T20:39:25+07:00,ho-guom-plaza,1730,work_to_home,21.35,21.35,21.35,7.82,OK
2026-05-19T20:39:25+07:00,eco-green-city,1730,work_to_home,22.47,22.47,22.47,7.88,OK
2026-05-19T20:39:25+07:00,hateco-apollo,1730,work_to_home,27.03,27.03,27.03,12.82,OK
2026-05-19T20:39:25+07:00,iris-garden,1730,work_to_home,25.56,25.56,25.56,10.68,OK
2026-05-19T20:56:35+07:00,vinhomes-smart-city,1800,work_to_home,18.71,18.71,18.71,9.34,OK
2026-05-19T20:56:35+07:00,hd-mon-city,1800,work_to_home,19.34,19.34,19.34,6.46,OK
2026-05-19T20:56:35+07:00,my-dinh-pearl,1800,work_to_home,21.89,21.89,21.89,9.84,OK
2026-05-19T20:56:35+07:00,hoang-thanh-pearl,1800,work_to_home,25.06,25.06,25.06,11.55,OK
2026-05-19T20:56:35+07:00,mipec-riverside,1800,work_to_home,30.52,30.52,30.52,9.69,OK
2026-05-19T20:56:35+07:00,sunshine-riverside,1800,work_to_home,19.57,19.57,19.57,8.48,OK
2026-05-19T20:56:35+07:00,ho-guom-plaza,1800,work_to_home,21.27,21.27,21.27,7.82,OK
2026-05-19T20:56:35+07:00,eco-green-city,1800,work_to_home,21.82,21.82,21.82,7.88,OK
2026-05-19T20:56:35+07:00,hateco-apollo,1800,work_to_home,26.61,26.61,26.61,12.82,OK
2026-05-19T20:56:35+07:00,iris-garden,1800,work_to_home,24.53,24.53,24.53,10.68,OK
2026-05-20T09:47:29+07:00,vinhomes-smart-city,0700,home_to_work,23.76,23.76,23.76,9.87,OK
2026-05-20T09:47:29+07:00,hd-mon-city,0700,home_to_work,17.16,17.16,17.16,4.91,OK
2026-05-20T09:47:29+07:00,my-dinh-pearl,0700,home_to_work,22.63,22.63,22.63,7.15,OK
2026-05-20T09:47:29+07:00,hoang-thanh-pearl,0700,home_to_work,28.79,28.79,28.79,10.68,OK
2026-05-20T09:47:29+07:00,mipec-riverside,0700,home_to_work,31.69,31.69,31.69,9.74,OK
2026-05-20T09:47:29+07:00,sunshine-riverside,0700,home_to_work,18.4,18.4,18.4,7.9,OK
2026-05-20T09:47:29+07:00,ho-guom-plaza,0700,home_to_work,22.65,22.65,22.65,7.27,OK
2026-05-20T09:47:29+07:00,eco-green-city,0700,home_to_work,26.25,26.25,26.25,7.54,OK
2026-05-20T09:47:29+07:00,hateco-apollo,0700,home_to_work,31.4,31.4,31.4,13.35,OK
2026-05-20T09:47:29+07:00,iris-garden,0700,home_to_work,22.92,22.92,22.92,7.13,OK
2026-05-20T11:45:01+07:00,vinhomes-smart-city,0730,home_to_work,21.4,21.4,21.4,9.87,OK
2026-05-20T11:45:01+07:00,hd-mon-city,0730,home_to_work,16.3,16.3,16.3,4.91,OK
2026-05-20T11:45:01+07:00,my-dinh-pearl,0730,home_to_work,22.16,22.16,22.16,9.97,OK
2026-05-20T11:45:01+07:00,hoang-thanh-pearl,0730,home_to_work,26.56,26.56,26.56,12.24,OK
2026-05-20T11:45:01+07:00,mipec-riverside,0730,home_to_work,30.63,30.63,30.63,9.74,OK
2026-05-20T11:45:01+07:00,sunshine-riverside,0730,home_to_work,17.08,17.08,17.08,7.89,OK
2026-05-20T11:45:01+07:00,ho-guom-plaza,0730,home_to_work,21.56,21.56,21.56,7.27,OK
2026-05-20T11:45:01+07:00,eco-green-city,0730,home_to_work,22.34,22.34,22.34,7.54,OK
2026-05-20T11:45:01+07:00,hateco-apollo,0730,home_to_work,28.89,28.89,28.89,13.35,OK
2026-05-20T11:45:01+07:00,iris-garden,0730,home_to_work,22.13,22.13,22.13,7.13,OK
2026-05-20T19:41:15+07:00,vinhomes-smart-city,1730,work_to_home,21.49,21.49,21.49,9.34,OK
2026-05-20T19:41:15+07:00,hd-mon-city,1730,work_to_home,21.04,21.04,21.04,6.46,OK
2026-05-20T19:41:15+07:00,my-dinh-pearl,1730,work_to_home,24.07,24.07,24.07,8.9,OK
2026-05-20T19:41:15+07:00,hoang-thanh-pearl,1730,work_to_home,28.68,28.68,28.68,11.55,OK
2026-05-20T19:41:15+07:00,mipec-riverside,1730,work_to_home,32.9,32.9,32.9,9.69,OK
2026-05-20T19:41:15+07:00,sunshine-riverside,1730,work_to_home,21.14,21.14,21.14,8.48,OK
2026-05-20T19:41:15+07:00,ho-guom-plaza,1730,work_to_home,24.46,24.46,24.46,8.01,OK
2026-05-20T19:41:15+07:00,eco-green-city,1730,work_to_home,24.26,24.26,24.26,7.88,OK
2026-05-20T19:41:15+07:00,hateco-apollo,1730,work_to_home,29.89,29.89,29.89,12.82,OK
2026-05-20T19:41:15+07:00,iris-garden,1730,work_to_home,28.3,28.3,28.3,10.68,OK
2026-05-20T20:41:43+07:00,vinhomes-smart-city,1800,work_to_home,18.23,18.23,18.23,9.34,OK
2026-05-20T20:41:43+07:00,hd-mon-city,1800,work_to_home,19.67,19.67,19.67,6.46,OK
2026-05-20T20:41:43+07:00,my-dinh-pearl,1800,work_to_home,21.58,21.58,21.58,9.84,OK
2026-05-20T20:41:43+07:00,hoang-thanh-pearl,1800,work_to_home,25.07,25.07,25.07,11.55,OK
2026-05-20T20:41:43+07:00,mipec-riverside,1800,work_to_home,31.82,31.82,31.82,9.69,OK
2026-05-20T20:41:43+07:00,sunshine-riverside,1800,work_to_home,20.72,20.72,20.72,8.56,OK
2026-05-20T20:41:43+07:00,ho-guom-plaza,1800,work_to_home,20.2,20.2,20.2,7.82,OK
2026-05-20T20:41:43+07:00,eco-green-city,1800,work_to_home,19.7,19.7,19.7,7.88,OK
2026-05-20T20:41:43+07:00,hateco-apollo,1800,work_to_home,26.13,26.13,26.13,12.82,OK
2026-05-20T20:41:43+07:00,iris-garden,1800,work_to_home,25.98,25.98,25.98,10.68,OK
2026-05-21T09:50:43+07:00,vinhomes-smart-city,0700,home_to_work,23.76,23.76,23.76,9.87,OK
2026-05-21T09:50:43+07:00,hd-mon-city,0700,home_to_work,15.55,15.55,15.55,4.91,OK
2026-05-21T09:50:43+07:00,my-dinh-pearl,0700,home_to_work,21.52,21.52,21.52,7.15,OK
2026-05-21T09:50:43+07:00,hoang-thanh-pearl,0700,home_to_work,27.05,27.05,27.05,10.68,OK
2026-05-21T09:50:43+07:00,mipec-riverside,0700,home_to_work,32.31,32.31,32.31,9.74,OK
2026-05-21T09:50:43+07:00,sunshine-riverside,0700,home_to_work,18.1,18.1,18.1,7.89,OK
2026-05-21T09:50:43+07:00,ho-guom-plaza,0700,home_to_work,24.05,24.05,24.05,7.66,OK
2026-05-21T09:50:43+07:00,eco-green-city,0700,home_to_work,25.64,25.64,25.64,7.54,OK
2026-05-21T09:50:43+07:00,hateco-apollo,0700,home_to_work,31.47,31.47,31.47,13.35,OK
2026-05-21T09:50:43+07:00,iris-garden,0700,home_to_work,21.27,21.27,21.27,7.13,OK
2026-05-21T11:52:04+07:00,vinhomes-smart-city,0730,home_to_work,20.37,20.37,20.37,9.87,OK
2026-05-21T11:52:04+07:00,hd-mon-city,0730,home_to_work,16.18,16.18,16.18,4.91,OK
2026-05-21T11:52:04+07:00,my-dinh-pearl,0730,home_to_work,21.35,21.35,21.35,9.97,OK
2026-05-21T11:52:04+07:00,hoang-thanh-pearl,0730,home_to_work,25.92,25.92,25.92,12.24,OK
2026-05-21T11:52:04+07:00,mipec-riverside,0730,home_to_work,31.09,31.09,31.09,9.74,OK
2026-05-21T11:52:04+07:00,sunshine-riverside,0730,home_to_work,17.8,17.8,17.8,7.89,OK
2026-05-21T11:52:04+07:00,ho-guom-plaza,0730,home_to_work,20.18,20.18,20.18,7.27,OK
2026-05-21T11:52:04+07:00,eco-green-city,0730,home_to_work,21.93,21.93,21.93,7.54,OK
2026-05-21T11:52:04+07:00,hateco-apollo,0730,home_to_work,27.85,27.85,27.85,13.35,OK
2026-05-21T11:52:04+07:00,iris-garden,0730,home_to_work,22.21,22.21,22.21,7.13,OK
2026-05-21T20:42:08+07:00,vinhomes-smart-city,1730,work_to_home,18.6,18.6,18.6,9.34,OK
2026-05-21T20:42:08+07:00,hd-mon-city,1730,work_to_home,19.7,19.7,19.7,6.46,OK
2026-05-21T20:42:08+07:00,my-dinh-pearl,1730,work_to_home,22.25,22.25,22.25,9.84,OK
2026-05-21T20:42:08+07:00,hoang-thanh-pearl,1730,work_to_home,25.25,25.25,25.25,11.55,OK
2026-05-21T20:42:08+07:00,mipec-riverside,1730,work_to_home,32.49,32.49,32.49,9.69,OK
2026-05-21T20:42:08+07:00,sunshine-riverside,1730,work_to_home,20.11,20.11,20.11,8.48,OK
2026-05-21T20:42:08+07:00,ho-guom-plaza,1730,work_to_home,19.93,19.93,19.93,7.82,OK
2026-05-21T20:42:08+07:00,eco-green-city,1730,work_to_home,21.11,21.11,21.11,7.88,OK
2026-05-21T20:42:08+07:00,hateco-apollo,1730,work_to_home,26.5,26.5,26.5,12.82,OK
2026-05-21T20:42:08+07:00,iris-garden,1730,work_to_home,24.86,24.86,24.86,10.68,OK
2026-05-21T21:15:35+07:00,vinhomes-smart-city,1800,work_to_home,19.08,19.08,19.08,9.34,OK
2026-05-21T21:15:35+07:00,hd-mon-city,1800,work_to_home,19.24,19.24,19.24,6.46,OK
2026-05-21T21:15:35+07:00,my-dinh-pearl,1800,work_to_home,21.58,21.58,21.58,9.84,OK
2026-05-21T21:15:35+07:00,hoang-thanh-pearl,1800,work_to_home,24.69,24.69,24.69,11.55,OK
2026-05-21T21:15:35+07:00,mipec-riverside,1800,work_to_home,31.17,31.17,31.17,9.69,OK
2026-05-21T21:15:35+07:00,sunshine-riverside,1800,work_to_home,18.74,18.74,18.74,8.48,OK
2026-05-21T21:15:35+07:00,ho-guom-plaza,1800,work_to_home,21.0,21.0,21.0,8.23,OK
2026-05-21T21:15:35+07:00,eco-green-city,1800,work_to_home,21.76,21.76,21.76,8.49,OK
2026-05-21T21:15:35+07:00,hateco-apollo,1800,work_to_home,26.72,26.72,26.72,12.82,OK
2026-05-21T21:15:35+07:00,iris-garden,1800,work_to_home,25.5,25.5,25.5,10.68,OK
2026-05-22T09:50:54+07:00,vinhomes-smart-city,0700,home_to_work,21.01,21.01,21.01,9.87,OK
2026-05-22T09:50:54+07:00,hd-mon-city,0700,home_to_work,16.15,16.15,16.15,4.91,OK
2026-05-22T09:50:54+07:00,my-dinh-pearl,0700,home_to_work,23.15,23.15,23.15,7.15,OK
2026-05-22T09:50:54+07:00,hoang-thanh-pearl,0700,home_to_work,27.79,27.79,27.79,10.68,OK
2026-05-22T09:50:54+07:00,mipec-riverside,0700,home_to_work,32.56,32.56,32.56,9.59,OK
2026-05-22T09:50:54+07:00,sunshine-riverside,0700,home_to_work,19.8,19.8,19.8,7.89,OK
2026-05-22T09:50:54+07:00,ho-guom-plaza,0700,home_to_work,20.97,20.97,20.97,7.27,OK
2026-05-22T09:50:54+07:00,eco-green-city,0700,home_to_work,23.01,23.01,23.01,7.54,OK
2026-05-22T09:50:54+07:00,hateco-apollo,0700,home_to_work,28.67,28.67,28.67,13.35,OK
2026-05-22T09:50:54+07:00,iris-garden,0700,home_to_work,21.57,21.57,21.57,7.13,OK
2026-05-22T11:43:32+07:00,vinhomes-smart-city,0730,home_to_work,20.2,20.2,20.2,9.87,OK
2026-05-22T11:43:32+07:00,hd-mon-city,0730,home_to_work,16.12,16.12,16.12,4.91,OK
2026-05-22T11:43:32+07:00,my-dinh-pearl,0730,home_to_work,23.18,23.18,23.18,9.97,OK
2026-05-22T11:43:32+07:00,hoang-thanh-pearl,0730,home_to_work,27.12,27.12,27.12,12.24,OK
2026-05-22T11:43:32+07:00,mipec-riverside,0730,home_to_work,31.62,31.62,31.62,9.59,OK
2026-05-22T11:43:32+07:00,sunshine-riverside,0730,home_to_work,18.5,18.5,18.5,7.89,OK
2026-05-22T11:43:32+07:00,ho-guom-plaza,0730,home_to_work,18.52,18.52,18.52,7.27,OK
2026-05-22T11:43:32+07:00,eco-green-city,0730,home_to_work,20.5,20.5,20.5,7.54,OK
2026-05-22T11:43:32+07:00,hateco-apollo,0730,home_to_work,27.66,27.66,27.66,13.35,OK
2026-05-22T11:43:32+07:00,iris-garden,0730,home_to_work,22.6,22.6,22.6,7.13,OK
2026-05-22T19:37:18+07:00,vinhomes-smart-city,1730,work_to_home,22.99,22.99,22.99,9.34,OK
2026-05-22T19:37:18+07:00,hd-mon-city,1730,work_to_home,21.49,21.49,21.49,6.46,OK
2026-05-22T19:37:18+07:00,my-dinh-pearl,1730,work_to_home,26.02,26.02,26.02,8.9,OK
2026-05-22T19:37:18+07:00,hoang-thanh-pearl,1730,work_to_home,32.75,32.75,32.75,11.55,OK
2026-05-22T19:37:18+07:00,mipec-riverside,1730,work_to_home,32.58,32.58,32.58,9.69,OK
2026-05-22T19:37:18+07:00,sunshine-riverside,1730,work_to_home,21.46,21.46,21.46,8.56,OK
2026-05-22T19:37:18+07:00,ho-guom-plaza,1730,work_to_home,27.43,27.43,27.43,9.13,OK
2026-05-22T19:37:18+07:00,eco-green-city,1730,work_to_home,27.48,27.48,27.48,9.19,OK
2026-05-22T19:37:18+07:00,hateco-apollo,1730,work_to_home,30.92,30.92,30.92,12.82,OK
2026-05-22T19:37:18+07:00,iris-garden,1730,work_to_home,27.43,27.43,27.43,8.22,OK
2026-05-22T20:33:10+07:00,vinhomes-smart-city,1800,work_to_home,19.13,19.13,19.13,9.34,OK
2026-05-22T20:33:10+07:00,hd-mon-city,1800,work_to_home,20.55,20.55,20.55,6.46,OK
2026-05-22T20:33:10+07:00,my-dinh-pearl,1800,work_to_home,21.3,21.3,21.3,8.9,OK
2026-05-22T20:33:10+07:00,hoang-thanh-pearl,1800,work_to_home,25.41,25.41,25.41,11.55,OK
2026-05-22T20:33:10+07:00,mipec-riverside,1800,work_to_home,32.42,32.42,32.42,9.69,OK
2026-05-22T20:33:10+07:00,sunshine-riverside,1800,work_to_home,21.03,21.03,21.03,8.48,OK
2026-05-22T20:33:10+07:00,ho-guom-plaza,1800,work_to_home,21.88,21.88,21.88,7.85,OK
2026-05-22T20:33:10+07:00,eco-green-city,1800,work_to_home,22.12,22.12,22.12,7.91,OK
2026-05-22T20:33:10+07:00,hateco-apollo,1800,work_to_home,26.72,26.72,26.72,12.82,OK
2026-05-22T20:33:10+07:00,iris-garden,1800,work_to_home,25.7,25.7,25.7,8.22,OK
2026-05-23T09:35:53+07:00,vinhomes-smart-city,0700,home_to_work,21.62,21.62,21.62,9.87,OK
2026-05-23T09:35:53+07:00,hd-mon-city,0700,home_to_work,15.87,15.87,15.87,4.91,OK
2026-05-23T09:35:53+07:00,my-dinh-pearl,0700,home_to_work,22.11,22.11,22.11,9.04,OK
2026-05-23T09:35:53+07:00,hoang-thanh-pearl,0700,home_to_work,27.26,27.26,27.26,8.82,OK
2026-05-23T09:35:53+07:00,mipec-riverside,0700,home_to_work,32.57,32.57,32.57,9.59,OK
2026-05-23T09:35:53+07:00,sunshine-riverside,0700,home_to_work,18.5,18.5,18.5,7.89,OK
2026-05-23T09:35:53+07:00,ho-guom-plaza,0700,home_to_work,20.21,20.21,20.21,7.27,OK
2026-05-23T09:35:53+07:00,eco-green-city,0700,home_to_work,22.71,22.71,22.71,7.54,OK
2026-05-23T09:35:53+07:00,hateco-apollo,0700,home_to_work,29.46,29.46,29.46,13.35,OK
2026-05-23T09:35:53+07:00,iris-garden,0700,home_to_work,23.12,23.12,23.12,7.13,OK
2026-05-23T11:23:39+07:00,vinhomes-smart-city,0730,home_to_work,24.5,24.5,24.5,9.87,OK
2026-05-23T11:23:39+07:00,hd-mon-city,0730,home_to_work,16.77,16.77,16.77,4.91,OK
2026-05-23T11:23:39+07:00,my-dinh-pearl,0730,home_to_work,22.4,22.4,22.4,7.65,OK
2026-05-23T11:23:39+07:00,hoang-thanh-pearl,0730,home_to_work,26.66,26.66,26.66,9.91,OK
2026-05-23T11:23:39+07:00,mipec-riverside,0730,home_to_work,31.07,31.07,31.07,9.74,OK
2026-05-23T11:23:39+07:00,sunshine-riverside,0730,home_to_work,18.57,18.57,18.57,7.89,OK
2026-05-23T11:23:39+07:00,ho-guom-plaza,0730,home_to_work,22.36,22.36,22.36,7.27,OK
2026-05-23T11:23:39+07:00,eco-green-city,0730,home_to_work,25.69,25.69,25.69,7.54,OK
2026-05-23T11:23:39+07:00,hateco-apollo,0730,home_to_work,30.26,30.26,30.26,10.06,OK
2026-05-23T11:23:39+07:00,iris-garden,0730,home_to_work,22.75,22.75,22.75,7.13,OK
2026-05-23T18:39:51+07:00,vinhomes-smart-city,1730,work_to_home,19.08,19.08,19.08,9.34,OK
2026-05-23T18:39:51+07:00,hd-mon-city,1730,work_to_home,19.94,19.94,19.94,6.46,OK
2026-05-23T18:39:51+07:00,my-dinh-pearl,1730,work_to_home,21.58,21.58,21.58,8.9,OK
2026-05-23T18:39:51+07:00,hoang-thanh-pearl,1730,work_to_home,26.73,26.73,26.73,11.55,OK
2026-05-23T18:39:51+07:00,mipec-riverside,1730,work_to_home,32.8,32.8,32.8,9.69,OK
2026-05-23T18:39:51+07:00,sunshine-riverside,1730,work_to_home,22.05,22.05,22.05,8.56,OK
2026-05-23T18:39:51+07:00,ho-guom-plaza,1730,work_to_home,22.27,22.27,22.27,7.84,OK
2026-05-23T18:39:51+07:00,eco-green-city,1730,work_to_home,22.94,22.94,22.94,7.9,OK
2026-05-23T18:39:51+07:00,hateco-apollo,1730,work_to_home,27.69,27.69,27.69,12.82,OK
2026-05-23T18:39:51+07:00,iris-garden,1730,work_to_home,26.19,26.19,26.19,8.22,OK
2026-05-23T19:01:15+07:00,vinhomes-smart-city,1800,work_to_home,18.47,18.47,18.47,9.34,OK
2026-05-23T19:01:15+07:00,hd-mon-city,1800,work_to_home,17.69,17.69,17.69,6.46,OK
2026-05-23T19:01:15+07:00,my-dinh-pearl,1800,work_to_home,20.57,20.57,20.57,8.9,OK
2026-05-23T19:01:15+07:00,hoang-thanh-pearl,1800,work_to_home,26.0,26.0,26.0,11.55,OK
2026-05-23T19:01:15+07:00,mipec-riverside,1800,work_to_home,33.04,33.04,33.04,9.69,OK
2026-05-23T19:01:15+07:00,sunshine-riverside,1800,work_to_home,19.87,19.87,19.87,8.56,OK
2026-05-23T19:01:15+07:00,ho-guom-plaza,1800,work_to_home,21.92,21.92,21.92,7.82,OK
2026-05-23T19:01:15+07:00,eco-green-city,1800,work_to_home,22.03,22.03,22.03,7.88,OK
2026-05-23T19:01:15+07:00,hateco-apollo,1800,work_to_home,27.08,27.08,27.08,12.82,OK
2026-05-23T19:01:15+07:00,iris-garden,1800,work_to_home,25.68,25.68,25.68,10.68,OK
2026-05-24T09:47:18+07:00,vinhomes-smart-city,0700,home_to_work,19.49,19.49,19.49,9.87,OK
2026-05-24T09:47:18+07:00,hd-mon-city,0700,home_to_work,15.1,15.1,15.1,4.91,OK
2026-05-24T09:47:18+07:00,my-dinh-pearl,0700,home_to_work,22.52,22.52,22.52,9.97,OK
2026-05-24T09:47:18+07:00,hoang-thanh-pearl,0700,home_to_work,27.12,27.12,27.12,10.68,OK
2026-05-24T09:47:18+07:00,mipec-riverside,0700,home_to_work,32.95,32.95,32.95,9.59,OK
2026-05-24T09:47:18+07:00,sunshine-riverside,0700,home_to_work,19.03,19.03,19.03,7.89,OK
2026-05-24T09:47:18+07:00,ho-guom-plaza,0700,home_to_work,18.1,18.1,18.1,7.27,OK
2026-05-24T09:47:18+07:00,eco-green-city,0700,home_to_work,21.41,21.41,21.41,8.7,OK
2026-05-24T09:47:18+07:00,hateco-apollo,0700,home_to_work,27.33,27.33,27.33,13.35,OK
2026-05-24T09:47:18+07:00,iris-garden,0700,home_to_work,20.66,20.66,20.66,7.13,OK
2026-05-24T11:47:03+07:00,vinhomes-smart-city,0730,home_to_work,20.66,20.66,20.66,9.87,OK
2026-05-24T11:47:03+07:00,hd-mon-city,0730,home_to_work,14.91,14.91,14.91,4.91,OK
2026-05-24T11:47:03+07:00,my-dinh-pearl,0730,home_to_work,20.86,20.86,20.86,7.15,OK
2026-05-24T11:47:03+07:00,hoang-thanh-pearl,0730,home_to_work,27.72,27.72,27.72,10.68,OK
2026-05-24T11:47:03+07:00,mipec-riverside,0730,home_to_work,30.84,30.84,30.84,9.59,OK
2026-05-24T11:47:03+07:00,sunshine-riverside,0730,home_to_work,18.27,18.27,18.27,7.89,OK
2026-05-24T11:47:03+07:00,ho-guom-plaza,0730,home_to_work,18.61,18.61,18.61,7.27,OK
2026-05-24T11:47:03+07:00,eco-green-city,0730,home_to_work,19.81,19.81,19.81,7.54,OK
2026-05-24T11:47:03+07:00,hateco-apollo,0730,home_to_work,28.62,28.62,28.62,13.35,OK
2026-05-24T11:47:03+07:00,iris-garden,0730,home_to_work,21.68,21.68,21.68,7.13,OK
2026-05-24T18:47:02+07:00,vinhomes-smart-city,1730,work_to_home,19.28,19.28,19.28,9.34,OK
2026-05-24T18:47:02+07:00,hd-mon-city,1730,work_to_home,19.99,19.99,19.99,6.46,OK
2026-05-24T18:47:02+07:00,my-dinh-pearl,1730,work_to_home,21.79,21.79,21.79,8.9,OK
2026-05-24T18:47:02+07:00,hoang-thanh-pearl,1730,work_to_home,27.13,27.13,27.13,11.55,OK
2026-05-24T18:47:02+07:00,mipec-riverside,1730,work_to_home,32.9,32.9,32.9,9.69,OK
2026-05-24T18:47:02+07:00,sunshine-riverside,1730,work_to_home,20.9,20.9,20.9,8.56,OK
2026-05-24T18:47:02+07:00,ho-guom-plaza,1730,work_to_home,21.96,21.96,21.96,7.82,OK
2026-05-24T18:47:02+07:00,eco-green-city,1730,work_to_home,22.62,22.62,22.62,7.88,OK
2026-05-24T18:47:02+07:00,hateco-apollo,1730,work_to_home,27.89,27.89,27.89,12.82,OK
2026-05-24T18:47:02+07:00,iris-garden,1730,work_to_home,25.48,25.48,25.48,8.22,OK
2026-05-24T19:01:51+07:00,vinhomes-smart-city,1800,work_to_home,19.36,19.36,19.36,9.34,OK
2026-05-24T19:01:51+07:00,hd-mon-city,1800,work_to_home,19.79,19.79,19.79,6.46,OK
2026-05-24T19:01:51+07:00,my-dinh-pearl,1800,work_to_home,21.99,21.99,21.99,8.9,OK
2026-05-24T19:01:51+07:00,hoang-thanh-pearl,1800,work_to_home,27.34,27.34,27.34,11.55,OK
2026-05-24T19:01:51+07:00,mipec-riverside,1800,work_to_home,32.31,32.31,32.31,9.69,OK
2026-05-24T19:01:51+07:00,sunshine-riverside,1800,work_to_home,20.38,20.38,20.38,8.56,OK
2026-05-24T19:01:51+07:00,ho-guom-plaza,1800,work_to_home,21.97,21.97,21.97,7.82,OK
2026-05-24T19:01:51+07:00,eco-green-city,1800,work_to_home,23.55,23.55,23.55,7.88,OK
2026-05-24T19:01:51+07:00,hateco-apollo,1800,work_to_home,27.96,27.96,27.96,12.82,OK
2026-05-24T19:01:51+07:00,iris-garden,1800,work_to_home,25.72,25.72,25.72,8.22,OK
2026-05-25T09:55:55+07:00,vinhomes-smart-city,0700,home_to_work,21.18,21.18,21.18,9.87,OK
2026-05-25T09:55:55+07:00,hd-mon-city,0700,home_to_work,17.35,17.35,17.35,4.91,OK
2026-05-25T09:55:55+07:00,my-dinh-pearl,0700,home_to_work,22.08,22.08,22.08,9.04,OK
2026-05-25T09:55:55+07:00,hoang-thanh-pearl,0700,home_to_work,28.02,28.02,28.02,12.24,OK
2026-05-25T09:55:55+07:00,mipec-riverside,0700,home_to_work,32.41,32.41,32.41,9.74,OK
2026-05-25T09:55:55+07:00,sunshine-riverside,0700,home_to_work,18.57,18.57,18.57,7.89,OK
2026-05-25T09:55:55+07:00,ho-guom-plaza,0700,home_to_work,22.12,22.12,22.12,7.27,OK
2026-05-25T09:55:55+07:00,eco-green-city,0700,home_to_work,28.12,28.12,28.12,7.54,OK
2026-05-25T09:55:55+07:00,hateco-apollo,0700,home_to_work,28.84,28.84,28.84,13.35,OK
2026-05-25T09:55:55+07:00,iris-garden,0700,home_to_work,23.27,23.27,23.27,7.13,OK
2026-05-25T12:02:17+07:00,vinhomes-smart-city,0730,home_to_work,20.18,20.18,20.18,9.87,OK
2026-05-25T12:02:17+07:00,hd-mon-city,0730,home_to_work,16.5,16.5,16.5,4.91,OK
2026-05-25T12:02:17+07:00,my-dinh-pearl,0730,home_to_work,22.71,22.71,22.71,9.97,OK
2026-05-25T12:02:17+07:00,hoang-thanh-pearl,0730,home_to_work,26.3,26.3,26.3,12.24,OK
2026-05-25T12:02:17+07:00,mipec-riverside,0730,home_to_work,30.64,30.64,30.64,9.59,OK
2026-05-25T12:02:17+07:00,sunshine-riverside,0730,home_to_work,18.32,18.32,18.32,7.89,OK
2026-05-25T12:02:17+07:00,ho-guom-plaza,0730,home_to_work,19.87,19.87,19.87,7.27,OK
2026-05-25T12:02:17+07:00,eco-green-city,0730,home_to_work,21.51,21.51,21.51,7.54,OK
2026-05-25T12:02:17+07:00,hateco-apollo,0730,home_to_work,27.65,27.65,27.65,13.35,OK
2026-05-25T12:02:17+07:00,iris-garden,0730,home_to_work,22.68,22.68,22.68,7.13,OK
2026-05-25T20:44:52+07:00,vinhomes-smart-city,1730,work_to_home,18.94,18.94,18.94,9.34,OK
2026-05-25T20:44:52+07:00,hd-mon-city,1730,work_to_home,19.82,19.82,19.82,6.46,OK
2026-05-25T20:44:52+07:00,my-dinh-pearl,1730,work_to_home,20.6,20.6,20.6,8.9,OK
2026-05-25T20:44:52+07:00,hoang-thanh-pearl,1730,work_to_home,24.35,24.35,24.35,11.55,OK
2026-05-25T20:44:52+07:00,mipec-riverside,1730,work_to_home,32.52,32.52,32.52,9.69,OK
2026-05-25T20:44:52+07:00,sunshine-riverside,1730,work_to_home,19.87,19.87,19.87,8.56,OK
2026-05-25T20:44:52+07:00,ho-guom-plaza,1730,work_to_home,21.66,21.66,21.66,8.43,OK
2026-05-25T20:44:52+07:00,eco-green-city,1730,work_to_home,22.07,22.07,22.07,8.49,OK
2026-05-25T20:44:52+07:00,hateco-apollo,1730,work_to_home,26.53,26.53,26.53,12.82,OK
2026-05-25T20:44:52+07:00,iris-garden,1730,work_to_home,26.68,26.68,26.68,10.68,OK
2026-05-25T21:10:14+07:00,vinhomes-smart-city,1800,work_to_home,19.65,19.65,19.65,9.34,OK
2026-05-25T21:10:14+07:00,hd-mon-city,1800,work_to_home,19.21,19.21,19.21,6.46,OK
2026-05-25T21:10:14+07:00,my-dinh-pearl,1800,work_to_home,21.03,21.03,21.03,8.9,OK
2026-05-25T21:10:14+07:00,hoang-thanh-pearl,1800,work_to_home,25.07,25.07,25.07,11.55,OK
2026-05-25T21:10:14+07:00,mipec-riverside,1800,work_to_home,31.52,31.52,31.52,9.69,OK
2026-05-25T21:10:14+07:00,sunshine-riverside,1800,work_to_home,19.96,19.96,19.96,8.56,OK
2026-05-25T21:10:14+07:00,ho-guom-plaza,1800,work_to_home,21.43,21.43,21.43,8.46,OK
2026-05-25T21:10:14+07:00,eco-green-city,1800,work_to_home,21.77,21.77,21.77,8.51,OK
2026-05-25T21:10:14+07:00,hateco-apollo,1800,work_to_home,27.32,27.32,27.32,12.82,OK
2026-05-25T21:10:14+07:00,iris-garden,1800,work_to_home,25.31,25.31,25.31,10.68,OK
2026-05-26T09:43:44+07:00,vinhomes-smart-city,0700,home_to_work,22.0,22.0,22.0,9.87,OK
2026-05-26T09:43:44+07:00,hd-mon-city,0700,home_to_work,18.33,18.33,18.33,4.91,OK
2026-05-26T09:43:44+07:00,my-dinh-pearl,0700,home_to_work,24.62,24.62,24.62,7.61,OK
2026-05-26T09:43:44+07:00,hoang-thanh-pearl,0700,home_to_work,28.18,28.18,28.18,9.85,OK
2026-05-26T09:43:44+07:00,mipec-riverside,0700,home_to_work,31.09,31.09,31.09,9.59,OK
2026-05-26T09:43:44+07:00,sunshine-riverside,0700,home_to_work,18.84,18.84,18.84,7.89,OK
2026-05-26T09:43:44+07:00,ho-guom-plaza,0700,home_to_work,21.44,21.44,21.44,7.27,OK
2026-05-26T09:43:44+07:00,eco-green-city,0700,home_to_work,25.42,25.42,25.42,7.54,OK
2026-05-26T09:43:44+07:00,hateco-apollo,0700,home_to_work,29.66,29.66,29.66,13.35,OK
2026-05-26T09:43:44+07:00,iris-garden,0700,home_to_work,25.42,25.42,25.42,7.13,OK
2026-05-26T11:42:26+07:00,vinhomes-smart-city,0730,home_to_work,20.51,20.51,20.51,9.87,OK
2026-05-26T11:42:26+07:00,hd-mon-city,0730,home_to_work,16.27,16.27,16.27,4.91,OK
2026-05-26T11:42:26+07:00,my-dinh-pearl,0730,home_to_work,20.82,20.82,20.82,9.04,OK
2026-05-26T11:42:26+07:00,hoang-thanh-pearl,0730,home_to_work,27.42,27.42,27.42,10.68,OK
2026-05-26T11:42:26+07:00,mipec-riverside,0730,home_to_work,30.19,30.19,30.19,9.74,OK
2026-05-26T11:42:26+07:00,sunshine-riverside,0730,home_to_work,18.17,18.17,18.17,7.89,OK
2026-05-26T11:42:26+07:00,ho-guom-plaza,0730,home_to_work,19.92,19.92,19.92,7.27,OK
2026-05-26T11:42:26+07:00,eco-green-city,0730,home_to_work,21.51,21.51,21.51,7.54,OK
2026-05-26T11:42:26+07:00,hateco-apollo,0730,home_to_work,28.08,28.08,28.08,13.35,OK
2026-05-26T11:42:26+07:00,iris-garden,0730,home_to_work,22.0,22.0,22.0,7.13,OK
2026-05-26T20:26:19+07:00,vinhomes-smart-city,1730,work_to_home,18.48,18.48,18.48,9.34,OK
2026-05-26T20:26:19+07:00,hd-mon-city,1730,work_to_home,20.02,20.02,20.02,6.46,OK
2026-05-26T20:26:19+07:00,my-dinh-pearl,1730,work_to_home,20.89,20.89,20.89,8.9,OK
2026-05-26T20:26:19+07:00,hoang-thanh-pearl,1730,work_to_home,25.0,25.0,25.0,11.55,OK
2026-05-26T20:26:19+07:00,mipec-riverside,1730,work_to_home,31.59,31.59,31.59,9.69,OK
2026-05-26T20:26:19+07:00,sunshine-riverside,1730,work_to_home,20.75,20.75,20.75,8.56,OK
2026-05-26T20:26:19+07:00,ho-guom-plaza,1730,work_to_home,22.06,22.06,22.06,8.43,OK
2026-05-26T20:26:19+07:00,eco-green-city,1730,work_to_home,22.3,22.3,22.3,8.49,OK
2026-05-26T20:26:19+07:00,hateco-apollo,1730,work_to_home,26.07,26.07,26.07,12.82,OK
2026-05-26T20:26:19+07:00,iris-garden,1730,work_to_home,26.27,26.27,26.27,10.68,OK
2026-05-26T20:55:37+07:00,vinhomes-smart-city,1800,work_to_home,18.26,18.26,18.26,9.34,OK
2026-05-26T20:55:37+07:00,hd-mon-city,1800,work_to_home,19.37,19.37,19.37,6.46,OK
2026-05-26T20:55:37+07:00,my-dinh-pearl,1800,work_to_home,20.98,20.98,20.98,8.9,OK
2026-05-26T20:55:37+07:00,hoang-thanh-pearl,1800,work_to_home,25.08,25.08,25.08,11.55,OK
2026-05-26T20:55:37+07:00,mipec-riverside,1800,work_to_home,31.99,31.99,31.99,9.69,OK
2026-05-26T20:55:37+07:00,sunshine-riverside,1800,work_to_home,20.37,20.37,20.37,8.56,OK
2026-05-26T20:55:37+07:00,ho-guom-plaza,1800,work_to_home,21.22,21.22,21.22,8.43,OK
2026-05-26T20:55:37+07:00,eco-green-city,1800,work_to_home,21.63,21.63,21.63,8.49,OK
2026-05-26T20:55:37+07:00,hateco-apollo,1800,work_to_home,25.85,25.85,25.85,12.82,OK
2026-05-26T20:55:37+07:00,iris-garden,1800,work_to_home,25.82,25.82,25.82,10.68,OK
2026-05-27T09:54:42+07:00,vinhomes-smart-city,0700,home_to_work,22.23,22.23,22.23,9.87,OK
2026-05-27T09:54:42+07:00,hd-mon-city,0700,home_to_work,17.48,17.48,17.48,4.91,OK
2026-05-27T09:54:42+07:00,my-dinh-pearl,0700,home_to_work,22.85,22.85,22.85,9.04,OK
2026-05-27T09:54:42+07:00,hoang-thanh-pearl,0700,home_to_work,29.24,29.24,29.24,10.68,OK
2026-05-27T09:54:42+07:00,mipec-riverside,0700,home_to_work,33.36,33.36,33.36,9.74,OK
2026-05-27T09:54:42+07:00,sunshine-riverside,0700,home_to_work,20.03,20.03,20.03,7.52,OK
2026-05-27T09:54:42+07:00,ho-guom-plaza,0700,home_to_work,22.26,22.26,22.26,7.27,OK
2026-05-27T09:54:42+07:00,eco-green-city,0700,home_to_work,24.07,24.07,24.07,7.54,OK
2026-05-27T09:54:42+07:00,hateco-apollo,0700,home_to_work,31.12,31.12,31.12,13.35,OK
2026-05-27T09:54:42+07:00,iris-garden,0700,home_to_work,23.62,23.62,23.62,7.13,OK
2026-05-27T11:54:49+07:00,vinhomes-smart-city,0730,home_to_work,20.86,20.86,20.86,9.87,OK
2026-05-27T11:54:49+07:00,hd-mon-city,0730,home_to_work,16.55,16.55,16.55,4.91,OK
2026-05-27T11:54:49+07:00,my-dinh-pearl,0730,home_to_work,23.29,23.29,23.29,9.97,OK
2026-05-27T11:54:49+07:00,hoang-thanh-pearl,0730,home_to_work,27.35,27.35,27.35,12.24,OK
2026-05-27T11:54:49+07:00,mipec-riverside,0730,home_to_work,31.07,31.07,31.07,9.59,OK
2026-05-27T11:54:49+07:00,sunshine-riverside,0730,home_to_work,18.31,18.31,18.31,7.89,OK
2026-05-27T11:54:49+07:00,ho-guom-plaza,0730,home_to_work,19.9,19.9,19.9,7.27,OK
2026-05-27T11:54:49+07:00,eco-green-city,0730,home_to_work,21.16,21.16,21.16,7.54,OK
2026-05-27T11:54:49+07:00,hateco-apollo,0730,home_to_work,28.31,28.31,28.31,13.35,OK
2026-05-27T11:54:49+07:00,iris-garden,0730,home_to_work,23.44,23.44,23.44,6.94,OK
2026-05-27T20:55:31+07:00,vinhomes-smart-city,1730,work_to_home,17.67,17.67,17.67,9.34,OK
2026-05-27T20:55:31+07:00,hd-mon-city,1730,work_to_home,19.79,19.79,19.79,6.46,OK
2026-05-27T20:55:31+07:00,my-dinh-pearl,1730,work_to_home,20.11,20.11,20.11,8.9,OK
2026-05-27T20:55:31+07:00,hoang-thanh-pearl,1730,work_to_home,23.85,23.85,23.85,11.55,OK
2026-05-27T20:55:31+07:00,mipec-riverside,1730,work_to_home,32.88,32.88,32.88,9.69,OK
2026-05-27T20:55:31+07:00,sunshine-riverside,1730,work_to_home,19.98,19.98,19.98,8.56,OK
2026-05-27T20:55:31+07:00,ho-guom-plaza,1730,work_to_home,21.22,21.22,21.22,8.43,OK
2026-05-27T20:55:31+07:00,eco-green-city,1730,work_to_home,21.21,21.21,21.21,8.49,OK
2026-05-27T20:55:31+07:00,hateco-apollo,1730,work_to_home,25.95,25.95,25.95,12.82,OK
2026-05-27T20:55:31+07:00,iris-garden,1730,work_to_home,24.7,24.7,24.7,10.68,OK
2026-05-27T21:27:55+07:00,vinhomes-smart-city,1800,work_to_home,17.69,17.69,17.69,9.34,OK
2026-05-27T21:27:55+07:00,hd-mon-city,1800,work_to_home,18.58,18.58,18.58,6.46,OK
2026-05-27T21:27:55+07:00,my-dinh-pearl,1800,work_to_home,19.95,19.95,19.95,8.9,OK
2026-05-27T21:27:55+07:00,hoang-thanh-pearl,1800,work_to_home,23.66,23.66,23.66,11.55,OK
2026-05-27T21:27:55+07:00,mipec-riverside,1800,work_to_home,31.54,31.54,31.54,9.69,OK
2026-05-27T21:27:55+07:00,sunshine-riverside,1800,work_to_home,20.22,20.22,20.22,8.56,OK
2026-05-27T21:27:55+07:00,ho-guom-plaza,1800,work_to_home,19.85,19.85,19.85,7.82,OK
2026-05-27T21:27:55+07:00,eco-green-city,1800,work_to_home,20.76,20.76,20.76,7.88,OK
2026-05-27T21:27:55+07:00,hateco-apollo,1800,work_to_home,25.37,25.37,25.37,12.82,OK
2026-05-27T21:27:55+07:00,iris-garden,1800,work_to_home,24.94,24.94,24.94,10.68,OK
2026-05-28T09:42:21+07:00,vinhomes-smart-city,0700,home_to_work,22.17,22.17,22.17,9.87,OK
2026-05-28T09:42:21+07:00,hd-mon-city,0700,home_to_work,17.84,17.84,17.84,4.91,OK
2026-05-28T09:42:21+07:00,my-dinh-pearl,0700,home_to_work,24.85,24.85,24.85,7.61,OK
2026-05-28T09:42:21+07:00,hoang-thanh-pearl,0700,home_to_work,27.8,27.8,27.8,9.91,OK
2026-05-28T09:42:21+07:00,mipec-riverside,0700,home_to_work,33.02,33.02,33.02,9.59,OK
2026-05-28T09:42:21+07:00,sunshine-riverside,0700,home_to_work,18.6,18.6,18.6,7.89,OK
2026-05-28T09:42:21+07:00,ho-guom-plaza,0700,home_to_work,22.25,22.25,22.25,7.27,OK
2026-05-28T09:42:21+07:00,eco-green-city,0700,home_to_work,28.32,28.32,28.32,7.54,OK
2026-05-28T09:42:21+07:00,hateco-apollo,0700,home_to_work,29.67,29.67,29.67,13.35,OK
2026-05-28T09:42:21+07:00,iris-garden,0700,home_to_work,23.89,23.89,23.89,7.13,OK
2026-05-28T11:49:24+07:00,vinhomes-smart-city,0730,home_to_work,20.39,20.39,20.39,9.87,OK
2026-05-28T11:49:24+07:00,hd-mon-city,0730,home_to_work,16.09,16.09,16.09,4.91,OK
2026-05-28T11:49:24+07:00,my-dinh-pearl,0730,home_to_work,22.66,22.66,22.66,9.97,OK
2026-05-28T11:49:24+07:00,hoang-thanh-pearl,0730,home_to_work,26.52,26.52,26.52,12.24,OK
2026-05-28T11:49:24+07:00,mipec-riverside,0730,home_to_work,30.88,30.88,30.88,9.59,OK
2026-05-28T11:49:24+07:00,sunshine-riverside,0730,home_to_work,18.82,18.82,18.82,7.89,OK
2026-05-28T11:49:24+07:00,ho-guom-plaza,0730,home_to_work,21.09,21.09,21.09,7.27,OK
2026-05-28T11:49:24+07:00,eco-green-city,0730,home_to_work,22.87,22.87,22.87,7.54,OK
2026-05-28T11:49:24+07:00,hateco-apollo,0730,home_to_work,27.85,27.85,27.85,13.35,OK
2026-05-28T11:49:24+07:00,iris-garden,0730,home_to_work,22.16,22.16,22.16,7.13,OK
2026-05-28T21:08:59+07:00,vinhomes-smart-city,1730,work_to_home,19.93,19.93,19.93,9.34,OK
2026-05-28T21:08:59+07:00,hd-mon-city,1730,work_to_home,19.68,19.68,19.68,6.46,OK
2026-05-28T21:08:59+07:00,my-dinh-pearl,1730,work_to_home,22.19,22.19,22.19,8.9,OK
2026-05-28T21:08:59+07:00,hoang-thanh-pearl,1730,work_to_home,27.04,27.04,27.04,11.55,OK
2026-05-28T21:08:59+07:00,mipec-riverside,1730,work_to_home,31.08,31.08,31.08,9.7,OK
2026-05-28T21:08:59+07:00,sunshine-riverside,1730,work_to_home,21.18,21.18,21.18,8.48,OK
2026-05-28T21:08:59+07:00,ho-guom-plaza,1730,work_to_home,21.22,21.22,21.22,7.82,OK
2026-05-28T21:08:59+07:00,eco-green-city,1730,work_to_home,22.79,22.79,22.79,7.88,OK
2026-05-28T21:08:59+07:00,hateco-apollo,1730,work_to_home,27.67,27.67,27.67,12.82,OK
2026-05-28T21:08:59+07:00,iris-garden,1730,work_to_home,26.84,26.84,26.84,8.22,OK
2026-05-28T21:38:43+07:00,vinhomes-smart-city,1800,work_to_home,18.85,18.85,18.85,9.34,OK
2026-05-28T21:38:43+07:00,hd-mon-city,1800,work_to_home,18.67,18.67,18.67,6.46,OK
2026-05-28T21:38:43+07:00,my-dinh-pearl,1800,work_to_home,20.24,20.24,20.24,8.9,OK
2026-05-28T21:38:43+07:00,hoang-thanh-pearl,1800,work_to_home,26.55,26.55,26.55,11.55,OK
2026-05-28T21:38:43+07:00,mipec-riverside,1800,work_to_home,31.08,31.08,31.08,9.7,OK
2026-05-28T21:38:43+07:00,sunshine-riverside,1800,work_to_home,21.42,21.42,21.42,8.48,OK
2026-05-28T21:38:43+07:00,ho-guom-plaza,1800,work_to_home,21.27,21.27,21.27,8.24,OK
2026-05-28T21:38:43+07:00,eco-green-city,1800,work_to_home,23.09,23.09,23.09,8.49,OK
2026-05-28T21:38:43+07:00,hateco-apollo,1800,work_to_home,26.46,26.46,26.46,12.82,OK
2026-05-28T21:38:43+07:00,iris-garden,1800,work_to_home,27.73,27.73,27.73,9.56,OK
2026-05-29T09:45:28+07:00,vinhomes-smart-city,0700,home_to_work,22.13,22.13,22.13,9.87,OK
2026-05-29T09:45:28+07:00,hd-mon-city,0700,home_to_work,17.99,17.99,17.99,4.91,OK
2026-05-29T09:45:28+07:00,my-dinh-pearl,0700,home_to_work,23.63,23.63,23.63,9.04,OK
2026-05-29T09:45:28+07:00,hoang-thanh-pearl,0700,home_to_work,30.48,30.48,30.48,10.68,OK
2026-05-29T09:45:28+07:00,mipec-riverside,0700,home_to_work,36.21,36.21,36.21,9.59,OK
2026-05-29T09:45:28+07:00,sunshine-riverside,0700,home_to_work,19.27,19.27,19.27,7.89,OK
2026-05-29T09:45:28+07:00,ho-guom-plaza,0700,home_to_work,21.82,21.82,21.82,7.27,OK
2026-05-29T09:45:28+07:00,eco-green-city,0700,home_to_work,23.52,23.52,23.52,7.54,OK
2026-05-29T09:45:28+07:00,hateco-apollo,0700,home_to_work,29.79,29.79,29.79,13.35,OK
2026-05-29T09:45:28+07:00,iris-garden,0700,home_to_work,24.23,24.23,24.23,7.13,OK
2026-05-29T11:52:09+07:00,vinhomes-smart-city,0730,home_to_work,20.42,20.42,20.42,9.87,OK
2026-05-29T11:52:09+07:00,hd-mon-city,0730,home_to_work,16.02,16.02,16.02,4.91,OK
2026-05-29T11:52:09+07:00,my-dinh-pearl,0730,home_to_work,22.76,22.76,22.76,9.97,OK
2026-05-29T11:52:09+07:00,hoang-thanh-pearl,0730,home_to_work,26.3,26.3,26.3,12.24,OK
2026-05-29T11:52:09+07:00,mipec-riverside,0730,home_to_work,30.79,30.79,30.79,9.59,OK
2026-05-29T11:52:09+07:00,sunshine-riverside,0730,home_to_work,19.33,19.33,19.33,7.89,OK
2026-05-29T11:52:09+07:00,ho-guom-plaza,0730,home_to_work,20.43,20.43,20.43,7.27,OK
2026-05-29T11:52:09+07:00,eco-green-city,0730,home_to_work,21.36,21.36,21.36,7.54,OK
2026-05-29T11:52:09+07:00,hateco-apollo,0730,home_to_work,27.88,27.88,27.88,13.35,OK
2026-05-29T11:52:09+07:00,iris-garden,0730,home_to_work,22.14,22.14,22.14,7.13,OK
2026-05-29T20:41:17+07:00,vinhomes-smart-city,1730,work_to_home,18.11,18.11,18.11,9.34,OK
2026-05-29T20:41:17+07:00,hd-mon-city,1730,work_to_home,21.21,21.21,21.21,6.46,OK
2026-05-29T20:41:17+07:00,my-dinh-pearl,1730,work_to_home,19.77,19.77,19.77,8.9,OK
2026-05-29T20:41:17+07:00,hoang-thanh-pearl,1730,work_to_home,24.6,24.6,24.6,11.55,OK
2026-05-29T20:41:17+07:00,mipec-riverside,1730,work_to_home,31.71,31.71,31.71,9.7,OK
2026-05-29T20:41:17+07:00,sunshine-riverside,1730,work_to_home,21.32,21.32,21.32,8.56,OK
2026-05-29T20:41:17+07:00,ho-guom-plaza,1730,work_to_home,22.54,22.54,22.54,8.43,OK
2026-05-29T20:41:17+07:00,eco-green-city,1730,work_to_home,22.14,22.14,22.14,8.49,OK
2026-05-29T20:41:17+07:00,hateco-apollo,1730,work_to_home,25.7,25.7,25.7,12.82,OK
2026-05-29T20:41:17+07:00,iris-garden,1730,work_to_home,25.47,25.47,25.47,10.68,OK
2026-05-29T21:10:12+07:00,vinhomes-smart-city,1800,work_to_home,18.88,18.88,18.88,9.34,OK
2026-05-29T21:10:12+07:00,hd-mon-city,1800,work_to_home,20.24,20.24,20.24,6.46,OK
2026-05-29T21:10:12+07:00,my-dinh-pearl,1800,work_to_home,21.66,21.66,21.66,8.9,OK
2026-05-29T21:10:12+07:00,hoang-thanh-pearl,1800,work_to_home,25.69,25.69,25.69,11.55,OK
2026-05-29T21:10:12+07:00,mipec-riverside,1800,work_to_home,31.97,31.97,31.97,9.7,OK
2026-05-29T21:10:12+07:00,sunshine-riverside,1800,work_to_home,20.11,20.11,20.11,8.56,OK
2026-05-29T21:10:12+07:00,ho-guom-plaza,1800,work_to_home,21.94,21.94,21.94,8.43,OK
2026-05-29T21:10:12+07:00,eco-green-city,1800,work_to_home,22.52,22.52,22.52,8.49,OK
2026-05-29T21:10:12+07:00,hateco-apollo,1800,work_to_home,26.47,26.47,26.47,12.82,OK
2026-05-29T21:10:12+07:00,iris-garden,1800,work_to_home,22.43,22.43,22.43,8.01,OK
2026-05-30T09:39:11+07:00,vinhomes-smart-city,0700,home_to_work,21.68,21.68,21.68,9.87,OK
2026-05-30T09:39:11+07:00,hd-mon-city,0700,home_to_work,16.8,16.8,16.8,4.91,OK
2026-05-30T09:39:11+07:00,my-dinh-pearl,0700,home_to_work,23.11,23.11,23.11,9.04,OK
2026-05-30T09:39:11+07:00,hoang-thanh-pearl,0700,home_to_work,27.18,27.18,27.18,8.82,OK
2026-05-30T09:39:11+07:00,mipec-riverside,0700,home_to_work,32.87,32.87,32.87,9.59,OK
2026-05-30T09:39:11+07:00,sunshine-riverside,0700,home_to_work,19.18,19.18,19.18,7.89,OK
2026-05-30T09:39:11+07:00,ho-guom-plaza,0700,home_to_work,21.06,21.06,21.06,7.27,OK
2026-05-30T09:39:11+07:00,eco-green-city,0700,home_to_work,23.59,23.59,23.59,7.54,OK
2026-05-30T09:39:11+07:00,hateco-apollo,0700,home_to_work,29.52,29.52,29.52,13.35,OK
2026-05-30T09:39:11+07:00,iris-garden,0700,home_to_work,22.3,22.3,22.3,7.13,OK
2026-05-30T11:33:09+07:00,vinhomes-smart-city,0730,home_to_work,22.98,22.98,22.98,9.9,OK
2026-05-30T11:33:09+07:00,hd-mon-city,0730,home_to_work,15.39,15.39,15.39,4.91,OK
2026-05-30T11:33:09+07:00,my-dinh-pearl,0730,home_to_work,20.37,20.37,20.37,9.04,OK
2026-05-30T11:33:09+07:00,hoang-thanh-pearl,0730,home_to_work,26.77,26.77,26.77,12.24,OK
2026-05-30T11:33:09+07:00,mipec-riverside,0730,home_to_work,30.97,30.97,30.97,9.74,OK
2026-05-30T11:33:09+07:00,sunshine-riverside,0730,home_to_work,20.18,20.18,20.18,7.89,OK
2026-05-30T11:33:09+07:00,ho-guom-plaza,0730,home_to_work,18.77,18.77,18.77,7.27,OK
2026-05-30T11:33:09+07:00,eco-green-city,0730,home_to_work,20.1,20.1,20.1,7.54,OK
2026-05-30T11:33:09+07:00,hateco-apollo,0730,home_to_work,29.47,29.47,29.47,10.06,OK
2026-05-30T11:33:09+07:00,iris-garden,0730,home_to_work,21.75,21.75,21.75,7.13,OK
2026-05-30T18:50:23+07:00,vinhomes-smart-city,1730,work_to_home,19.14,19.14,19.14,9.34,OK
2026-05-30T18:50:23+07:00,hd-mon-city,1730,work_to_home,19.71,19.71,19.71,6.46,OK
2026-05-30T18:50:23+07:00,my-dinh-pearl,1730,work_to_home,21.6,21.6,21.6,8.9,OK
2026-05-30T18:50:23+07:00,hoang-thanh-pearl,1730,work_to_home,26.7,26.7,26.7,11.55,OK
2026-05-30T18:50:23+07:00,mipec-riverside,1730,work_to_home,33.92,33.92,33.92,9.7,OK
2026-05-30T18:50:23+07:00,sunshine-riverside,1730,work_to_home,21.15,21.15,21.15,9.82,OK
2026-05-30T18:50:23+07:00,ho-guom-plaza,1730,work_to_home,20.61,20.61,20.61,7.82,OK
2026-05-30T18:50:23+07:00,eco-green-city,1730,work_to_home,20.79,20.79,20.79,7.88,OK
2026-05-30T18:50:23+07:00,hateco-apollo,1730,work_to_home,28.35,28.35,28.35,12.82,OK
2026-05-30T18:50:23+07:00,iris-garden,1730,work_to_home,24.96,24.96,24.96,10.68,OK
2026-05-30T19:05:38+07:00,vinhomes-smart-city,1800,work_to_home,19.45,19.45,19.45,9.34,OK
2026-05-30T19:05:38+07:00,hd-mon-city,1800,work_to_home,18.49,18.49,18.49,6.46,OK
2026-05-30T19:05:38+07:00,my-dinh-pearl,1800,work_to_home,19.5,19.5,19.5,8.9,OK
2026-05-30T19:05:38+07:00,hoang-thanh-pearl,1800,work_to_home,24.64,24.64,24.64,11.55,OK
2026-05-30T19:05:38+07:00,mipec-riverside,1800,work_to_home,31.93,31.93,31.93,9.7,OK
2026-05-30T19:05:38+07:00,sunshine-riverside,1800,work_to_home,20.06,20.06,20.06,8.56,OK
2026-05-30T19:05:38+07:00,ho-guom-plaza,1800,work_to_home,21.71,21.71,21.71,8.43,OK
2026-05-30T19:05:38+07:00,eco-green-city,1800,work_to_home,21.3,21.3,21.3,8.49,OK
2026-05-30T19:05:38+07:00,hateco-apollo,1800,work_to_home,28.13,28.13,28.13,12.82,OK
2026-05-30T19:05:38+07:00,iris-garden,1800,work_to_home,25.23,25.23,25.23,10.68,OK
2026-05-31T09:56:20+07:00,vinhomes-smart-city,0700,home_to_work,20.54,20.54,20.54,9.87,OK
2026-05-31T09:56:20+07:00,hd-mon-city,0700,home_to_work,14.32,14.32,14.32,4.91,OK
2026-05-31T09:56:20+07:00,my-dinh-pearl,0700,home_to_work,21.07,21.07,21.07,7.15,OK
2026-05-31T09:56:20+07:00,hoang-thanh-pearl,0700,home_to_work,26.26,26.26,26.26,10.68,OK
2026-05-31T09:56:20+07:00,mipec-riverside,0700,home_to_work,34.87,34.87,34.87,9.74,OK
2026-05-31T09:56:20+07:00,sunshine-riverside,0700,home_to_work,19.16,19.16,19.16,7.89,OK
2026-05-31T09:56:20+07:00,ho-guom-plaza,0700,home_to_work,19.15,19.15,19.15,7.27,OK
2026-05-31T09:56:20+07:00,eco-green-city,0700,home_to_work,20.08,20.08,20.08,7.54,OK
2026-05-31T09:56:20+07:00,hateco-apollo,0700,home_to_work,29.11,29.11,29.11,13.35,OK
2026-05-31T09:56:20+07:00,iris-garden,0700,home_to_work,19.95,19.95,19.95,7.13,OK
2026-05-31T11:59:22+07:00,vinhomes-smart-city,0730,home_to_work,19.75,19.75,19.75,9.87,OK
2026-05-31T11:59:22+07:00,hd-mon-city,0730,home_to_work,14.88,14.88,14.88,4.91,OK
2026-05-31T11:59:22+07:00,my-dinh-pearl,0730,home_to_work,21.23,21.23,21.23,7.15,OK
2026-05-31T11:59:22+07:00,hoang-thanh-pearl,0730,home_to_work,26.55,26.55,26.55,10.68,OK
2026-05-31T11:59:22+07:00,mipec-riverside,0730,home_to_work,30.68,30.68,30.68,9.59,OK
2026-05-31T11:59:22+07:00,sunshine-riverside,0730,home_to_work,19.3,19.3,19.3,7.89,OK
2026-05-31T11:59:22+07:00,ho-guom-plaza,0730,home_to_work,18.43,18.43,18.43,7.27,OK
2026-05-31T11:59:22+07:00,eco-green-city,0730,home_to_work,19.5,19.5,19.5,7.54,OK
2026-05-31T11:59:22+07:00,hateco-apollo,0730,home_to_work,27.7,27.7,27.7,13.35,OK
2026-05-31T11:59:22+07:00,iris-garden,0730,home_to_work,20.08,20.08,20.08,7.13,OK
2026-05-31T18:54:35+07:00,vinhomes-smart-city,1730,work_to_home,19.1,19.1,19.1,9.34,OK
2026-05-31T18:54:35+07:00,hd-mon-city,1730,work_to_home,19.65,19.65,19.65,6.46,OK
2026-05-31T18:54:35+07:00,my-dinh-pearl,1730,work_to_home,21.49,21.49,21.49,9.84,OK
2026-05-31T18:54:35+07:00,hoang-thanh-pearl,1730,work_to_home,25.6,25.6,25.6,11.55,OK
2026-05-31T18:54:35+07:00,mipec-riverside,1730,work_to_home,33.69,33.69,33.69,9.7,OK
2026-05-31T18:54:35+07:00,sunshine-riverside,1730,work_to_home,20.9,20.9,20.9,8.56,OK
2026-05-31T18:54:35+07:00,ho-guom-plaza,1730,work_to_home,22.16,22.16,22.16,8.43,OK
2026-05-31T18:54:35+07:00,eco-green-city,1730,work_to_home,22.29,22.29,22.29,8.49,OK
2026-05-31T18:54:35+07:00,hateco-apollo,1730,work_to_home,27.7,27.7,27.7,12.82,OK
2026-05-31T18:54:35+07:00,iris-garden,1730,work_to_home,25.96,25.96,25.96,10.68,OK
2026-05-31T19:12:55+07:00,vinhomes-smart-city,1800,work_to_home,18.66,18.66,18.66,9.34,OK
2026-05-31T19:12:55+07:00,hd-mon-city,1800,work_to_home,19.39,19.39,19.39,6.46,OK
2026-05-31T19:12:55+07:00,my-dinh-pearl,1800,work_to_home,20.17,20.17,20.17,8.9,OK
2026-05-31T19:12:55+07:00,hoang-thanh-pearl,1800,work_to_home,24.21,24.21,24.21,11.55,OK
2026-05-31T19:12:55+07:00,mipec-riverside,1800,work_to_home,32.43,32.43,32.43,9.7,OK
2026-05-31T19:12:55+07:00,sunshine-riverside,1800,work_to_home,21.71,21.71,21.71,8.48,OK
2026-05-31T19:12:55+07:00,ho-guom-plaza,1800,work_to_home,22.09,22.09,22.09,8.43,OK
2026-05-31T19:12:55+07:00,eco-green-city,1800,work_to_home,21.76,21.76,21.76,8.49,OK
2026-05-31T19:12:55+07:00,hateco-apollo,1800,work_to_home,27.38,27.38,27.38,12.82,OK
2026-05-31T19:12:55+07:00,iris-garden,1800,work_to_home,24.89,24.89,24.89,10.68,OK
2026-06-01T10:32:57+07:00,vinhomes-smart-city,0700,home_to_work,20.77,20.77,20.77,9.87,OK
2026-06-01T10:32:57+07:00,hd-mon-city,0700,home_to_work,16.77,16.77,16.77,4.91,OK
2026-06-01T10:32:57+07:00,my-dinh-pearl,0700,home_to_work,23.64,23.64,23.64,9.97,OK
2026-06-01T10:32:57+07:00,hoang-thanh-pearl,0700,home_to_work,27.72,27.72,27.72,12.24,OK
2026-06-01T10:32:57+07:00,mipec-riverside,0700,home_to_work,31.8,31.8,31.8,9.74,OK
2026-06-01T10:32:57+07:00,sunshine-riverside,0700,home_to_work,17.37,17.37,17.37,7.89,OK
2026-06-01T10:32:57+07:00,ho-guom-plaza,0700,home_to_work,21.12,21.12,21.12,7.27,OK
2026-06-01T10:32:57+07:00,eco-green-city,0700,home_to_work,22.38,22.38,22.38,7.54,OK
2026-06-01T10:32:57+07:00,hateco-apollo,0700,home_to_work,28.12,28.12,28.12,13.35,OK
2026-06-01T10:32:57+07:00,iris-garden,0700,home_to_work,23.78,23.78,23.78,7.13,OK
2026-06-01T12:24:27+07:00,vinhomes-smart-city,0730,home_to_work,18.88,18.88,18.88,9.87,OK
2026-06-01T12:24:27+07:00,hd-mon-city,0730,home_to_work,14.32,14.32,14.32,4.91,OK
2026-06-01T12:24:27+07:00,my-dinh-pearl,0730,home_to_work,19.75,19.75,19.75,9.97,OK
2026-06-01T12:24:27+07:00,hoang-thanh-pearl,0730,home_to_work,25.15,25.15,25.15,10.68,OK
2026-06-01T12:24:27+07:00,mipec-riverside,0730,home_to_work,31.05,31.05,31.05,9.59,OK
2026-06-01T12:24:27+07:00,sunshine-riverside,0730,home_to_work,17.82,17.82,17.82,7.89,OK
2026-06-01T12:24:27+07:00,ho-guom-plaza,0730,home_to_work,17.35,17.35,17.35,7.27,OK
2026-06-01T12:24:27+07:00,eco-green-city,0730,home_to_work,19.68,19.68,19.68,7.54,OK
2026-06-01T12:24:27+07:00,hateco-apollo,0730,home_to_work,26.0,26.0,26.0,13.35,OK
2026-06-01T12:24:27+07:00,iris-garden,0730,home_to_work,19.78,19.78,19.78,7.13,OK
2026-06-01T23:20:17+07:00,vinhomes-smart-city,1730,work_to_home,16.53,16.53,16.53,9.33,OK
2026-06-01T23:20:17+07:00,hd-mon-city,1730,work_to_home,17.73,17.73,17.73,9.1,OK
2026-06-01T23:20:17+07:00,my-dinh-pearl,1730,work_to_home,18.73,18.73,18.73,8.89,OK
2026-06-01T23:20:17+07:00,hoang-thanh-pearl,1730,work_to_home,23.22,23.22,23.22,11.54,OK
2026-06-01T23:20:17+07:00,mipec-riverside,1730,work_to_home,29.95,29.95,29.95,9.91,OK
2026-06-01T23:20:17+07:00,sunshine-riverside,1730,work_to_home,19.48,19.48,19.48,9.8,OK
2026-06-01T23:20:17+07:00,ho-guom-plaza,1730,work_to_home,17.83,17.83,17.83,8.42,OK
2026-06-01T23:20:17+07:00,eco-green-city,1730,work_to_home,18.62,18.62,18.62,8.48,OK
2026-06-01T23:20:17+07:00,hateco-apollo,1730,work_to_home,23.94,23.94,23.94,12.81,OK
2026-06-01T23:20:17+07:00,iris-garden,1730,work_to_home,22.05,22.05,22.05,10.67,OK
2026-06-01T23:39:14+07:00,vinhomes-smart-city,1800,work_to_home,16.22,16.22,16.22,9.33,OK
2026-06-01T23:39:14+07:00,hd-mon-city,1800,work_to_home,17.88,17.88,17.88,9.1,OK
2026-06-01T23:39:14+07:00,my-dinh-pearl,1800,work_to_home,20.06,20.06,20.06,8.89,OK
2026-06-01T23:39:14+07:00,hoang-thanh-pearl,1800,work_to_home,24.42,24.42,24.42,11.54,OK
2026-06-01T23:39:14+07:00,mipec-riverside,1800,work_to_home,29.48,29.48,29.48,9.91,OK
2026-06-01T23:39:14+07:00,sunshine-riverside,1800,work_to_home,19.15,19.15,19.15,9.8,OK
2026-06-01T23:39:14+07:00,ho-guom-plaza,1800,work_to_home,17.62,17.62,17.62,8.42,OK
2026-06-01T23:39:14+07:00,eco-green-city,1800,work_to_home,18.93,18.93,18.93,8.48,OK
2026-06-01T23:39:14+07:00,hateco-apollo,1800,work_to_home,22.76,22.76,22.76,12.81,OK
2026-06-01T23:39:14+07:00,iris-garden,1800,work_to_home,22.3,22.3,22.3,10.67,OK
2026-06-02T10:30:00+07:00,vinhomes-smart-city,0700,home_to_work,22.86,22.86,22.86,10.24,OK
2026-06-02T10:30:00+07:00,hd-mon-city,0700,home_to_work,15.98,15.98,15.98,4.91,OK
2026-06-02T10:30:00+07:00,my-dinh-pearl,0700,home_to_work,23.25,23.25,23.25,7.65,OK
2026-06-02T10:30:00+07:00,hoang-thanh-pearl,0700,home_to_work,28.98,28.98,28.98,10.68,OK
2026-06-02T10:30:00+07:00,mipec-riverside,0700,home_to_work,31.38,31.38,31.38,9.7,OK
2026-06-02T10:30:00+07:00,sunshine-riverside,0700,home_to_work,18.87,18.87,18.87,7.89,OK
2026-06-02T10:30:00+07:00,ho-guom-plaza,0700,home_to_work,22.74,22.74,22.74,7.63,OK
2026-06-02T10:30:00+07:00,eco-green-city,0700,home_to_work,26.62,26.62,26.62,7.9,OK
2026-06-02T10:30:00+07:00,hateco-apollo,0700,home_to_work,30.05,30.05,30.05,13.72,OK
2026-06-02T10:30:00+07:00,iris-garden,0700,home_to_work,23.03,23.03,23.03,7.13,OK
2026-06-02T12:10:06+07:00,vinhomes-smart-city,0730,home_to_work,20.57,20.57,20.57,10.24,OK
2026-06-02T12:10:06+07:00,hd-mon-city,0730,home_to_work,15.3,15.3,15.3,4.91,OK
2026-06-02T12:10:06+07:00,my-dinh-pearl,0730,home_to_work,21.69,21.69,21.69,7.15,OK
2026-06-02T12:10:06+07:00,hoang-thanh-pearl,0730,home_to_work,27.23,27.23,27.23,10.68,OK
2026-06-02T12:10:06+07:00,mipec-riverside,0730,home_to_work,30.83,30.83,30.83,9.55,OK
2026-06-02T12:10:06+07:00,sunshine-riverside,0730,home_to_work,18.73,18.73,18.73,7.89,OK
2026-06-02T12:10:06+07:00,ho-guom-plaza,0730,home_to_work,17.94,17.94,17.94,7.63,OK
2026-06-02T12:10:06+07:00,eco-green-city,0730,home_to_work,19.57,19.57,19.57,7.9,OK
2026-06-02T12:10:06+07:00,hateco-apollo,0730,home_to_work,27.69,27.69,27.69,13.72,OK
2026-06-02T12:10:06+07:00,iris-garden,0730,home_to_work,21.35,21.35,21.35,7.13,OK
2026-06-02T21:35:34+07:00,vinhomes-smart-city,1730,work_to_home,18.11,18.11,18.11,9.33,OK
2026-06-02T21:35:34+07:00,hd-mon-city,1730,work_to_home,18.85,18.85,18.85,6.45,OK
2026-06-02T21:35:34+07:00,my-dinh-pearl,1730,work_to_home,19.54,19.54,19.54,8.89,OK
2026-06-02T21:35:34+07:00,hoang-thanh-pearl,1730,work_to_home,23.51,23.51,23.51,11.54,OK
2026-06-02T21:35:34+07:00,mipec-riverside,1730,work_to_home,32.38,32.38,32.38,9.91,OK
2026-06-02T21:35:34+07:00,sunshine-riverside,1730,work_to_home,21.26,21.26,21.26,9.8,OK
2026-06-02T21:35:34+07:00,ho-guom-plaza,1730,work_to_home,20.7,20.7,20.7,8.42,OK
2026-06-02T21:35:34+07:00,eco-green-city,1730,work_to_home,20.99,20.99,20.99,8.48,OK
2026-06-02T21:35:34+07:00,hateco-apollo,1730,work_to_home,25.33,25.33,25.33,12.81,OK
2026-06-02T21:35:34+07:00,iris-garden,1730,work_to_home,24.77,24.77,24.77,10.67,OK
2026-06-02T21:55:55+07:00,vinhomes-smart-city,1800,work_to_home,17.98,17.98,17.98,9.33,OK
2026-06-02T21:55:55+07:00,hd-mon-city,1800,work_to_home,19.63,19.63,19.63,6.45,OK
2026-06-02T21:55:55+07:00,my-dinh-pearl,1800,work_to_home,20.33,20.33,20.33,8.89,OK
2026-06-02T21:55:55+07:00,hoang-thanh-pearl,1800,work_to_home,24.76,24.76,24.76,11.54,OK
2026-06-02T21:55:55+07:00,mipec-riverside,1800,work_to_home,32.01,32.01,32.01,9.91,OK
2026-06-02T21:55:55+07:00,sunshine-riverside,1800,work_to_home,21.16,21.16,21.16,9.8,OK
2026-06-02T21:55:55+07:00,ho-guom-plaza,1800,work_to_home,19.81,19.81,19.81,7.81,OK
2026-06-02T21:55:55+07:00,eco-green-city,1800,work_to_home,20.86,20.86,20.86,7.86,OK
2026-06-02T21:55:55+07:00,hateco-apollo,1800,work_to_home,25.33,25.33,25.33,12.81,OK
2026-06-02T21:55:55+07:00,iris-garden,1800,work_to_home,25.08,25.08,25.08,10.67,OK
2026-06-03T10:37:13+07:00,vinhomes-smart-city,0700,home_to_work,22.27,22.27,22.27,10.24,OK
2026-06-03T10:37:13+07:00,hd-mon-city,0700,home_to_work,16.76,16.76,16.76,4.91,OK
2026-06-03T10:37:13+07:00,my-dinh-pearl,0700,home_to_work,22.81,22.81,22.81,7.65,OK
2026-06-03T10:37:13+07:00,hoang-thanh-pearl,0700,home_to_work,28.36,28.36,28.36,10.68,OK
2026-06-03T10:37:13+07:00,mipec-riverside,0700,home_to_work,32.23,32.23,32.23,9.7,OK
2026-06-03T10:37:13+07:00,sunshine-riverside,0700,home_to_work,18.82,18.82,18.82,7.89,OK
2026-06-03T10:37:13+07:00,ho-guom-plaza,0700,home_to_work,20.58,20.58,20.58,7.63,OK
2026-06-03T10:37:13+07:00,eco-green-city,0700,home_to_work,23.45,23.45,23.45,7.9,OK
2026-06-03T10:37:13+07:00,hateco-apollo,0700,home_to_work,29.46,29.46,29.46,13.72,OK
2026-06-03T10:37:13+07:00,iris-garden,0700,home_to_work,22.44,22.44,22.44,7.13,OK
2026-06-03T12:25:09+07:00,vinhomes-smart-city,0730,home_to_work,21.17,21.17,21.17,10.24,OK
2026-06-03T12:25:09+07:00,hd-mon-city,0730,home_to_work,15.4,15.4,15.4,4.91,OK
2026-06-03T12:25:09+07:00,my-dinh-pearl,0730,home_to_work,21.56,21.56,21.56,7.65,OK
2026-06-03T12:25:09+07:00,hoang-thanh-pearl,0730,home_to_work,26.92,26.92,26.92,10.68,OK
2026-06-03T12:25:09+07:00,mipec-riverside,0730,home_to_work,32.48,32.48,32.48,9.55,OK
2026-06-03T12:25:09+07:00,sunshine-riverside,0730,home_to_work,18.23,18.23,18.23,7.89,OK
2026-06-03T12:25:09+07:00,ho-guom-plaza,0730,home_to_work,20.26,20.26,20.26,7.63,OK
2026-06-03T12:25:09+07:00,eco-green-city,0730,home_to_work,21.24,21.24,21.24,7.9,OK
2026-06-03T12:25:09+07:00,hateco-apollo,0730,home_to_work,28.29,28.29,28.29,13.72,OK
2026-06-03T12:25:09+07:00,iris-garden,0730,home_to_work,21.44,21.44,21.44,7.13,OK
2026-06-03T22:12:29+07:00,vinhomes-smart-city,1730,work_to_home,17.79,17.79,17.79,9.33,OK
2026-06-03T22:12:29+07:00,hd-mon-city,1730,work_to_home,18.61,18.61,18.61,6.45,OK
2026-06-03T22:12:29+07:00,my-dinh-pearl,1730,work_to_home,19.93,19.93,19.93,8.89,OK
2026-06-03T22:12:29+07:00,hoang-thanh-pearl,1730,work_to_home,23.92,23.92,23.92,11.54,OK
2026-06-03T22:12:29+07:00,mipec-riverside,1730,work_to_home,32.9,32.9,32.9,9.91,OK
2026-06-03T22:12:29+07:00,sunshine-riverside,1730,work_to_home,20.6,20.6,20.6,9.8,OK
2026-06-03T22:12:29+07:00,ho-guom-plaza,1730,work_to_home,19.35,19.35,19.35,7.81,OK
2026-06-03T22:12:29+07:00,eco-green-city,1730,work_to_home,20.63,20.63,20.63,7.86,OK
2026-06-03T22:12:29+07:00,hateco-apollo,1730,work_to_home,25.14,25.14,25.14,12.81,OK
2026-06-03T22:12:29+07:00,iris-garden,1730,work_to_home,25.49,25.49,25.49,10.67,OK
2026-06-03T22:28:06+07:00,vinhomes-smart-city,1800,work_to_home,17.58,17.58,17.58,9.33,OK
2026-06-03T22:28:06+07:00,hd-mon-city,1800,work_to_home,18.05,18.05,18.05,6.45,OK
2026-06-03T22:28:06+07:00,my-dinh-pearl,1800,work_to_home,19.82,19.82,19.82,8.89,OK
2026-06-03T22:28:06+07:00,hoang-thanh-pearl,1800,work_to_home,23.85,23.85,23.85,11.54,OK
2026-06-03T22:28:06+07:00,mipec-riverside,1800,work_to_home,31.12,31.12,31.12,9.91,OK
2026-06-03T22:28:06+07:00,sunshine-riverside,1800,work_to_home,20.91,20.91,20.91,9.8,OK
2026-06-03T22:28:06+07:00,ho-guom-plaza,1800,work_to_home,19.32,19.32,19.32,8.42,OK
2026-06-03T22:28:06+07:00,eco-green-city,1800,work_to_home,19.98,19.98,19.98,8.48,OK
2026-06-03T22:28:06+07:00,hateco-apollo,1800,work_to_home,24.33,24.33,24.33,12.81,OK
2026-06-03T22:28:06+07:00,iris-garden,1800,work_to_home,23.65,23.65,23.65,10.67,OK
2026-06-04T10:32:53+07:00,vinhomes-smart-city,0700,home_to_work,21.14,21.14,21.14,10.23,OK
2026-06-04T10:32:53+07:00,hd-mon-city,0700,home_to_work,16.25,16.25,16.25,4.91,OK
2026-06-04T10:32:53+07:00,my-dinh-pearl,0700,home_to_work,22.95,22.95,22.95,7.15,OK
2026-06-04T10:32:53+07:00,hoang-thanh-pearl,0700,home_to_work,28.96,28.96,28.96,10.68,OK
2026-06-04T10:32:53+07:00,mipec-riverside,0700,home_to_work,30.94,30.94,30.94,9.7,OK
2026-06-04T10:32:53+07:00,sunshine-riverside,0700,home_to_work,18.92,18.92,18.92,7.9,OK
2026-06-04T10:32:53+07:00,ho-guom-plaza,0700,home_to_work,20.7,20.7,20.7,7.63,OK
2026-06-04T10:32:53+07:00,eco-green-city,0700,home_to_work,21.57,21.57,21.57,7.9,OK
2026-06-04T10:32:53+07:00,hateco-apollo,0700,home_to_work,28.32,28.32,28.32,13.71,OK
2026-06-04T10:32:53+07:00,iris-garden,0700,home_to_work,22.77,22.77,22.77,7.13,OK
2026-06-04T12:20:26+07:00,vinhomes-smart-city,0730,home_to_work,20.7,20.7,20.7,10.23,OK
2026-06-04T12:20:26+07:00,hd-mon-city,0730,home_to_work,14.83,14.83,14.83,4.91,OK
2026-06-04T12:20:26+07:00,my-dinh-pearl,0730,home_to_work,19.96,19.96,19.96,9.41,OK
2026-06-04T12:20:26+07:00,hoang-thanh-pearl,0730,home_to_work,26.76,26.76,26.76,10.68,OK
2026-06-04T12:20:26+07:00,mipec-riverside,0730,home_to_work,30.38,30.38,30.38,9.55,OK
2026-06-04T12:20:26+07:00,sunshine-riverside,0730,home_to_work,17.82,17.82,17.82,7.89,OK
2026-06-04T12:20:26+07:00,ho-guom-plaza,0730,home_to_work,20.9,20.9,20.9,7.63,OK
2026-06-04T12:20:26+07:00,eco-green-city,0730,home_to_work,21.12,21.12,21.12,7.9,OK
2026-06-04T12:20:26+07:00,hateco-apollo,0730,home_to_work,27.82,27.82,27.82,13.71,OK
2026-06-04T12:20:26+07:00,iris-garden,0730,home_to_work,20.89,20.89,20.89,7.13,OK
2026-06-04T20:37:42+07:00,vinhomes-smart-city,1730,work_to_home,18.39,18.39,18.39,9.33,OK
2026-06-04T20:37:42+07:00,hd-mon-city,1730,work_to_home,19.62,19.62,19.62,6.45,OK
2026-06-04T20:37:42+07:00,my-dinh-pearl,1730,work_to_home,19.91,19.91,19.91,8.89,OK
2026-06-04T20:37:42+07:00,hoang-thanh-pearl,1730,work_to_home,24.06,24.06,24.06,11.54,OK
2026-06-04T20:37:42+07:00,mipec-riverside,1730,work_to_home,32.04,32.04,32.04,9.91,OK
2026-06-04T20:37:42+07:00,sunshine-riverside,1730,work_to_home,20.8,20.8,20.8,8.77,OK
2026-06-04T20:37:42+07:00,ho-guom-plaza,1730,work_to_home,22.24,22.24,22.24,8.22,OK
2026-06-04T20:37:42+07:00,eco-green-city,1730,work_to_home,21.98,21.98,21.98,8.48,OK
2026-06-04T20:37:42+07:00,hateco-apollo,1730,work_to_home,25.98,25.98,25.98,12.81,OK
2026-06-04T20:37:42+07:00,iris-garden,1730,work_to_home,26.58,26.58,26.58,8.2,OK
2026-06-04T20:58:50+07:00,vinhomes-smart-city,1800,work_to_home,18.2,18.2,18.2,9.33,OK
2026-06-04T20:58:50+07:00,hd-mon-city,1800,work_to_home,19.89,19.89,19.89,6.45,OK
2026-06-04T20:58:50+07:00,my-dinh-pearl,1800,work_to_home,20.57,20.57,20.57,8.89,OK
2026-06-04T20:58:50+07:00,hoang-thanh-pearl,1800,work_to_home,24.13,24.13,24.13,11.54,OK
2026-06-04T20:58:50+07:00,mipec-riverside,1800,work_to_home,32.04,32.04,32.04,9.91,OK
2026-06-04T20:58:50+07:00,sunshine-riverside,1800,work_to_home,20.83,20.83,20.83,8.77,OK
2026-06-04T20:58:50+07:00,ho-guom-plaza,1800,work_to_home,22.01,22.01,22.01,8.42,OK
2026-06-04T20:58:50+07:00,eco-green-city,1800,work_to_home,21.8,21.8,21.8,8.48,OK
2026-06-04T20:58:50+07:00,hateco-apollo,1800,work_to_home,25.79,25.79,25.79,12.81,OK
2026-06-04T20:58:50+07:00,iris-garden,1800,work_to_home,25.23,25.23,25.23,8.2,OK
2026-06-05T09:55:04+07:00,vinhomes-smart-city,0700,home_to_work,26.56,26.56,26.56,10.23,OK
2026-06-05T09:55:04+07:00,hd-mon-city,0700,home_to_work,18.8,18.8,18.8,4.91,OK
2026-06-05T09:55:04+07:00,my-dinh-pearl,0700,home_to_work,25.12,25.12,25.12,7.61,OK
2026-06-05T09:55:04+07:00,hoang-thanh-pearl,0700,home_to_work,30.68,30.68,30.68,10.68,OK
2026-06-05T09:55:04+07:00,mipec-riverside,0700,home_to_work,32.55,32.55,32.55,9.55,OK
2026-06-05T09:55:04+07:00,sunshine-riverside,0700,home_to_work,18.89,18.89,18.89,7.89,OK
2026-06-05T09:55:04+07:00,ho-guom-plaza,0700,home_to_work,24.88,24.88,24.88,8.29,OK
2026-06-05T09:55:04+07:00,eco-green-city,0700,home_to_work,25.66,25.66,25.66,7.94,OK
2026-06-05T09:55:04+07:00,hateco-apollo,0700,home_to_work,32.61,32.61,32.61,10.06,OK
2026-06-05T09:55:04+07:00,iris-garden,0700,home_to_work,24.64,24.64,24.64,7.13,OK
2026-06-05T11:55:54+07:00,vinhomes-smart-city,0730,home_to_work,21.69,21.69,21.69,10.23,OK
2026-06-05T11:55:54+07:00,hd-mon-city,0730,home_to_work,16.27,16.27,16.27,4.91,OK
2026-06-05T11:55:54+07:00,my-dinh-pearl,0730,home_to_work,21.28,21.28,21.28,9.41,OK
2026-06-05T11:55:54+07:00,hoang-thanh-pearl,0730,home_to_work,28.6,28.6,28.6,10.68,OK
2026-06-05T11:55:54+07:00,mipec-riverside,0730,home_to_work,31.17,31.17,31.17,9.55,OK
2026-06-05T11:55:54+07:00,sunshine-riverside,0730,home_to_work,18.05,18.05,18.05,7.89,OK
2026-06-05T11:55:54+07:00,ho-guom-plaza,0730,home_to_work,20.71,20.71,20.71,7.63,OK
2026-06-05T11:55:54+07:00,eco-green-city,0730,home_to_work,23.3,23.3,23.3,7.9,OK
2026-06-05T11:55:54+07:00,hateco-apollo,0730,home_to_work,29.15,29.15,29.15,13.71,OK
2026-06-05T11:55:54+07:00,iris-garden,0730,home_to_work,22.54,22.54,22.54,7.13,OK
2026-06-05T20:30:23+07:00,vinhomes-smart-city,1730,work_to_home,19.03,19.03,19.03,9.33,OK
2026-06-05T20:30:23+07:00,hd-mon-city,1730,work_to_home,19.75,19.75,19.75,6.45,OK
2026-06-05T20:30:23+07:00,my-dinh-pearl,1730,work_to_home,21.31,21.31,21.31,8.89,OK
2026-06-05T20:30:23+07:00,hoang-thanh-pearl,1730,work_to_home,25.29,25.29,25.29,11.54,OK
2026-06-05T20:30:23+07:00,mipec-riverside,1730,work_to_home,32.16,32.16,32.16,9.91,OK
2026-06-05T20:30:23+07:00,sunshine-riverside,1730,work_to_home,21.35,21.35,21.35,9.8,OK
2026-06-05T20:30:23+07:00,ho-guom-plaza,1730,work_to_home,23.75,23.75,23.75,8.42,OK
2026-06-05T20:30:23+07:00,eco-green-city,1730,work_to_home,24.29,24.29,24.29,8.48,OK
2026-06-05T20:30:23+07:00,hateco-apollo,1730,work_to_home,26.62,26.62,26.62,12.81,OK
2026-06-05T20:30:23+07:00,iris-garden,1730,work_to_home,26.18,26.18,26.18,10.67,OK
2026-06-05T20:52:40+07:00,vinhomes-smart-city,1800,work_to_home,19.46,19.46,19.46,9.33,OK
2026-06-05T20:52:40+07:00,hd-mon-city,1800,work_to_home,20.3,20.3,20.3,6.45,OK
2026-06-05T20:52:40+07:00,my-dinh-pearl,1800,work_to_home,22.27,22.27,22.27,8.89,OK
2026-06-05T20:52:40+07:00,hoang-thanh-pearl,1800,work_to_home,26.78,26.78,26.78,11.54,OK
2026-06-05T20:52:40+07:00,mipec-riverside,1800,work_to_home,31.97,31.97,31.97,9.91,OK
2026-06-05T20:52:40+07:00,sunshine-riverside,1800,work_to_home,22.37,22.37,22.37,9.8,OK
2026-06-05T20:52:40+07:00,ho-guom-plaza,1800,work_to_home,23.69,23.69,23.69,8.42,OK
2026-06-05T20:52:40+07:00,eco-green-city,1800,work_to_home,23.29,23.29,23.29,8.48,OK
2026-06-05T20:52:40+07:00,hateco-apollo,1800,work_to_home,26.75,26.75,26.75,12.81,OK
2026-06-05T20:52:40+07:00,iris-garden,1800,work_to_home,25.76,25.76,25.76,8.2,OK
2026-06-06T09:41:48+07:00,vinhomes-smart-city,0700,home_to_work,21.72,21.72,21.72,10.23,OK
2026-06-06T09:41:48+07:00,hd-mon-city,0700,home_to_work,17.11,17.11,17.11,4.91,OK
2026-06-06T09:41:48+07:00,my-dinh-pearl,0700,home_to_work,23.13,23.13,23.13,7.65,OK
2026-06-06T09:41:48+07:00,hoang-thanh-pearl,0700,home_to_work,27.46,27.46,27.46,9.91,OK
2026-06-06T09:41:48+07:00,mipec-riverside,0700,home_to_work,32.76,32.76,32.76,9.55,OK
2026-06-06T09:41:48+07:00,sunshine-riverside,0700,home_to_work,19.2,19.2,19.2,7.89,OK
2026-06-06T09:41:48+07:00,ho-guom-plaza,0700,home_to_work,20.32,20.32,20.32,7.63,OK
2026-06-06T09:41:48+07:00,eco-green-city,0700,home_to_work,20.78,20.78,20.78,7.9,OK
2026-06-06T09:41:48+07:00,hateco-apollo,0700,home_to_work,29.56,29.56,29.56,13.71,OK
2026-06-06T09:41:48+07:00,iris-garden,0700,home_to_work,23.93,23.93,23.93,7.13,OK
2026-06-06T11:35:38+07:00,vinhomes-smart-city,0730,home_to_work,24.2,24.2,24.2,10.23,OK
2026-06-06T11:35:38+07:00,hd-mon-city,0730,home_to_work,15.65,15.65,15.65,4.91,OK
2026-06-06T11:35:38+07:00,my-dinh-pearl,0730,home_to_work,22.62,22.62,22.62,7.15,OK
2026-06-06T11:35:38+07:00,hoang-thanh-pearl,0730,home_to_work,28.72,28.72,28.72,10.68,OK
2026-06-06T11:35:38+07:00,mipec-riverside,0730,home_to_work,31.52,31.52,31.52,9.55,OK
2026-06-06T11:35:38+07:00,sunshine-riverside,0730,home_to_work,18.84,18.84,18.84,7.89,OK
2026-06-06T11:35:38+07:00,ho-guom-plaza,0730,home_to_work,20.81,20.81,20.81,7.63,OK
2026-06-06T11:35:38+07:00,eco-green-city,0730,home_to_work,21.9,21.9,21.9,7.9,OK
2026-06-06T11:35:38+07:00,hateco-apollo,0730,home_to_work,31.56,31.56,31.56,12.53,OK
2026-06-06T11:35:38+07:00,iris-garden,0730,home_to_work,22.3,22.3,22.3,7.13,OK
2026-06-06T18:50:41+07:00,vinhomes-smart-city,1730,work_to_home,19.08,19.08,19.08,9.33,OK
2026-06-06T18:50:41+07:00,hd-mon-city,1730,work_to_home,19.9,19.9,19.9,6.45,OK
2026-06-06T18:50:41+07:00,my-dinh-pearl,1730,work_to_home,21.52,21.52,21.52,8.89,OK
2026-06-06T18:50:41+07:00,hoang-thanh-pearl,1730,work_to_home,25.68,25.68,25.68,11.54,OK
2026-06-06T18:50:41+07:00,mipec-riverside,1730,work_to_home,33.21,33.21,33.21,9.91,OK
2026-06-06T18:50:41+07:00,sunshine-riverside,1730,work_to_home,22.52,22.52,22.52,9.81,OK
2026-06-06T18:50:41+07:00,ho-guom-plaza,1730,work_to_home,20.04,20.04,20.04,7.81,OK
2026-06-06T18:50:41+07:00,eco-green-city,1730,work_to_home,21.13,21.13,21.13,7.74,OK
2026-06-06T18:50:41+07:00,hateco-apollo,1730,work_to_home,27.69,27.69,27.69,12.81,OK
2026-06-06T18:50:41+07:00,iris-garden,1730,work_to_home,25.35,25.35,25.35,8.2,OK
2026-06-06T19:06:51+07:00,vinhomes-smart-city,1800,work_to_home,19.12,19.12,19.12,9.33,OK
2026-06-06T19:06:51+07:00,hd-mon-city,1800,work_to_home,19.83,19.83,19.83,6.45,OK
2026-06-06T19:06:51+07:00,my-dinh-pearl,1800,work_to_home,21.43,21.43,21.43,8.89,OK
2026-06-06T19:06:51+07:00,hoang-thanh-pearl,1800,work_to_home,25.94,25.94,25.94,11.54,OK
2026-06-06T19:06:51+07:00,mipec-riverside,1800,work_to_home,33.06,33.06,33.06,9.91,OK
2026-06-06T19:06:51+07:00,sunshine-riverside,1800,work_to_home,21.92,21.92,21.92,9.8,OK
2026-06-06T19:06:51+07:00,ho-guom-plaza,1800,work_to_home,21.8,21.8,21.8,7.81,OK
2026-06-06T19:06:51+07:00,eco-green-city,1800,work_to_home,22.46,22.46,22.46,7.86,OK
2026-06-06T19:06:51+07:00,hateco-apollo,1800,work_to_home,26.65,26.65,26.65,12.81,OK
2026-06-06T19:06:51+07:00,iris-garden,1800,work_to_home,25.3,25.3,25.3,8.2,OK
2026-06-07T10:24:15+07:00,vinhomes-smart-city,0700,home_to_work,20.75,20.75,20.75,10.23,OK
2026-06-07T10:24:15+07:00,hd-mon-city,0700,home_to_work,14.57,14.57,14.57,4.91,OK
2026-06-07T10:24:15+07:00,my-dinh-pearl,0700,home_to_work,21.55,21.55,21.55,7.15,OK
2026-06-07T10:24:15+07:00,hoang-thanh-pearl,0700,home_to_work,27.32,27.32,27.32,10.68,OK
2026-06-07T10:24:15+07:00,mipec-riverside,0700,home_to_work,31.97,31.97,31.97,9.55,OK
2026-06-07T10:24:15+07:00,sunshine-riverside,0700,home_to_work,17.34,17.34,17.34,7.89,OK
2026-06-07T10:24:15+07:00,ho-guom-plaza,0700,home_to_work,19.69,19.69,19.69,7.63,OK
2026-06-07T10:24:15+07:00,eco-green-city,0700,home_to_work,21.19,21.19,21.19,7.9,OK
2026-06-07T10:24:15+07:00,hateco-apollo,0700,home_to_work,28.34,28.34,28.34,13.71,OK
2026-06-07T10:24:15+07:00,iris-garden,0700,home_to_work,20.74,20.74,20.74,7.13,OK
2026-06-07T12:05:46+07:00,vinhomes-smart-city,0730,home_to_work,20.88,20.88,20.88,10.23,OK
2026-06-07T12:05:46+07:00,hd-mon-city,0730,home_to_work,17.35,17.35,17.35,4.91,OK
2026-06-07T12:05:46+07:00,my-dinh-pearl,0730,home_to_work,22.88,22.88,22.88,7.65,OK
2026-06-07T12:05:46+07:00,hoang-thanh-pearl,0730,home_to_work,26.64,26.64,26.64,9.91,OK
2026-06-07T12:05:46+07:00,mipec-riverside,0730,home_to_work,31.02,31.02,31.02,9.55,OK
2026-06-07T12:05:46+07:00,sunshine-riverside,0730,home_to_work,18.73,18.73,18.73,7.89,OK
2026-06-07T12:05:46+07:00,ho-guom-plaza,0730,home_to_work,20.08,20.08,20.08,7.63,OK
2026-06-07T12:05:46+07:00,eco-green-city,0730,home_to_work,19.22,19.22,19.22,7.9,OK
2026-06-07T12:05:46+07:00,hateco-apollo,0730,home_to_work,28.84,28.84,28.84,13.71,OK
2026-06-07T12:05:46+07:00,iris-garden,0730,home_to_work,23.79,23.79,23.79,7.13,OK
2026-06-07T19:06:48+07:00,vinhomes-smart-city,1730,work_to_home,18.18,18.18,18.18,9.33,OK
2026-06-07T19:06:48+07:00,hd-mon-city,1730,work_to_home,19.15,19.15,19.15,6.45,OK
2026-06-07T19:06:48+07:00,my-dinh-pearl,1730,work_to_home,20.08,20.08,20.08,8.89,OK
2026-06-07T19:06:48+07:00,hoang-thanh-pearl,1730,work_to_home,24.4,24.4,24.4,11.54,OK
2026-06-07T19:06:48+07:00,mipec-riverside,1730,work_to_home,31.8,31.8,31.8,9.91,OK
2026-06-07T19:06:48+07:00,sunshine-riverside,1730,work_to_home,21.01,21.01,21.01,9.8,OK
2026-06-07T19:06:48+07:00,ho-guom-plaza,1730,work_to_home,19.59,19.59,19.59,7.81,OK
2026-06-07T19:06:48+07:00,eco-green-city,1730,work_to_home,20.8,20.8,20.8,7.87,OK
2026-06-07T19:06:48+07:00,hateco-apollo,1730,work_to_home,26.78,26.78,26.78,12.81,OK
2026-06-07T19:06:48+07:00,iris-garden,1730,work_to_home,25.19,25.19,25.19,8.2,OK
2026-06-07T19:22:19+07:00,vinhomes-smart-city,1800,work_to_home,17.97,17.97,17.97,9.33,OK
2026-06-07T19:22:19+07:00,hd-mon-city,1800,work_to_home,18.69,18.69,18.69,6.45,OK
2026-06-07T19:22:19+07:00,my-dinh-pearl,1800,work_to_home,19.64,19.64,19.64,8.89,OK
2026-06-07T19:22:19+07:00,hoang-thanh-pearl,1800,work_to_home,24.9,24.9,24.9,11.55,OK
2026-06-07T19:22:19+07:00,mipec-riverside,1800,work_to_home,33.15,33.15,33.15,9.91,OK
2026-06-07T19:22:19+07:00,sunshine-riverside,1800,work_to_home,19.67,19.67,19.67,8.77,OK
2026-06-07T19:22:19+07:00,ho-guom-plaza,1800,work_to_home,24.34,24.34,24.34,8.42,OK
2026-06-07T19:22:19+07:00,eco-green-city,1800,work_to_home,21.33,21.33,21.33,8.48,OK
2026-06-07T19:22:19+07:00,hateco-apollo,1800,work_to_home,26.14,26.14,26.14,12.81,OK
2026-06-07T19:22:19+07:00,iris-garden,1800,work_to_home,26.61,26.61,26.61,10.67,OK
2026-06-08T10:30:00+07:00,vinhomes-smart-city,0700,home_to_work,22.59,22.59,22.59,10.23,OK
2026-06-08T10:30:00+07:00,hd-mon-city,0700,home_to_work,16.41,16.41,16.41,4.91,OK
2026-06-08T10:30:00+07:00,my-dinh-pearl,0700,home_to_work,23.06,23.06,23.06,7.15,OK
2026-06-08T10:30:00+07:00,hoang-thanh-pearl,0700,home_to_work,28.53,28.53,28.53,10.68,OK
2026-06-08T10:30:00+07:00,mipec-riverside,0700,home_to_work,30.35,30.35,30.35,9.7,OK
2026-06-08T10:30:00+07:00,sunshine-riverside,0700,home_to_work,17.43,17.43,17.43,7.89,OK
2026-06-08T10:30:00+07:00,ho-guom-plaza,0700,home_to_work,21.62,21.62,21.62,7.63,OK
2026-06-08T10:30:00+07:00,eco-green-city,0700,home_to_work,23.81,23.81,23.81,7.9,OK
2026-06-08T10:30:00+07:00,hateco-apollo,0700,home_to_work,29.78,29.78,29.78,13.71,OK
2026-06-08T10:30:00+07:00,iris-garden,0700,home_to_work,22.49,22.49,22.49,7.13,OK
2026-06-08T12:11:48+07:00,vinhomes-smart-city,0730,home_to_work,21.81,21.81,21.81,10.23,OK
2026-06-08T12:11:48+07:00,hd-mon-city,0730,home_to_work,16.31,16.31,16.31,4.91,OK
2026-06-08T12:11:48+07:00,my-dinh-pearl,0730,home_to_work,21.79,21.79,21.79,7.61,OK
2026-06-08T12:11:48+07:00,hoang-thanh-pearl,0730,home_to_work,26.05,26.05,26.05,9.91,OK
2026-06-08T12:11:48+07:00,mipec-riverside,0730,home_to_work,32.13,32.13,32.13,9.7,OK
2026-06-08T12:11:48+07:00,sunshine-riverside,0730,home_to_work,18.48,18.48,18.48,7.89,OK
2026-06-08T12:11:48+07:00,ho-guom-plaza,0730,home_to_work,21.99,21.99,21.99,8.02,OK
2026-06-08T12:11:48+07:00,eco-green-city,0730,home_to_work,23.82,23.82,23.82,7.94,OK
2026-06-08T12:11:48+07:00,hateco-apollo,0730,home_to_work,29.27,29.27,29.27,13.71,OK
2026-06-08T12:11:48+07:00,iris-garden,0730,home_to_work,21.84,21.84,21.84,7.13,OK
2026-06-08T21:32:27+07:00,vinhomes-smart-city,1730,work_to_home,19.33,19.33,19.33,9.33,OK
2026-06-08T21:32:27+07:00,hd-mon-city,1730,work_to_home,19.55,19.55,19.55,6.45,OK
2026-06-08T21:32:27+07:00,my-dinh-pearl,1730,work_to_home,21.21,21.21,21.21,8.89,OK
2026-06-08T21:32:27+07:00,hoang-thanh-pearl,1730,work_to_home,25.15,25.15,25.15,11.54,OK
2026-06-08T21:32:27+07:00,mipec-riverside,1730,work_to_home,32.27,32.27,32.27,9.91,OK
2026-06-08T21:32:27+07:00,sunshine-riverside,1730,work_to_home,20.49,20.49,20.49,9.8,OK
2026-06-08T21:32:27+07:00,ho-guom-plaza,1730,work_to_home,21.25,21.25,21.25,8.22,OK
2026-06-08T21:32:27+07:00,eco-green-city,1730,work_to_home,22.96,22.96,22.96,8.48,OK
2026-06-08T21:32:27+07:00,hateco-apollo,1730,work_to_home,26.68,26.68,26.68,12.81,OK
2026-06-08T21:32:27+07:00,iris-garden,1730,work_to_home,25.6,25.6,25.6,8.2,OK
2026-06-08T21:49:49+07:00,vinhomes-smart-city,1800,work_to_home,19.04,19.04,19.04,9.33,OK
2026-06-08T21:49:49+07:00,hd-mon-city,1800,work_to_home,18.83,18.83,18.83,6.45,OK
2026-06-08T21:49:49+07:00,my-dinh-pearl,1800,work_to_home,20.89,20.89,20.89,8.89,OK
2026-06-08T21:49:49+07:00,hoang-thanh-pearl,1800,work_to_home,24.76,24.76,24.76,11.54,OK
2026-06-08T21:49:49+07:00,mipec-riverside,1800,work_to_home,32.18,32.18,32.18,9.91,OK
2026-06-08T21:49:49+07:00,sunshine-riverside,1800,work_to_home,21.38,21.38,21.38,9.8,OK
2026-06-08T21:49:49+07:00,ho-guom-plaza,1800,work_to_home,20.65,20.65,20.65,8.42,OK
2026-06-08T21:49:49+07:00,eco-green-city,1800,work_to_home,21.25,21.25,21.25,8.48,OK
2026-06-08T21:49:49+07:00,hateco-apollo,1800,work_to_home,26.39,26.39,26.39,12.81,OK
2026-06-08T21:49:49+07:00,iris-garden,1800,work_to_home,25.73,25.73,25.73,10.67,OK
2026-06-09T09:40:46+07:00,vinhomes-smart-city,0700,home_to_work,24.55,24.55,24.55,10.23,OK
2026-06-09T09:40:46+07:00,hd-mon-city,0700,home_to_work,17.34,17.34,17.34,4.91,OK
2026-06-09T09:40:46+07:00,my-dinh-pearl,0700,home_to_work,24.94,24.94,24.94,7.15,OK
2026-06-09T09:40:46+07:00,hoang-thanh-pearl,0700,home_to_work,29.43,29.43,29.43,10.68,OK
2026-06-09T09:40:46+07:00,mipec-riverside,0700,home_to_work,31.89,31.89,31.89,9.55,OK
2026-06-09T09:40:46+07:00,sunshine-riverside,0700,home_to_work,19.0,19.0,19.0,7.89,OK
2026-06-09T09:40:46+07:00,ho-guom-plaza,0700,home_to_work,23.73,23.73,23.73,7.63,OK
2026-06-09T09:40:46+07:00,eco-green-city,0700,home_to_work,26.32,26.32,26.32,7.9,OK
2026-06-09T09:40:46+07:00,hateco-apollo,0700,home_to_work,32.3,32.3,32.3,12.54,OK
2026-06-09T09:40:46+07:00,iris-garden,0700,home_to_work,23.55,23.55,23.55,7.13,OK
2026-06-09T11:44:29+07:00,vinhomes-smart-city,0730,home_to_work,21.07,21.07,21.07,10.23,OK
2026-06-09T11:44:29+07:00,hd-mon-city,0730,home_to_work,17.07,17.07,17.07,4.91,OK
2026-06-09T11:44:29+07:00,my-dinh-pearl,0730,home_to_work,23.17,23.17,23.17,7.61,OK
2026-06-09T11:44:29+07:00,hoang-thanh-pearl,0730,home_to_work,26.79,26.79,26.79,9.85,OK
2026-06-09T11:44:29+07:00,mipec-riverside,0730,home_to_work,30.38,30.38,30.38,9.7,OK
2026-06-09T11:44:29+07:00,sunshine-riverside,0730,home_to_work,19.05,19.05,19.05,7.89,OK
2026-06-09T11:44:29+07:00,ho-guom-plaza,0730,home_to_work,20.39,20.39,20.39,7.63,OK
2026-06-09T11:44:29+07:00,eco-green-city,0730,home_to_work,22.03,22.03,22.03,7.9,OK
2026-06-09T11:44:29+07:00,hateco-apollo,0730,home_to_work,28.52,28.52,28.52,13.71,OK
2026-06-09T11:44:29+07:00,iris-garden,0730,home_to_work,23.04,23.04,23.04,7.13,OK
2026-06-09T20:22:10+07:00,vinhomes-smart-city,1730,work_to_home,19.28,19.28,19.28,9.33,OK
2026-06-09T20:22:10+07:00,hd-mon-city,1730,work_to_home,20.15,20.15,20.15,6.45,OK
2026-06-09T20:22:10+07:00,my-dinh-pearl,1730,work_to_home,22.07,22.07,22.07,8.89,OK
2026-06-09T20:22:10+07:00,hoang-thanh-pearl,1730,work_to_home,26.17,26.17,26.17,11.54,OK
2026-06-09T20:22:10+07:00,mipec-riverside,1730,work_to_home,32.77,32.77,32.77,9.91,OK
2026-06-09T20:22:10+07:00,sunshine-riverside,1730,work_to_home,21.61,21.61,21.61,9.8,OK
2026-06-09T20:22:10+07:00,ho-guom-plaza,1730,work_to_home,20.81,20.81,20.81,8.42,OK
2026-06-09T20:22:10+07:00,eco-green-city,1730,work_to_home,20.99,20.99,20.99,8.48,OK
2026-06-09T20:22:10+07:00,hateco-apollo,1730,work_to_home,27.08,27.08,27.08,12.81,OK
2026-06-09T20:22:10+07:00,iris-garden,1730,work_to_home,26.0,26.0,26.0,8.2,OK
2026-06-09T20:45:14+07:00,vinhomes-smart-city,1800,work_to_home,18.82,18.82,18.82,9.33,OK
2026-06-09T20:45:14+07:00,hd-mon-city,1800,work_to_home,19.69,19.69,19.69,6.45,OK
2026-06-09T20:45:14+07:00,my-dinh-pearl,1800,work_to_home,20.46,20.46,20.46,8.89,OK
2026-06-09T20:45:14+07:00,hoang-thanh-pearl,1800,work_to_home,24.2,24.2,24.2,11.54,OK
2026-06-09T20:45:14+07:00,mipec-riverside,1800,work_to_home,30.92,30.92,30.92,9.91,OK
2026-06-09T20:45:14+07:00,sunshine-riverside,1800,work_to_home,21.66,21.66,21.66,9.8,OK
2026-06-09T20:45:14+07:00,ho-guom-plaza,1800,work_to_home,21.59,21.59,21.59,8.44,OK
2026-06-09T20:45:14+07:00,eco-green-city,1800,work_to_home,22.0,22.0,22.0,8.5,OK
2026-06-09T20:45:14+07:00,hateco-apollo,1800,work_to_home,26.53,26.53,26.53,12.81,OK
2026-06-09T20:45:14+07:00,iris-garden,1800,work_to_home,24.75,24.75,24.75,8.2,OK
2026-06-10T09:54:20+07:00,vinhomes-smart-city,0700,home_to_work,22.56,22.56,22.56,10.23,OK
2026-06-10T09:54:20+07:00,hd-mon-city,0700,home_to_work,17.41,17.41,17.41,4.91,OK
2026-06-10T09:54:20+07:00,my-dinh-pearl,0700,home_to_work,24.82,24.82,24.82,7.61,OK
2026-06-10T09:54:20+07:00,hoang-thanh-pearl,0700,home_to_work,30.05,30.05,30.05,10.68,OK
2026-06-10T09:54:20+07:00,mipec-riverside,0700,home_to_work,31.77,31.77,31.77,9.55,OK
2026-06-10T09:54:20+07:00,sunshine-riverside,0700,home_to_work,18.93,18.93,18.93,7.89,OK
2026-06-10T09:54:20+07:00,ho-guom-plaza,0700,home_to_work,20.26,20.26,20.26,7.63,OK
2026-06-10T09:54:20+07:00,eco-green-city,0700,home_to_work,23.05,23.05,23.05,7.9,OK
2026-06-10T09:54:20+07:00,hateco-apollo,0700,home_to_work,30.22,30.22,30.22,13.71,OK
2026-06-10T09:54:20+07:00,iris-garden,0700,home_to_work,23.55,23.55,23.55,7.13,OK
2026-06-10T11:56:20+07:00,vinhomes-smart-city,0730,home_to_work,21.29,21.29,21.29,10.23,OK
2026-06-10T11:56:20+07:00,hd-mon-city,0730,home_to_work,16.26,16.26,16.26,4.91,OK
2026-06-10T11:56:20+07:00,my-dinh-pearl,0730,home_to_work,23.18,23.18,23.18,7.61,OK
2026-06-10T11:56:20+07:00,hoang-thanh-pearl,0730,home_to_work,28.55,28.55,28.55,10.68,OK
2026-06-10T11:56:20+07:00,mipec-riverside,0730,home_to_work,31.01,31.01,31.01,9.55,OK
2026-06-10T11:56:20+07:00,sunshine-riverside,0730,home_to_work,18.46,18.46,18.46,7.89,OK
2026-06-10T11:56:20+07:00,ho-guom-plaza,0730,home_to_work,20.17,20.17,20.17,7.63,OK
2026-06-10T11:56:20+07:00,eco-green-city,0730,home_to_work,21.76,21.76,21.76,7.9,OK
2026-06-10T11:56:20+07:00,hateco-apollo,0730,home_to_work,28.75,28.75,28.75,13.71,OK
2026-06-10T11:56:20+07:00,iris-garden,0730,home_to_work,22.56,22.56,22.56,7.13,OK
2026-06-10T20:53:42+07:00,vinhomes-smart-city,1730,work_to_home,18.66,18.66,18.66,9.33,OK
2026-06-10T20:53:42+07:00,hd-mon-city,1730,work_to_home,20.24,20.24,20.24,6.45,OK
2026-06-10T20:53:42+07:00,my-dinh-pearl,1730,work_to_home,20.95,20.95,20.95,8.89,OK
2026-06-10T20:53:42+07:00,hoang-thanh-pearl,1730,work_to_home,24.73,24.73,24.73,11.54,OK
2026-06-10T20:53:42+07:00,mipec-riverside,1730,work_to_home,33.07,33.07,33.07,9.91,OK
2026-06-10T20:53:42+07:00,sunshine-riverside,1730,work_to_home,21.27,21.27,21.27,9.8,OK
2026-06-10T20:53:42+07:00,ho-guom-plaza,1730,work_to_home,20.82,20.82,20.82,7.81,OK
2026-06-10T20:53:42+07:00,eco-green-city,1730,work_to_home,21.45,21.45,21.45,7.86,OK
2026-06-10T20:53:42+07:00,hateco-apollo,1730,work_to_home,26.25,26.25,26.25,12.81,OK
2026-06-10T20:53:42+07:00,iris-garden,1730,work_to_home,25.18,25.18,25.18,8.2,OK
2026-06-10T21:24:50+07:00,vinhomes-smart-city,1800,work_to_home,17.74,17.74,17.74,9.33,OK
2026-06-10T21:24:50+07:00,hd-mon-city,1800,work_to_home,18.79,18.79,18.79,6.45,OK
2026-06-10T21:24:50+07:00,my-dinh-pearl,1800,work_to_home,19.78,19.78,19.78,8.89,OK
2026-06-10T21:24:50+07:00,hoang-thanh-pearl,1800,work_to_home,23.77,23.77,23.77,11.54,OK
2026-06-10T21:24:50+07:00,mipec-riverside,1800,work_to_home,32.76,32.76,32.76,9.91,OK
2026-06-10T21:24:50+07:00,sunshine-riverside,1800,work_to_home,21.06,21.06,21.06,9.81,OK
2026-06-10T21:24:50+07:00,ho-guom-plaza,1800,work_to_home,20.08,20.08,20.08,8.44,OK
2026-06-10T21:24:50+07:00,eco-green-city,1800,work_to_home,20.93,20.93,20.93,8.5,OK
2026-06-10T21:24:50+07:00,hateco-apollo,1800,work_to_home,25.1,25.1,25.1,12.81,OK
2026-06-10T21:24:50+07:00,iris-garden,1800,work_to_home,25.05,25.05,25.05,10.67,OK
2026-06-11T10:28:10+07:00,vinhomes-smart-city,0700,home_to_work,23.85,23.85,23.85,10.23,OK
2026-06-11T10:28:10+07:00,hd-mon-city,0700,home_to_work,17.32,17.32,17.32,4.91,OK
2026-06-11T10:28:10+07:00,my-dinh-pearl,0700,home_to_work,23.79,23.79,23.79,7.65,OK
2026-06-11T10:28:10+07:00,hoang-thanh-pearl,0700,home_to_work,29.82,29.82,29.82,10.68,OK
2026-06-11T10:28:10+07:00,mipec-riverside,0700,home_to_work,31.36,31.36,31.36,9.7,OK
2026-06-11T10:28:10+07:00,sunshine-riverside,0700,home_to_work,18.18,18.18,18.18,7.89,OK
2026-06-11T10:28:10+07:00,ho-guom-plaza,0700,home_to_work,21.67,21.67,21.67,7.63,OK
2026-06-11T10:28:10+07:00,eco-green-city,0700,home_to_work,23.08,23.08,23.08,7.9,OK
2026-06-11T10:28:10+07:00,hateco-apollo,0700,home_to_work,32.55,32.55,32.55,12.54,OK
2026-06-11T10:28:10+07:00,iris-garden,0700,home_to_work,23.88,23.88,23.88,7.13,OK
2026-06-11T12:08:26+07:00,vinhomes-smart-city,0730,home_to_work,21.42,21.42,21.42,10.23,OK
2026-06-11T12:08:26+07:00,hd-mon-city,0730,home_to_work,15.87,15.87,15.87,4.91,OK
2026-06-11T12:08:26+07:00,my-dinh-pearl,0730,home_to_work,21.96,21.96,21.96,7.15,OK
2026-06-11T12:08:26+07:00,hoang-thanh-pearl,0730,home_to_work,27.32,27.32,27.32,10.68,OK
2026-06-11T12:08:26+07:00,mipec-riverside,0730,home_to_work,31.08,31.08,31.08,9.55,OK
2026-06-11T12:08:26+07:00,sunshine-riverside,0730,home_to_work,17.55,17.55,17.55,7.89,OK
2026-06-11T12:08:26+07:00,ho-guom-plaza,0730,home_to_work,20.79,20.79,20.79,7.63,OK
2026-06-11T12:08:26+07:00,eco-green-city,0730,home_to_work,21.3,21.3,21.3,7.9,OK
2026-06-11T12:08:26+07:00,hateco-apollo,0730,home_to_work,28.88,28.88,28.88,13.71,OK
2026-06-11T12:08:26+07:00,iris-garden,0730,home_to_work,21.54,21.54,21.54,7.13,OK
2026-06-11T21:14:17+07:00,vinhomes-smart-city,1730,work_to_home,18.11,18.11,18.11,9.33,OK
2026-06-11T21:14:17+07:00,hd-mon-city,1730,work_to_home,19.41,19.41,19.41,6.45,OK
2026-06-11T21:14:17+07:00,my-dinh-pearl,1730,work_to_home,20.39,20.39,20.39,8.89,OK
2026-06-11T21:14:17+07:00,hoang-thanh-pearl,1730,work_to_home,25.14,25.14,25.14,11.54,OK
2026-06-11T21:14:17+07:00,mipec-riverside,1730,work_to_home,32.61,32.61,32.61,9.91,OK
2026-06-11T21:14:17+07:00,sunshine-riverside,1730,work_to_home,21.32,21.32,21.32,9.8,OK
2026-06-11T21:14:17+07:00,ho-guom-plaza,1730,work_to_home,20.96,20.96,20.96,8.42,OK
2026-06-11T21:14:17+07:00,eco-green-city,1730,work_to_home,22.22,22.22,22.22,8.48,OK
2026-06-11T21:14:17+07:00,hateco-apollo,1730,work_to_home,25.47,25.47,25.47,12.81,OK
2026-06-11T21:14:17+07:00,iris-garden,1730,work_to_home,25.34,25.34,25.34,10.67,OK
2026-06-11T21:39:55+07:00,vinhomes-smart-city,1800,work_to_home,18.26,18.26,18.26,9.33,OK
2026-06-11T21:39:55+07:00,hd-mon-city,1800,work_to_home,19.02,19.02,19.02,6.45,OK
2026-06-11T21:39:55+07:00,my-dinh-pearl,1800,work_to_home,20.42,20.42,20.42,8.89,OK
2026-06-11T21:39:55+07:00,hoang-thanh-pearl,1800,work_to_home,24.41,24.41,24.41,11.54,OK
2026-06-11T21:39:55+07:00,mipec-riverside,1800,work_to_home,31.27,31.27,31.27,9.91,OK
2026-06-11T21:39:55+07:00,sunshine-riverside,1800,work_to_home,20.88,20.88,20.88,9.8,OK
2026-06-11T21:39:55+07:00,ho-guom-plaza,1800,work_to_home,20.69,20.69,20.69,8.42,OK
2026-06-11T21:39:55+07:00,eco-green-city,1800,work_to_home,21.02,21.02,21.02,8.48,OK
2026-06-11T21:39:55+07:00,hateco-apollo,1800,work_to_home,25.74,25.74,25.74,12.81,OK
2026-06-11T21:39:55+07:00,iris-garden,1800,work_to_home,25.1,25.1,25.1,10.67,OK
2026-06-12T10:27:10+07:00,vinhomes-smart-city,0700,home_to_work,21.86,21.86,21.86,10.23,OK
2026-06-12T10:27:10+07:00,hd-mon-city,0700,home_to_work,16.36,16.36,16.36,4.91,OK
2026-06-12T10:27:10+07:00,my-dinh-pearl,0700,home_to_work,22.97,22.97,22.97,7.15,OK
2026-06-12T10:27:10+07:00,hoang-thanh-pearl,0700,home_to_work,28.39,28.39,28.39,10.68,OK
2026-06-12T10:27:10+07:00,mipec-riverside,0700,home_to_work,32.71,32.71,32.71,9.7,OK
2026-06-12T10:27:10+07:00,sunshine-riverside,0700,home_to_work,18.12,18.12,18.12,7.89,OK
2026-06-12T10:27:10+07:00,ho-guom-plaza,0700,home_to_work,22.16,22.16,22.16,7.63,OK
2026-06-12T10:27:10+07:00,eco-green-city,0700,home_to_work,24.76,24.76,24.76,7.9,OK
2026-06-12T10:27:10+07:00,hateco-apollo,0700,home_to_work,28.98,28.98,28.98,13.71,OK
2026-06-12T10:27:10+07:00,iris-garden,0700,home_to_work,22.48,22.48,22.48,7.13,OK
2026-06-12T12:13:23+07:00,vinhomes-smart-city,0730,home_to_work,20.51,20.51,20.51,10.23,OK
2026-06-12T12:13:23+07:00,hd-mon-city,0730,home_to_work,15.09,15.09,15.09,4.91,OK
2026-06-12T12:13:23+07:00,my-dinh-pearl,0730,home_to_work,21.34,21.34,21.34,7.15,OK
2026-06-12T12:13:23+07:00,hoang-thanh-pearl,0730,home_to_work,26.4,26.4,26.4,10.68,OK
2026-06-12T12:13:23+07:00,mipec-riverside,0730,home_to_work,30.36,30.36,30.36,9.55,OK
2026-06-12T12:13:23+07:00,sunshine-riverside,0730,home_to_work,17.14,17.14,17.14,7.89,OK
2026-06-12T12:13:23+07:00,ho-guom-plaza,0730,home_to_work,17.6,17.6,17.6,7.63,OK
2026-06-12T12:13:23+07:00,eco-green-city,0730,home_to_work,19.44,19.44,19.44,7.9,OK
2026-06-12T12:13:23+07:00,hateco-apollo,0730,home_to_work,27.68,27.68,27.68,13.71,OK
2026-06-12T12:13:23+07:00,iris-garden,0730,home_to_work,20.77,20.77,20.77,7.13,OK
2026-06-12T20:45:10+07:00,vinhomes-smart-city,1730,work_to_home,18.37,18.37,18.37,9.33,OK
2026-06-12T20:45:10+07:00,hd-mon-city,1730,work_to_home,19.89,19.89,19.89,6.45,OK
2026-06-12T20:45:10+07:00,my-dinh-pearl,1730,work_to_home,20.77,20.77,20.77,8.89,OK
2026-06-12T20:45:10+07:00,hoang-thanh-pearl,1730,work_to_home,24.88,24.88,24.88,11.54,OK
2026-06-12T20:45:10+07:00,mipec-riverside,1730,work_to_home,32.05,32.05,32.05,9.91,OK
2026-06-12T20:45:10+07:00,sunshine-riverside,1730,work_to_home,22.47,22.47,22.47,9.8,OK
2026-06-12T20:45:10+07:00,ho-guom-plaza,1730,work_to_home,21.93,21.93,21.93,8.42,OK
2026-06-12T20:45:10+07:00,eco-green-city,1730,work_to_home,22.17,22.17,22.17,8.48,OK
2026-06-12T20:45:10+07:00,hateco-apollo,1730,work_to_home,25.95,25.95,25.95,12.81,OK
2026-06-12T20:45:10+07:00,iris-garden,1730,work_to_home,26.15,26.15,26.15,10.67,OK
2026-06-12T21:11:09+07:00,vinhomes-smart-city,1800,work_to_home,17.57,17.57,17.57,9.33,OK
2026-06-12T21:11:09+07:00,hd-mon-city,1800,work_to_home,18.79,18.79,18.79,6.45,OK
2026-06-12T21:11:09+07:00,my-dinh-pearl,1800,work_to_home,20.25,20.25,20.25,8.89,OK
2026-06-12T21:11:09+07:00,hoang-thanh-pearl,1800,work_to_home,24.24,24.24,24.24,11.54,OK
2026-06-12T21:11:09+07:00,mipec-riverside,1800,work_to_home,32.0,32.0,32.0,9.91,OK
2026-06-12T21:11:09+07:00,sunshine-riverside,1800,work_to_home,20.33,20.33,20.33,8.77,OK
2026-06-12T21:11:09+07:00,ho-guom-plaza,1800,work_to_home,21.19,21.19,21.19,8.42,OK
2026-06-12T21:11:09+07:00,eco-green-city,1800,work_to_home,22.18,22.18,22.18,8.48,OK
2026-06-12T21:11:09+07:00,hateco-apollo,1800,work_to_home,24.92,24.92,24.92,12.81,OK
2026-06-12T21:11:09+07:00,iris-garden,1800,work_to_home,25.29,25.29,25.29,10.67,OK
2026-06-13T09:53:24+07:00,vinhomes-smart-city,0700,home_to_work,22.32,22.32,22.32,10.23,OK
2026-06-13T09:53:24+07:00,hd-mon-city,0700,home_to_work,17.61,17.61,17.61,4.91,OK
2026-06-13T09:53:24+07:00,my-dinh-pearl,0700,home_to_work,23.06,23.06,23.06,7.8,OK
2026-06-13T09:53:24+07:00,hoang-thanh-pearl,0700,home_to_work,27.16,27.16,27.16,10.07,OK
2026-06-13T09:53:24+07:00,mipec-riverside,0700,home_to_work,33.16,33.16,33.16,9.55,OK
2026-06-13T09:53:24+07:00,sunshine-riverside,0700,home_to_work,18.48,18.48,18.48,7.89,OK
2026-06-13T09:53:24+07:00,ho-guom-plaza,0700,home_to_work,21.06,21.06,21.06,7.63,OK
2026-06-13T09:53:24+07:00,eco-green-city,0700,home_to_work,24.02,24.02,24.02,7.9,OK
2026-06-13T09:53:24+07:00,hateco-apollo,0700,home_to_work,30.16,30.16,30.16,13.71,OK
2026-06-13T09:53:24+07:00,iris-garden,0700,home_to_work,24.3,24.3,24.3,7.13,OK
2026-06-13T11:59:43+07:00,vinhomes-smart-city,0730,home_to_work,23.43,23.43,23.43,10.23,OK
2026-06-13T11:59:43+07:00,hd-mon-city,0730,home_to_work,17.25,17.25,17.25,4.91,OK
2026-06-13T11:59:43+07:00,my-dinh-pearl,0730,home_to_work,23.4,23.4,23.4,7.61,OK
2026-06-13T11:59:43+07:00,hoang-thanh-pearl,0730,home_to_work,27.73,27.73,27.73,9.91,OK
2026-06-13T11:59:43+07:00,mipec-riverside,0730,home_to_work,33.44,33.44,33.44,9.55,OK
2026-06-13T11:59:43+07:00,sunshine-riverside,0730,home_to_work,18.48,18.48,18.48,7.89,OK
2026-06-13T11:59:43+07:00,ho-guom-plaza,0730,home_to_work,20.09,20.09,20.09,7.63,OK
2026-06-13T11:59:43+07:00,eco-green-city,0730,home_to_work,22.41,22.41,22.41,7.9,OK
2026-06-13T11:59:43+07:00,hateco-apollo,0730,home_to_work,31.38,31.38,31.38,13.71,OK
2026-06-13T11:59:43+07:00,iris-garden,0730,home_to_work,23.69,23.69,23.69,7.13,OK
2026-06-13T19:07:31+07:00,vinhomes-smart-city,1730,work_to_home,18.48,18.48,18.48,9.33,OK
2026-06-13T19:07:31+07:00,hd-mon-city,1730,work_to_home,19.43,19.43,19.43,6.45,OK
2026-06-13T19:07:31+07:00,my-dinh-pearl,1730,work_to_home,20.11,20.11,20.11,8.89,OK
2026-06-13T19:07:31+07:00,hoang-thanh-pearl,1730,work_to_home,24.47,24.47,24.47,11.54,OK
2026-06-13T19:07:31+07:00,mipec-riverside,1730,work_to_home,33.89,33.89,33.89,9.91,OK
2026-06-13T19:07:31+07:00,sunshine-riverside,1730,work_to_home,23.44,23.44,23.44,9.8,OK
2026-06-13T19:07:31+07:00,ho-guom-plaza,1730,work_to_home,20.11,20.11,20.11,7.81,OK
2026-06-13T19:07:31+07:00,eco-green-city,1730,work_to_home,21.24,21.24,21.24,7.86,OK
2026-06-13T19:07:31+07:00,hateco-apollo,1730,work_to_home,27.09,27.09,27.09,12.81,OK
2026-06-13T19:07:31+07:00,iris-garden,1730,work_to_home,25.68,25.68,25.68,10.67,OK
2026-06-13T19:27:44+07:00,vinhomes-smart-city,1800,work_to_home,18.75,18.75,18.75,9.33,OK
2026-06-13T19:27:44+07:00,hd-mon-city,1800,work_to_home,19.11,19.11,19.11,6.45,OK
2026-06-13T19:27:44+07:00,my-dinh-pearl,1800,work_to_home,20.93,20.93,20.93,8.89,OK
2026-06-13T19:27:44+07:00,hoang-thanh-pearl,1800,work_to_home,27.24,27.24,27.24,11.54,OK
2026-06-13T19:27:44+07:00,mipec-riverside,1800,work_to_home,34.36,34.36,34.36,9.91,OK
2026-06-13T19:27:44+07:00,sunshine-riverside,1800,work_to_home,22.26,22.26,22.26,9.8,OK
2026-06-13T19:27:44+07:00,ho-guom-plaza,1800,work_to_home,20.21,20.21,20.21,7.81,OK
2026-06-13T19:27:44+07:00,eco-green-city,1800,work_to_home,20.68,20.68,20.68,7.86,OK
2026-06-13T19:27:44+07:00,hateco-apollo,1800,work_to_home,26.58,26.58,26.58,12.81,OK
2026-06-13T19:27:44+07:00,iris-garden,1800,work_to_home,23.79,23.79,23.79,8.2,OK
2026-06-14T10:30:48+07:00,vinhomes-smart-city,0700,home_to_work,21.61,21.61,21.61,10.23,OK
2026-06-14T10:30:48+07:00,hd-mon-city,0700,home_to_work,15.69,15.69,15.69,4.91,OK
2026-06-14T10:30:48+07:00,my-dinh-pearl,0700,home_to_work,22.13,22.13,22.13,7.15,OK
2026-06-14T10:30:48+07:00,hoang-thanh-pearl,0700,home_to_work,27.4,27.4,27.4,10.68,OK
2026-06-14T10:30:48+07:00,mipec-riverside,0700,home_to_work,32.0,32.0,32.0,9.56,OK
2026-06-14T10:30:48+07:00,sunshine-riverside,0700,home_to_work,18.2,18.2,18.2,7.89,OK
2026-06-14T10:30:48+07:00,ho-guom-plaza,0700,home_to_work,17.96,17.96,17.96,7.63,OK
2026-06-14T10:30:48+07:00,eco-green-city,0700,home_to_work,19.93,19.93,19.93,7.9,OK
2026-06-14T10:30:48+07:00,hateco-apollo,0700,home_to_work,29.2,29.2,29.2,13.71,OK
2026-06-14T10:30:48+07:00,iris-garden,0700,home_to_work,20.95,20.95,20.95,7.13,OK
2026-06-14T12:15:09+07:00,vinhomes-smart-city,0730,home_to_work,20.61,20.61,20.61,10.23,OK
2026-06-14T12:15:09+07:00,hd-mon-city,0730,home_to_work,15.13,15.13,15.13,4.91,OK
2026-06-14T12:15:09+07:00,my-dinh-pearl,0730,home_to_work,21.56,21.56,21.56,7.15,OK
2026-06-14T12:15:09+07:00,hoang-thanh-pearl,0730,home_to_work,26.25,26.25,26.25,10.68,OK
2026-06-14T12:15:09+07:00,mipec-riverside,0730,home_to_work,31.17,31.17,31.17,9.56,OK
2026-06-14T12:15:09+07:00,sunshine-riverside,0730,home_to_work,17.51,17.51,17.51,7.89,OK
2026-06-14T12:15:09+07:00,ho-guom-plaza,0730,home_to_work,17.8,17.8,17.8,7.63,OK
2026-06-14T12:15:09+07:00,eco-green-city,0730,home_to_work,19.55,19.55,19.55,7.9,OK
2026-06-14T12:15:09+07:00,hateco-apollo,0730,home_to_work,27.18,27.18,27.18,13.71,OK
2026-06-14T12:15:09+07:00,iris-garden,0730,home_to_work,20.76,20.76,20.76,7.13,OK
2026-06-14T19:20:15+07:00,vinhomes-smart-city,1730,work_to_home,18.98,18.98,18.98,9.33,OK
2026-06-14T19:20:15+07:00,hd-mon-city,1730,work_to_home,19.87,19.87,19.87,6.45,OK
2026-06-14T19:20:15+07:00,my-dinh-pearl,1730,work_to_home,21.39,21.39,21.39,8.89,OK
2026-06-14T19:20:15+07:00,hoang-thanh-pearl,1730,work_to_home,27.26,27.26,27.26,11.54,OK
2026-06-14T19:20:15+07:00,mipec-riverside,1730,work_to_home,34.56,34.56,34.56,9.91,OK
2026-06-14T19:20:15+07:00,sunshine-riverside,1730,work_to_home,20.47,20.47,20.47,8.77,OK
2026-06-14T19:20:15+07:00,ho-guom-plaza,1730,work_to_home,20.13,20.13,20.13,7.81,OK
2026-06-14T19:20:15+07:00,eco-green-city,1730,work_to_home,20.85,20.85,20.85,7.86,OK
2026-06-14T19:20:15+07:00,hateco-apollo,1730,work_to_home,26.82,26.82,26.82,12.81,OK
2026-06-14T19:20:15+07:00,iris-garden,1730,work_to_home,25.76,25.76,25.76,10.67,OK
2026-06-14T20:00:07+07:00,vinhomes-smart-city,1800,work_to_home,18.18,18.18,18.18,9.33,OK
2026-06-14T20:00:07+07:00,hd-mon-city,1800,work_to_home,19.38,19.38,19.38,6.45,OK
2026-06-14T20:00:07+07:00,my-dinh-pearl,1800,work_to_home,20.22,20.22,20.22,8.89,OK
2026-06-14T20:00:07+07:00,hoang-thanh-pearl,1800,work_to_home,26.17,26.17,26.17,11.54,OK
2026-06-14T20:00:07+07:00,mipec-riverside,1800,work_to_home,33.34,33.34,33.34,9.91,OK
2026-06-14T20:00:07+07:00,sunshine-riverside,1800,work_to_home,21.02,21.02,21.02,8.77,OK
2026-06-14T20:00:07+07:00,ho-guom-plaza,1800,work_to_home,21.1,21.1,21.1,8.42,OK
2026-06-14T20:00:07+07:00,eco-green-city,1800,work_to_home,22.7,22.7,22.7,8.48,OK
2026-06-14T20:00:07+07:00,hateco-apollo,1800,work_to_home,25.83,25.83,25.83,12.81,OK
2026-06-14T20:00:07+07:00,iris-garden,1800,work_to_home,24.7,24.7,24.7,10.67,OK
2026-06-15T10:40:32+07:00,vinhomes-smart-city,0700,home_to_work,21.02,21.02,21.02,10.23,OK
2026-06-15T10:40:32+07:00,hd-mon-city,0700,home_to_work,15.78,15.78,15.78,4.91,OK
2026-06-15T10:40:32+07:00,my-dinh-pearl,0700,home_to_work,22.59,22.59,22.59,7.15,OK
2026-06-15T10:40:32+07:00,hoang-thanh-pearl,0700,home_to_work,26.87,26.87,26.87,10.68,OK
2026-06-15T10:40:32+07:00,mipec-riverside,0700,home_to_work,31.21,31.21,31.21,9.56,OK
2026-06-15T10:40:32+07:00,sunshine-riverside,0700,home_to_work,18.75,18.75,18.75,7.89,OK
2026-06-15T10:40:32+07:00,ho-guom-plaza,0700,home_to_work,17.55,17.55,17.55,7.63,OK
2026-06-15T10:40:32+07:00,eco-green-city,0700,home_to_work,20.35,20.35,20.35,7.9,OK
2026-06-15T10:40:32+07:00,hateco-apollo,0700,home_to_work,28.21,28.21,28.21,13.71,OK
2026-06-15T10:40:32+07:00,iris-garden,0700,home_to_work,21.72,21.72,21.72,7.13,OK
2026-06-15T12:36:22+07:00,vinhomes-smart-city,0730,home_to_work,20.21,20.21,20.21,10.23,OK
2026-06-15T12:36:22+07:00,hd-mon-city,0730,home_to_work,15.65,15.65,15.65,4.91,OK
2026-06-15T12:36:22+07:00,my-dinh-pearl,0730,home_to_work,22.02,22.02,22.02,7.61,OK
2026-06-15T12:36:22+07:00,hoang-thanh-pearl,0730,home_to_work,27.46,27.46,27.46,10.68,OK
2026-06-15T12:36:22+07:00,mipec-riverside,0730,home_to_work,30.07,30.07,30.07,9.56,OK
2026-06-15T12:36:22+07:00,sunshine-riverside,0730,home_to_work,17.4,17.4,17.4,7.89,OK
2026-06-15T12:36:22+07:00,ho-guom-plaza,0730,home_to_work,17.32,17.32,17.32,7.63,OK
2026-06-15T12:36:22+07:00,eco-green-city,0730,home_to_work,19.51,19.51,19.51,7.9,OK
2026-06-15T12:36:22+07:00,hateco-apollo,0730,home_to_work,27.33,27.33,27.33,13.71,OK
2026-06-15T12:36:22+07:00,iris-garden,0730,home_to_work,21.57,21.57,21.57,7.13,OK
2026-06-15T23:06:46+07:00,vinhomes-smart-city,1730,work_to_home,18.86,18.86,18.86,9.33,OK
2026-06-15T23:06:46+07:00,hd-mon-city,1730,work_to_home,19.41,19.41,19.41,6.45,OK
2026-06-15T23:06:46+07:00,my-dinh-pearl,1730,work_to_home,21.56,21.56,21.56,8.89,OK
2026-06-15T23:06:46+07:00,hoang-thanh-pearl,1730,work_to_home,25.95,25.95,25.95,11.54,OK
2026-06-15T23:06:46+07:00,mipec-riverside,1730,work_to_home,30.85,30.85,30.85,9.91,OK
2026-06-15T23:06:46+07:00,sunshine-riverside,1730,work_to_home,20.22,20.22,20.22,9.8,OK
2026-06-15T23:06:46+07:00,ho-guom-plaza,1730,work_to_home,20.45,20.45,20.45,8.42,OK
2026-06-15T23:06:46+07:00,eco-green-city,1730,work_to_home,21.77,21.77,21.77,8.48,OK
2026-06-15T23:06:46+07:00,hateco-apollo,1730,work_to_home,25.61,25.61,25.61,12.81,OK
2026-06-15T23:06:46+07:00,iris-garden,1730,work_to_home,24.12,24.12,24.12,8.2,OK
2026-06-15T23:18:20+07:00,vinhomes-smart-city,1800,work_to_home,16.98,16.98,16.98,9.33,OK
2026-06-15T23:18:20+07:00,hd-mon-city,1800,work_to_home,18.1,18.1,18.1,9.1,OK
2026-06-15T23:18:20+07:00,my-dinh-pearl,1800,work_to_home,19.13,19.13,19.13,8.89,OK
2026-06-15T23:18:20+07:00,hoang-thanh-pearl,1800,work_to_home,23.49,23.49,23.49,11.54,OK
2026-06-15T23:18:20+07:00,mipec-riverside,1800,work_to_home,29.41,29.41,29.41,9.91,OK
2026-06-15T23:18:20+07:00,sunshine-riverside,1800,work_to_home,19.48,19.48,19.48,9.8,OK
2026-06-15T23:18:20+07:00,ho-guom-plaza,1800,work_to_home,18.05,18.05,18.05,8.42,OK
2026-06-15T23:18:20+07:00,eco-green-city,1800,work_to_home,18.98,18.98,18.98,8.48,OK
2026-06-15T23:18:20+07:00,hateco-apollo,1800,work_to_home,23.52,23.52,23.52,12.81,OK
2026-06-15T23:18:20+07:00,iris-garden,1800,work_to_home,22.86,22.86,22.86,10.67,OK
2026-06-16T10:35:37+07:00,vinhomes-smart-city,0700,home_to_work,23.88,23.88,23.88,10.24,OK
2026-06-16T10:35:37+07:00,hd-mon-city,0700,home_to_work,16.06,16.06,16.06,4.91,OK
2026-06-16T10:35:37+07:00,my-dinh-pearl,0700,home_to_work,22.15,22.15,22.15,7.15,OK
2026-06-16T10:35:37+07:00,hoang-thanh-pearl,0700,home_to_work,27.68,27.68,27.68,10.68,OK
2026-06-16T10:35:37+07:00,mipec-riverside,0700,home_to_work,31.59,31.59,31.59,9.7,OK
2026-06-16T10:35:37+07:00,sunshine-riverside,0700,home_to_work,19.02,19.02,19.02,7.89,OK
2026-06-16T10:35:37+07:00,ho-guom-plaza,0700,home_to_work,21.73,21.73,21.73,7.64,OK
2026-06-16T10:35:37+07:00,eco-green-city,0700,home_to_work,24.51,24.51,24.51,7.9,OK
2026-06-16T10:35:37+07:00,hateco-apollo,0700,home_to_work,30.49,30.49,30.49,12.54,OK
2026-06-16T10:35:37+07:00,iris-garden,0700,home_to_work,21.78,21.78,21.78,7.13,OK
2026-06-16T13:05:02+07:00,vinhomes-smart-city,0730,home_to_work,20.79,20.79,20.79,10.23,OK
2026-06-16T13:05:02+07:00,hd-mon-city,0730,home_to_work,15.38,15.38,15.38,4.91,OK
2026-06-16T13:05:02+07:00,my-dinh-pearl,0730,home_to_work,21.84,21.84,21.84,7.15,OK
2026-06-16T13:05:02+07:00,hoang-thanh-pearl,0730,home_to_work,26.28,26.28,26.28,10.68,OK
2026-06-16T13:05:02+07:00,mipec-riverside,0730,home_to_work,29.88,29.88,29.88,9.7,OK
2026-06-16T13:05:02+07:00,sunshine-riverside,0730,home_to_work,17.84,17.84,17.84,7.89,OK
2026-06-16T13:05:02+07:00,ho-guom-plaza,0730,home_to_work,18.01,18.01,18.01,7.63,OK
2026-06-16T13:05:02+07:00,eco-green-city,0730,home_to_work,19.97,19.97,19.97,7.9,OK
2026-06-16T13:05:02+07:00,hateco-apollo,0730,home_to_work,28.31,28.31,28.31,12.54,OK
2026-06-16T13:05:02+07:00,iris-garden,0730,home_to_work,21.15,21.15,21.15,7.13,OK
2026-06-16T22:25:54+07:00,vinhomes-smart-city,1730,work_to_home,16.74,16.74,16.74,9.33,OK
2026-06-16T22:25:54+07:00,hd-mon-city,1730,work_to_home,18.04,18.04,18.04,9.1,OK
2026-06-16T22:25:54+07:00,my-dinh-pearl,1730,work_to_home,19.3,19.3,19.3,8.89,OK
2026-06-16T22:25:54+07:00,hoang-thanh-pearl,1730,work_to_home,23.32,23.32,23.32,11.54,OK
2026-06-16T22:25:54+07:00,mipec-riverside,1730,work_to_home,31.15,31.15,31.15,9.91,OK
2026-06-16T22:25:54+07:00,sunshine-riverside,1730,work_to_home,19.6,19.6,19.6,8.77,OK
2026-06-16T22:25:54+07:00,ho-guom-plaza,1730,work_to_home,17.37,17.37,17.37,7.81,OK
2026-06-16T22:25:54+07:00,eco-green-city,1730,work_to_home,18.64,18.64,18.64,7.86,OK
2026-06-16T22:25:54+07:00,hateco-apollo,1730,work_to_home,23.49,23.49,23.49,12.81,OK
2026-06-16T22:25:54+07:00,iris-garden,1730,work_to_home,23.16,23.16,23.16,10.67,OK
2026-06-16T22:57:26+07:00,vinhomes-smart-city,1800,work_to_home,17.7,17.7,17.7,9.33,OK
2026-06-16T22:57:26+07:00,hd-mon-city,1800,work_to_home,18.6,18.6,18.6,6.45,OK
2026-06-16T22:57:26+07:00,my-dinh-pearl,1800,work_to_home,19.8,19.8,19.8,8.89,OK
2026-06-16T22:57:26+07:00,hoang-thanh-pearl,1800,work_to_home,23.82,23.82,23.82,11.54,OK
2026-06-16T22:57:26+07:00,mipec-riverside,1800,work_to_home,30.8,30.8,30.8,9.91,OK
2026-06-16T22:57:26+07:00,sunshine-riverside,1800,work_to_home,20.64,20.64,20.64,9.8,OK
2026-06-16T22:57:26+07:00,ho-guom-plaza,1800,work_to_home,19.36,19.36,19.36,8.42,OK
2026-06-16T22:57:26+07:00,eco-green-city,1800,work_to_home,20.17,20.17,20.17,8.48,OK
2026-06-16T22:57:26+07:00,hateco-apollo,1800,work_to_home,24.45,24.45,24.45,12.81,OK
2026-06-16T22:57:26+07:00,iris-garden,1800,work_to_home,24.07,24.07,24.07,10.67,OK
2026-06-17T10:34:35+07:00,vinhomes-smart-city,0700,home_to_work,21.13,21.13,21.13,10.23,OK
2026-06-17T10:34:35+07:00,hd-mon-city,0700,home_to_work,17.28,17.28,17.28,4.91,OK
2026-06-17T10:34:35+07:00,my-dinh-pearl,0700,home_to_work,23.31,23.31,23.31,10.33,OK
2026-06-17T10:34:35+07:00,hoang-thanh-pearl,0700,home_to_work,27.22,27.22,27.22,12.6,OK
2026-06-17T10:34:35+07:00,mipec-riverside,0700,home_to_work,31.33,31.33,31.33,9.7,OK
2026-06-17T10:34:35+07:00,sunshine-riverside,0700,home_to_work,18.77,18.77,18.77,7.89,OK
2026-06-17T10:34:35+07:00,ho-guom-plaza,0700,home_to_work,17.45,17.45,17.45,7.63,OK
2026-06-17T10:34:35+07:00,eco-green-city,0700,home_to_work,19.64,19.64,19.64,7.9,OK
2026-06-17T10:34:35+07:00,hateco-apollo,0700,home_to_work,28.43,28.43,28.43,13.71,OK
2026-06-17T10:34:35+07:00,iris-garden,0700,home_to_work,23.73,23.73,23.73,7.13,OK
2026-06-17T12:23:55+07:00,vinhomes-smart-city,0730,home_to_work,22.05,22.05,22.05,10.24,OK
2026-06-17T12:23:55+07:00,hd-mon-city,0730,home_to_work,15.9,15.9,15.9,4.91,OK
2026-06-17T12:23:55+07:00,my-dinh-pearl,0730,home_to_work,21.19,21.19,21.19,7.61,OK
2026-06-17T12:23:55+07:00,hoang-thanh-pearl,0730,home_to_work,24.14,24.14,24.14,9.85,OK
2026-06-17T12:23:55+07:00,mipec-riverside,0730,home_to_work,31.25,31.25,31.25,9.56,OK
2026-06-17T12:23:55+07:00,sunshine-riverside,0730,home_to_work,17.22,17.22,17.22,7.89,OK
2026-06-17T12:23:55+07:00,ho-guom-plaza,0730,home_to_work,19.52,19.52,19.52,7.64,OK
2026-06-17T12:23:55+07:00,eco-green-city,0730,home_to_work,22.16,22.16,22.16,7.9,OK
2026-06-17T12:23:55+07:00,hateco-apollo,0730,home_to_work,28.57,28.57,28.57,13.72,OK
2026-06-17T12:23:55+07:00,iris-garden,0730,home_to_work,21.97,21.97,21.97,7.13,OK
2026-06-17T21:06:47+07:00,vinhomes-smart-city,1730,work_to_home,18.65,18.65,18.65,9.33,OK
2026-06-17T21:06:47+07:00,hd-mon-city,1730,work_to_home,19.77,19.77,19.77,6.45,OK
2026-06-17T21:06:47+07:00,my-dinh-pearl,1730,work_to_home,20.18,20.18,20.18,8.89,OK
2026-06-17T21:06:47+07:00,hoang-thanh-pearl,1730,work_to_home,24.39,24.39,24.39,11.54,OK
2026-06-17T21:06:47+07:00,mipec-riverside,1730,work_to_home,34.03,34.03,34.03,9.91,OK
2026-06-17T21:06:47+07:00,sunshine-riverside,1730,work_to_home,21.63,21.63,21.63,9.8,OK
2026-06-17T21:06:47+07:00,ho-guom-plaza,1730,work_to_home,21.61,21.61,21.61,8.42,OK
2026-06-17T21:06:47+07:00,eco-green-city,1730,work_to_home,22.08,22.08,22.08,8.48,OK
2026-06-17T21:06:47+07:00,hateco-apollo,1730,work_to_home,25.88,25.88,25.88,12.81,OK
2026-06-17T21:06:47+07:00,iris-garden,1730,work_to_home,25.93,25.93,25.93,10.67,OK
2026-06-17T21:27:10+07:00,vinhomes-smart-city,1800,work_to_home,20.83,20.83,20.83,9.33,OK
2026-06-17T21:27:10+07:00,hd-mon-city,1800,work_to_home,19.65,19.65,19.65,6.45,OK
2026-06-17T21:27:10+07:00,my-dinh-pearl,1800,work_to_home,22.05,22.05,22.05,8.89,OK
2026-06-17T21:27:10+07:00,hoang-thanh-pearl,1800,work_to_home,26.3,26.3,26.3,11.54,OK
2026-06-17T21:27:10+07:00,mipec-riverside,1800,work_to_home,33.13,33.13,33.13,9.91,OK
2026-06-17T21:27:10+07:00,sunshine-riverside,1800,work_to_home,21.23,21.23,21.23,9.8,OK
2026-06-17T21:27:10+07:00,ho-guom-plaza,1800,work_to_home,21.47,21.47,21.47,8.22,OK
2026-06-17T21:27:10+07:00,eco-green-city,1800,work_to_home,22.08,22.08,22.08,7.89,OK
2026-06-17T21:27:10+07:00,hateco-apollo,1800,work_to_home,28.39,28.39,28.39,12.81,OK
2026-06-17T21:27:10+07:00,iris-garden,1800,work_to_home,27.23,27.23,27.23,8.2,OK
2026-06-18T10:26:20+07:00,vinhomes-smart-city,0700,home_to_work,21.25,21.25,21.25,10.23,OK
2026-06-18T10:26:20+07:00,hd-mon-city,0700,home_to_work,16.73,16.73,16.73,4.91,OK
2026-06-18T10:26:20+07:00,my-dinh-pearl,0700,home_to_work,23.14,23.14,23.14,7.15,OK
2026-06-18T10:26:20+07:00,hoang-thanh-pearl,0700,home_to_work,28.62,28.62,28.62,10.68,OK
2026-06-18T10:26:20+07:00,mipec-riverside,0700,home_to_work,31.29,31.29,31.29,9.7,OK
2026-06-18T10:26:20+07:00,sunshine-riverside,0700,home_to_work,18.03,18.03,18.03,7.89,OK
2026-06-18T10:26:20+07:00,ho-guom-plaza,0700,home_to_work,21.18,21.18,21.18,7.63,OK
2026-06-18T10:26:20+07:00,eco-green-city,0700,home_to_work,23.45,23.45,23.45,7.9,OK
2026-06-18T10:26:20+07:00,hateco-apollo,0700,home_to_work,28.55,28.55,28.55,13.71,OK
2026-06-18T10:26:20+07:00,iris-garden,0700,home_to_work,22.62,22.62,22.62,7.17,OK
2026-06-18T12:15:43+07:00,vinhomes-smart-city,0730,home_to_work,22.12,22.12,22.12,10.23,OK
2026-06-18T12:15:43+07:00,hd-mon-city,0730,home_to_work,14.64,14.64,14.64,4.91,OK
2026-06-18T12:15:43+07:00,my-dinh-pearl,0730,home_to_work,20.73,20.73,20.73,7.15,OK
2026-06-18T12:15:43+07:00,hoang-thanh-pearl,0730,home_to_work,26.08,26.08,26.08,10.68,OK
2026-06-18T12:15:43+07:00,mipec-riverside,0730,home_to_work,30.93,30.93,30.93,9.56,OK
2026-06-18T12:15:43+07:00,sunshine-riverside,0730,home_to_work,17.27,17.27,17.27,7.89,OK
2026-06-18T12:15:43+07:00,ho-guom-plaza,0730,home_to_work,18.96,18.96,18.96,7.63,OK
2026-06-18T12:15:43+07:00,eco-green-city,0730,home_to_work,20.36,20.36,20.36,7.9,OK
2026-06-18T12:15:43+07:00,hateco-apollo,0730,home_to_work,28.75,28.75,28.75,12.54,OK
2026-06-18T12:15:43+07:00,iris-garden,0730,home_to_work,20.45,20.45,20.45,7.13,OK
2026-06-18T20:46:03+07:00,vinhomes-smart-city,1730,work_to_home,18.95,18.95,18.95,9.33,OK
2026-06-18T20:46:03+07:00,hd-mon-city,1730,work_to_home,19.7,19.7,19.7,6.45,OK
2026-06-18T20:46:03+07:00,my-dinh-pearl,1730,work_to_home,21.3,21.3,21.3,8.89,OK
2026-06-18T20:46:03+07:00,hoang-thanh-pearl,1730,work_to_home,25.38,25.38,25.38,11.54,OK
2026-06-18T20:46:03+07:00,mipec-riverside,1730,work_to_home,33.6,33.6,33.6,9.91,OK
2026-06-18T20:46:03+07:00,sunshine-riverside,1730,work_to_home,22.2,22.2,22.2,9.8,OK
2026-06-18T20:46:03+07:00,ho-guom-plaza,1730,work_to_home,22.39,22.39,22.39,8.42,OK
2026-06-18T20:46:03+07:00,eco-green-city,1730,work_to_home,22.53,22.53,22.53,8.48,OK
2026-06-18T20:46:03+07:00,hateco-apollo,1730,work_to_home,26.18,26.18,26.18,12.81,OK
2026-06-18T20:46:03+07:00,iris-garden,1730,work_to_home,26.53,26.53,26.53,10.67,OK
2026-06-18T21:12:10+07:00,vinhomes-smart-city,1800,work_to_home,19.05,19.05,19.05,9.33,OK
2026-06-18T21:12:10+07:00,hd-mon-city,1800,work_to_home,19.42,19.42,19.42,6.45,OK
2026-06-18T21:12:10+07:00,my-dinh-pearl,1800,work_to_home,20.94,20.94,20.94,8.89,OK
2026-06-18T21:12:10+07:00,hoang-thanh-pearl,1800,work_to_home,24.8,24.8,24.8,11.54,OK
2026-06-18T21:12:10+07:00,mipec-riverside,1800,work_to_home,33.69,33.69,33.69,9.91,OK
2026-06-18T21:12:10+07:00,sunshine-riverside,1800,work_to_home,22.65,22.65,22.65,9.8,OK
2026-06-18T21:12:10+07:00,ho-guom-plaza,1800,work_to_home,22.7,22.7,22.7,8.42,OK
2026-06-18T21:12:10+07:00,eco-green-city,1800,work_to_home,22.43,22.43,22.43,8.48,OK
2026-06-18T21:12:10+07:00,hateco-apollo,1800,work_to_home,26.28,26.28,26.28,12.81,OK
2026-06-18T21:12:10+07:00,iris-garden,1800,work_to_home,26.05,26.05,26.05,10.67,OK
2026-06-19T10:49:33+07:00,vinhomes-smart-city,0700,home_to_work,23.14,23.14,23.14,10.26,OK
2026-06-19T10:49:33+07:00,hd-mon-city,0700,home_to_work,16.55,16.55,16.55,4.91,OK
2026-06-19T10:49:33+07:00,my-dinh-pearl,0700,home_to_work,22.68,22.68,22.68,7.15,OK
2026-06-19T10:49:33+07:00,hoang-thanh-pearl,0700,home_to_work,28.52,28.52,28.52,10.68,OK
2026-06-19T10:49:33+07:00,mipec-riverside,0700,home_to_work,31.11,31.11,31.11,9.56,OK
2026-06-19T10:49:33+07:00,sunshine-riverside,0700,home_to_work,17.91,17.91,17.91,7.89,OK
2026-06-19T10:49:33+07:00,ho-guom-plaza,0700,home_to_work,20.88,20.88,20.88,7.63,OK
2026-06-19T10:49:33+07:00,eco-green-city,0700,home_to_work,22.17,22.17,22.17,7.9,OK
2026-06-19T10:49:33+07:00,hateco-apollo,0700,home_to_work,30.57,30.57,30.57,13.74,OK
2026-06-19T10:49:33+07:00,iris-garden,0700,home_to_work,22.56,22.56,22.56,7.13,OK
2026-06-19T12:32:58+07:00,vinhomes-smart-city,0730,home_to_work,20.42,20.42,20.42,10.23,OK
2026-06-19T12:32:58+07:00,hd-mon-city,0730,home_to_work,15.61,15.61,15.61,4.91,OK
2026-06-19T12:32:58+07:00,my-dinh-pearl,0730,home_to_work,21.77,21.77,21.77,7.15,OK
2026-06-19T12:32:58+07:00,hoang-thanh-pearl,0730,home_to_work,27.27,27.27,27.27,10.68,OK
2026-06-19T12:32:58+07:00,mipec-riverside,0730,home_to_work,30.68,30.68,30.68,9.56,OK
2026-06-19T12:32:58+07:00,sunshine-riverside,0730,home_to_work,17.55,17.55,17.55,7.89,OK
2026-06-19T12:32:58+07:00,ho-guom-plaza,0730,home_to_work,19.53,19.53,19.53,7.63,OK
2026-06-19T12:32:58+07:00,eco-green-city,0730,home_to_work,19.88,19.88,19.88,7.9,OK
2026-06-19T12:32:58+07:00,hateco-apollo,0730,home_to_work,26.94,26.94,26.94,13.71,OK
2026-06-19T12:32:58+07:00,iris-garden,0730,home_to_work,21.63,21.63,21.63,7.13,OK
2026-06-19T20:53:11+07:00,vinhomes-smart-city,1730,work_to_home,19.11,19.11,19.11,9.33,OK
2026-06-19T20:53:11+07:00,hd-mon-city,1730,work_to_home,19.65,19.65,19.65,6.45,OK
2026-06-19T20:53:11+07:00,my-dinh-pearl,1730,work_to_home,21.36,21.36,21.36,8.89,OK
2026-06-19T20:53:11+07:00,hoang-thanh-pearl,1730,work_to_home,25.28,25.28,25.28,11.54,OK
2026-06-19T20:53:11+07:00,mipec-riverside,1730,work_to_home,34.25,34.25,34.25,9.91,OK
2026-06-19T20:53:11+07:00,sunshine-riverside,1730,work_to_home,23.51,23.51,23.51,9.8,OK
2026-06-19T20:53:11+07:00,ho-guom-plaza,1730,work_to_home,22.95,22.95,22.95,8.42,OK
2026-06-19T20:53:11+07:00,eco-green-city,1730,work_to_home,22.5,22.5,22.5,8.48,OK
2026-06-19T20:53:11+07:00,hateco-apollo,1730,work_to_home,26.34,26.34,26.34,12.81,OK
2026-06-19T20:53:11+07:00,iris-garden,1730,work_to_home,24.82,24.82,24.82,7.98,OK
2026-06-19T21:14:04+07:00,vinhomes-smart-city,1800,work_to_home,19.08,19.08,19.08,9.33,OK
2026-06-19T21:14:04+07:00,hd-mon-city,1800,work_to_home,19.97,19.97,19.97,6.45,OK
2026-06-19T21:14:04+07:00,my-dinh-pearl,1800,work_to_home,22.27,22.27,22.27,8.89,OK
2026-06-19T21:14:04+07:00,hoang-thanh-pearl,1800,work_to_home,26.45,26.45,26.45,11.54,OK
2026-06-19T21:14:04+07:00,mipec-riverside,1800,work_to_home,33.51,33.51,33.51,9.91,OK
2026-06-19T21:14:04+07:00,sunshine-riverside,1800,work_to_home,21.83,21.83,21.83,9.8,OK
2026-06-19T21:14:04+07:00,ho-guom-plaza,1800,work_to_home,20.54,20.54,20.54,7.81,OK
2026-06-19T21:14:04+07:00,eco-green-city,1800,work_to_home,21.71,21.71,21.71,7.86,OK
2026-06-19T21:14:04+07:00,hateco-apollo,1800,work_to_home,26.25,26.25,26.25,12.81,OK
2026-06-19T21:14:04+07:00,iris-garden,1800,work_to_home,26.44,26.44,26.44,8.2,OK
2026-06-20T09:51:47+07:00,vinhomes-smart-city,0700,home_to_work,23.85,23.85,23.85,10.23,OK
2026-06-20T09:51:47+07:00,hd-mon-city,0700,home_to_work,15.97,15.97,15.97,4.91,OK
2026-06-20T09:51:47+07:00,my-dinh-pearl,0700,home_to_work,22.48,22.48,22.48,7.65,OK
2026-06-20T09:51:47+07:00,hoang-thanh-pearl,0700,home_to_work,28.38,28.38,28.38,10.68,OK
2026-06-20T09:51:47+07:00,mipec-riverside,0700,home_to_work,31.21,31.21,31.21,9.56,OK
2026-06-20T09:51:47+07:00,sunshine-riverside,0700,home_to_work,17.91,17.91,17.91,7.89,OK
2026-06-20T09:51:47+07:00,ho-guom-plaza,0700,home_to_work,21.03,21.03,21.03,7.63,OK
2026-06-20T09:51:47+07:00,eco-green-city,0700,home_to_work,24.53,24.53,24.53,7.9,OK
2026-06-20T09:51:47+07:00,hateco-apollo,0700,home_to_work,31.12,31.12,31.12,12.54,OK
2026-06-20T09:51:47+07:00,iris-garden,0700,home_to_work,22.43,22.43,22.43,7.13,OK
2026-06-20T11:50:17+07:00,vinhomes-smart-city,0730,home_to_work,22.18,22.18,22.18,10.23,OK
2026-06-20T11:50:17+07:00,hd-mon-city,0730,home_to_work,15.54,15.54,15.54,4.91,OK
2026-06-20T11:50:17+07:00,my-dinh-pearl,0730,home_to_work,22.56,22.56,22.56,7.15,OK
2026-06-20T11:50:17+07:00,hoang-thanh-pearl,0730,home_to_work,27.45,27.45,27.45,10.68,OK
2026-06-20T11:50:17+07:00,mipec-riverside,0730,home_to_work,32.43,32.43,32.43,9.56,OK
2026-06-20T11:50:17+07:00,sunshine-riverside,0730,home_to_work,18.28,18.28,18.28,7.89,OK
2026-06-20T11:50:17+07:00,ho-guom-plaza,0730,home_to_work,20.02,20.02,20.02,7.63,OK
2026-06-20T11:50:17+07:00,eco-green-city,0730,home_to_work,21.56,21.56,21.56,7.9,OK
2026-06-20T11:50:17+07:00,hateco-apollo,0730,home_to_work,29.67,29.67,29.67,13.71,OK
2026-06-20T11:50:17+07:00,iris-garden,0730,home_to_work,21.28,21.28,21.28,7.13,OK
2026-06-20T19:13:34+07:00,vinhomes-smart-city,1730,work_to_home,18.76,18.76,18.76,9.33,OK
2026-06-20T19:13:34+07:00,hd-mon-city,1730,work_to_home,19.17,19.17,19.17,6.45,OK
2026-06-20T19:13:34+07:00,my-dinh-pearl,1730,work_to_home,20.46,20.46,20.46,8.89,OK
2026-06-20T19:13:34+07:00,hoang-thanh-pearl,1730,work_to_home,26.0,26.0,26.0,11.54,OK
2026-06-20T19:13:34+07:00,mipec-riverside,1730,work_to_home,35.24,35.24,35.24,9.91,OK
2026-06-20T19:13:34+07:00,sunshine-riverside,1730,work_to_home,21.1,21.1,21.1,8.77,OK
2026-06-20T19:13:34+07:00,ho-guom-plaza,1730,work_to_home,21.43,21.43,21.43,8.44,OK
2026-06-20T19:13:34+07:00,eco-green-city,1730,work_to_home,22.38,22.38,22.38,8.5,OK
2026-06-20T19:13:34+07:00,hateco-apollo,1730,work_to_home,26.93,26.93,26.93,12.81,OK
2026-06-20T19:13:34+07:00,iris-garden,1730,work_to_home,24.69,24.69,24.69,10.67,OK
2026-06-20T19:27:17+07:00,vinhomes-smart-city,1800,work_to_home,20.41,20.41,20.41,9.33,OK
2026-06-20T19:27:17+07:00,hd-mon-city,1800,work_to_home,18.95,18.95,18.95,6.45,OK
2026-06-20T19:27:17+07:00,my-dinh-pearl,1800,work_to_home,20.51,20.51,20.51,8.89,OK
2026-06-20T19:27:17+07:00,hoang-thanh-pearl,1800,work_to_home,24.6,24.6,24.6,11.55,OK
2026-06-20T19:27:17+07:00,mipec-riverside,1800,work_to_home,33.49,33.49,33.49,9.91,OK
2026-06-20T19:27:17+07:00,sunshine-riverside,1800,work_to_home,21.87,21.87,21.87,9.8,OK
2026-06-20T19:27:17+07:00,ho-guom-plaza,1800,work_to_home,21.82,21.82,21.82,8.22,OK
2026-06-20T19:27:17+07:00,eco-green-city,1800,work_to_home,21.86,21.86,21.86,7.89,OK
2026-06-20T19:27:17+07:00,hateco-apollo,1800,work_to_home,28.57,28.57,28.57,12.81,OK
2026-06-20T19:27:17+07:00,iris-garden,1800,work_to_home,25.11,25.11,25.11,8.2,OK
2026-06-21T10:36:59+07:00,vinhomes-smart-city,0700,home_to_work,20.59,20.59,20.59,10.23,OK
2026-06-21T10:36:59+07:00,hd-mon-city,0700,home_to_work,15.2,15.2,15.2,4.91,OK
2026-06-21T10:36:59+07:00,my-dinh-pearl,0700,home_to_work,21.92,21.92,21.92,7.15,OK
2026-06-21T10:36:59+07:00,hoang-thanh-pearl,0700,home_to_work,27.09,27.09,27.09,10.68,OK
2026-06-21T10:36:59+07:00,mipec-riverside,0700,home_to_work,32.09,32.09,32.09,9.56,OK
2026-06-21T10:36:59+07:00,sunshine-riverside,0700,home_to_work,18.26,18.26,18.26,7.89,OK
2026-06-21T10:36:59+07:00,ho-guom-plaza,0700,home_to_work,20.14,20.14,20.14,7.63,OK
2026-06-21T10:36:59+07:00,eco-green-city,0700,home_to_work,21.47,21.47,21.47,7.9,OK
2026-06-21T10:36:59+07:00,hateco-apollo,0700,home_to_work,28.43,28.43,28.43,13.71,OK
2026-06-21T10:36:59+07:00,iris-garden,0700,home_to_work,20.98,20.98,20.98,7.13,OK
2026-06-21T12:24:36+07:00,vinhomes-smart-city,0730,home_to_work,20.07,20.07,20.07,10.23,OK
2026-06-21T12:24:36+07:00,hd-mon-city,0730,home_to_work,14.04,14.04,14.04,4.91,OK
2026-06-21T12:24:36+07:00,my-dinh-pearl,0730,home_to_work,20.31,20.31,20.31,7.15,OK
2026-06-21T12:24:36+07:00,hoang-thanh-pearl,0730,home_to_work,23.02,23.02,23.02,8.82,OK
2026-06-21T12:24:36+07:00,mipec-riverside,0730,home_to_work,31.51,31.51,31.51,9.56,OK
2026-06-21T12:24:36+07:00,sunshine-riverside,0730,home_to_work,18.0,18.0,18.0,7.89,OK
2026-06-21T12:24:36+07:00,ho-guom-plaza,0730,home_to_work,19.1,19.1,19.1,7.63,OK
2026-06-21T12:24:36+07:00,eco-green-city,0730,home_to_work,19.01,19.01,19.01,7.9,OK
2026-06-21T12:24:36+07:00,hateco-apollo,0730,home_to_work,26.67,26.67,26.67,13.71,OK
2026-06-21T12:24:36+07:00,iris-garden,0730,home_to_work,19.87,19.87,19.87,7.13,OK
2026-06-21T19:23:42+07:00,vinhomes-smart-city,1730,work_to_home,18.7,18.7,18.7,9.33,OK
2026-06-21T19:23:42+07:00,hd-mon-city,1730,work_to_home,19.51,19.51,19.51,6.45,OK
2026-06-21T19:23:42+07:00,my-dinh-pearl,1730,work_to_home,20.71,20.71,20.71,8.89,OK
2026-06-21T19:23:42+07:00,hoang-thanh-pearl,1730,work_to_home,24.13,24.13,24.13,11.54,OK
2026-06-21T19:23:42+07:00,mipec-riverside,1730,work_to_home,35.2,35.2,35.2,9.91,OK
2026-06-21T19:23:42+07:00,sunshine-riverside,1730,work_to_home,22.73,22.73,22.73,9.8,OK
2026-06-21T19:23:42+07:00,ho-guom-plaza,1730,work_to_home,21.13,21.13,21.13,7.81,OK
2026-06-21T19:23:42+07:00,eco-green-city,1730,work_to_home,21.6,21.6,21.6,7.86,OK
2026-06-21T19:23:42+07:00,hateco-apollo,1730,work_to_home,26.86,26.86,26.86,12.81,OK
2026-06-21T19:23:42+07:00,iris-garden,1730,work_to_home,24.26,24.26,24.26,8.2,OK
2026-06-21T20:08:46+07:00,vinhomes-smart-city,1800,work_to_home,18.04,18.04,18.04,9.33,OK
2026-06-21T20:08:46+07:00,hd-mon-city,1800,work_to_home,17.77,17.77,17.77,6.45,OK
2026-06-21T20:08:46+07:00,my-dinh-pearl,1800,work_to_home,20.17,20.17,20.17,8.89,OK
2026-06-21T20:08:46+07:00,hoang-thanh-pearl,1800,work_to_home,24.04,24.04,24.04,11.54,OK
2026-06-21T20:08:46+07:00,mipec-riverside,1800,work_to_home,33.34,33.34,33.34,9.91,OK
2026-06-21T20:08:46+07:00,sunshine-riverside,1800,work_to_home,20.84,20.84,20.84,9.8,OK
2026-06-21T20:08:46+07:00,ho-guom-plaza,1800,work_to_home,20.88,20.88,20.88,8.42,OK
2026-06-21T20:08:46+07:00,eco-green-city,1800,work_to_home,21.95,21.95,21.95,8.48,OK
2026-06-21T20:08:46+07:00,hateco-apollo,1800,work_to_home,25.86,25.86,25.86,12.81,OK
2026-06-21T20:08:46+07:00,iris-garden,1800,work_to_home,24.83,24.83,24.83,8.2,OK
2026-06-22T10:40:58+07:00,vinhomes-smart-city,0700,home_to_work,22.25,22.25,22.25,10.23,OK
2026-06-22T10:40:58+07:00,hd-mon-city,0700,home_to_work,17.08,17.08,17.08,4.91,OK
2026-06-22T10:40:58+07:00,my-dinh-pearl,0700,home_to_work,22.37,22.37,22.37,7.61,OK
2026-06-22T10:40:58+07:00,hoang-thanh-pearl,0700,home_to_work,25.95,25.95,25.95,9.91,OK
2026-06-22T10:40:58+07:00,mipec-riverside,0700,home_to_work,32.53,32.53,32.53,9.7,OK
2026-06-22T10:40:58+07:00,sunshine-riverside,0700,home_to_work,17.83,17.83,17.83,7.89,OK
2026-06-22T10:40:58+07:00,ho-guom-plaza,0700,home_to_work,21.89,21.89,21.89,7.63,OK
2026-06-22T10:40:58+07:00,eco-green-city,0700,home_to_work,23.61,23.61,23.61,7.9,OK
2026-06-22T10:40:58+07:00,hateco-apollo,0700,home_to_work,29.55,29.55,29.55,13.71,OK
2026-06-22T10:40:58+07:00,iris-garden,0700,home_to_work,23.63,23.63,23.63,7.13,OK
2026-06-22T12:40:41+07:00,vinhomes-smart-city,0730,home_to_work,20.87,20.87,20.87,10.23,OK
2026-06-22T12:40:41+07:00,hd-mon-city,0730,home_to_work,15.07,15.07,15.07,4.91,OK
2026-06-22T12:40:41+07:00,my-dinh-pearl,0730,home_to_work,22.24,22.24,22.24,7.61,OK
2026-06-22T12:40:41+07:00,hoang-thanh-pearl,0730,home_to_work,27.06,27.06,27.06,10.68,OK
2026-06-22T12:40:41+07:00,mipec-riverside,0730,home_to_work,30.79,30.79,30.79,9.56,OK
2026-06-22T12:40:41+07:00,sunshine-riverside,0730,home_to_work,17.07,17.07,17.07,7.89,OK
2026-06-22T12:40:41+07:00,ho-guom-plaza,0730,home_to_work,19.69,19.69,19.69,7.63,OK
2026-06-22T12:40:41+07:00,eco-green-city,0730,home_to_work,20.97,20.97,20.97,7.9,OK
2026-06-22T12:40:41+07:00,hateco-apollo,0730,home_to_work,27.38,27.38,27.38,13.71,OK
2026-06-22T12:40:41+07:00,iris-garden,0730,home_to_work,21.58,21.58,21.58,7.13,OK
2026-06-22T22:34:20+07:00,vinhomes-smart-city,1730,work_to_home,17.35,17.35,17.35,9.33,OK
2026-06-22T22:34:20+07:00,hd-mon-city,1730,work_to_home,18.22,18.22,18.22,6.45,OK
2026-06-22T22:34:20+07:00,my-dinh-pearl,1730,work_to_home,19.57,19.57,19.57,8.89,OK
2026-06-22T22:34:20+07:00,hoang-thanh-pearl,1730,work_to_home,23.67,23.67,23.67,11.54,OK
2026-06-22T22:34:20+07:00,mipec-riverside,1730,work_to_home,31.61,31.61,31.61,9.91,OK
2026-06-22T22:34:20+07:00,sunshine-riverside,1730,work_to_home,21.29,21.29,21.29,9.8,OK
2026-06-22T22:34:20+07:00,ho-guom-plaza,1730,work_to_home,19.28,19.28,19.28,8.42,OK
2026-06-22T22:34:20+07:00,eco-green-city,1730,work_to_home,20.48,20.48,20.48,8.48,OK
2026-06-22T22:34:20+07:00,hateco-apollo,1730,work_to_home,24.39,24.39,24.39,12.81,OK
2026-06-22T22:34:20+07:00,iris-garden,1730,work_to_home,23.88,23.88,23.88,10.67,OK
2026-06-22T22:54:18+07:00,vinhomes-smart-city,1800,work_to_home,18.23,18.23,18.23,9.33,OK
2026-06-22T22:54:18+07:00,hd-mon-city,1800,work_to_home,17.6,17.6,17.6,6.45,OK
2026-06-22T22:54:18+07:00,my-dinh-pearl,1800,work_to_home,19.94,19.94,19.94,8.89,OK
2026-06-22T22:54:18+07:00,hoang-thanh-pearl,1800,work_to_home,24.04,24.04,24.04,11.54,OK
2026-06-22T22:54:18+07:00,mipec-riverside,1800,work_to_home,32.27,32.27,32.27,9.91,OK
2026-06-22T22:54:18+07:00,sunshine-riverside,1800,work_to_home,20.61,20.61,20.61,9.8,OK
2026-06-22T22:54:18+07:00,ho-guom-plaza,1800,work_to_home,20.66,20.66,20.66,8.42,OK
2026-06-22T22:54:18+07:00,eco-green-city,1800,work_to_home,20.53,20.53,20.53,8.48,OK
2026-06-22T22:54:18+07:00,hateco-apollo,1800,work_to_home,25.28,25.28,25.28,12.81,OK
2026-06-22T22:54:18+07:00,iris-garden,1800,work_to_home,23.43,23.43,23.43,8.2,OK
2026-06-23T09:45:58+07:00,vinhomes-smart-city,0700,home_to_work,22.54,22.54,22.54,10.26,OK
2026-06-23T09:45:58+07:00,hd-mon-city,0700,home_to_work,19.3,19.3,19.3,4.91,OK
2026-06-23T09:45:58+07:00,my-dinh-pearl,0700,home_to_work,24.54,24.54,24.54,7.65,OK
2026-06-23T09:45:58+07:00,hoang-thanh-pearl,0700,home_to_work,31.63,31.63,31.63,10.68,OK
2026-06-23T09:45:58+07:00,mipec-riverside,0700,home_to_work,31.99,31.99,31.99,9.56,OK
2026-06-23T09:45:58+07:00,sunshine-riverside,0700,home_to_work,19.2,19.2,19.2,7.89,OK
2026-06-23T09:45:58+07:00,ho-guom-plaza,0700,home_to_work,20.99,20.99,20.99,7.63,OK
2026-06-23T09:45:58+07:00,eco-green-city,0700,home_to_work,22.14,22.14,22.14,7.9,OK
2026-06-23T09:45:58+07:00,hateco-apollo,0700,home_to_work,29.86,29.86,29.86,13.74,OK
2026-06-23T09:45:58+07:00,iris-garden,0700,home_to_work,25.49,25.49,25.49,7.13,OK
2026-06-23T11:39:42+07:00,vinhomes-smart-city,0730,home_to_work,20.79,20.79,20.79,10.23,OK
2026-06-23T11:39:42+07:00,hd-mon-city,0730,home_to_work,16.26,16.26,16.26,4.91,OK
2026-06-23T11:39:42+07:00,my-dinh-pearl,0730,home_to_work,21.8,21.8,21.8,7.15,OK
2026-06-23T11:39:42+07:00,hoang-thanh-pearl,0730,home_to_work,27.23,27.23,27.23,10.68,OK
2026-06-23T11:39:42+07:00,mipec-riverside,0730,home_to_work,30.56,30.56,30.56,9.56,OK
2026-06-23T11:39:42+07:00,sunshine-riverside,0730,home_to_work,18.66,18.66,18.66,7.89,OK
2026-06-23T11:39:42+07:00,ho-guom-plaza,0730,home_to_work,20.29,20.29,20.29,7.63,OK
2026-06-23T11:39:42+07:00,eco-green-city,0730,home_to_work,23.21,23.21,23.21,7.9,OK
2026-06-23T11:39:42+07:00,hateco-apollo,0730,home_to_work,28.69,28.69,28.69,13.71,OK
2026-06-23T11:39:42+07:00,iris-garden,0730,home_to_work,21.57,21.57,21.57,7.13,OK
2026-06-23T20:19:55+07:00,vinhomes-smart-city,1730,work_to_home,19.03,19.03,19.03,9.33,OK
2026-06-23T20:19:55+07:00,hd-mon-city,1730,work_to_home,19.75,19.75,19.75,6.45,OK
2026-06-23T20:19:55+07:00,my-dinh-pearl,1730,work_to_home,21.43,21.43,21.43,8.89,OK
2026-06-23T20:19:55+07:00,hoang-thanh-pearl,1730,work_to_home,25.51,25.51,25.51,11.54,OK
2026-06-23T20:19:55+07:00,mipec-riverside,1730,work_to_home,34.0,34.0,34.0,9.91,OK
2026-06-23T20:19:55+07:00,sunshine-riverside,1730,work_to_home,21.43,21.43,21.43,9.8,OK
2026-06-23T20:19:55+07:00,ho-guom-plaza,1730,work_to_home,21.66,21.66,21.66,7.84,OK
2026-06-23T20:19:55+07:00,eco-green-city,1730,work_to_home,21.87,21.87,21.87,7.89,OK
2026-06-23T20:19:55+07:00,hateco-apollo,1730,work_to_home,26.26,26.26,26.26,12.81,OK
2026-06-23T20:19:55+07:00,iris-garden,1730,work_to_home,24.07,24.07,24.07,8.2,OK
2026-06-23T20:43:52+07:00,vinhomes-smart-city,1800,work_to_home,17.95,17.95,17.95,9.33,OK
2026-06-23T20:43:52+07:00,hd-mon-city,1800,work_to_home,19.19,19.19,19.19,6.45,OK
2026-06-23T20:43:52+07:00,my-dinh-pearl,1800,work_to_home,20.41,20.41,20.41,8.89,OK
2026-06-23T20:43:52+07:00,hoang-thanh-pearl,1800,work_to_home,24.27,24.27,24.27,11.54,OK
2026-06-23T20:43:52+07:00,mipec-riverside,1800,work_to_home,33.93,33.93,33.93,9.91,OK
2026-06-23T20:43:52+07:00,sunshine-riverside,1800,work_to_home,22.24,22.24,22.24,9.8,OK
2026-06-23T20:43:52+07:00,ho-guom-plaza,1800,work_to_home,21.68,21.68,21.68,8.42,OK
2026-06-23T20:43:52+07:00,eco-green-city,1800,work_to_home,21.86,21.86,21.86,8.48,OK
2026-06-23T20:43:52+07:00,hateco-apollo,1800,work_to_home,25.18,25.18,25.18,12.81,OK
2026-06-23T20:43:52+07:00,iris-garden,1800,work_to_home,25.71,25.71,25.71,10.67,OK
2026-06-24T09:46:32+07:00,vinhomes-smart-city,0700,home_to_work,23.52,23.52,23.52,10.23,OK
2026-06-24T09:46:32+07:00,hd-mon-city,0700,home_to_work,18.61,18.61,18.61,4.91,OK
2026-06-24T09:46:32+07:00,my-dinh-pearl,0700,home_to_work,25.16,25.16,25.16,7.61,OK
2026-06-24T09:46:32+07:00,hoang-thanh-pearl,0700,home_to_work,31.33,31.33,31.33,10.68,OK
2026-06-24T09:46:32+07:00,mipec-riverside,0700,home_to_work,33.35,33.35,33.35,9.56,OK
2026-06-24T09:46:32+07:00,sunshine-riverside,0700,home_to_work,18.22,18.22,18.22,7.89,OK
2026-06-24T09:46:32+07:00,ho-guom-plaza,0700,home_to_work,21.92,21.92,21.92,7.63,OK
2026-06-24T09:46:32+07:00,eco-green-city,0700,home_to_work,24.93,24.93,24.93,7.9,OK
2026-06-24T09:46:32+07:00,hateco-apollo,0700,home_to_work,30.83,30.83,30.83,13.71,OK
2026-06-24T09:46:32+07:00,iris-garden,0700,home_to_work,24.85,24.85,24.85,7.13,OK
2026-06-24T11:46:02+07:00,vinhomes-smart-city,0730,home_to_work,21.62,21.62,21.62,10.23,OK
2026-06-24T11:46:02+07:00,hd-mon-city,0730,home_to_work,18.24,18.24,18.24,4.91,OK
2026-06-24T11:46:02+07:00,my-dinh-pearl,0730,home_to_work,22.07,22.07,22.07,7.65,OK
2026-06-24T11:46:02+07:00,hoang-thanh-pearl,0730,home_to_work,25.94,25.94,25.94,9.91,OK
2026-06-24T11:46:02+07:00,mipec-riverside,0730,home_to_work,30.19,30.19,30.19,9.7,OK
2026-06-24T11:46:02+07:00,sunshine-riverside,0730,home_to_work,18.56,18.56,18.56,7.89,OK
2026-06-24T11:46:02+07:00,ho-guom-plaza,0730,home_to_work,22.22,22.22,22.22,8.02,OK
2026-06-24T11:46:02+07:00,eco-green-city,0730,home_to_work,22.98,22.98,22.98,7.9,OK
2026-06-24T11:46:02+07:00,hateco-apollo,0730,home_to_work,28.68,28.68,28.68,13.71,OK
2026-06-24T11:46:02+07:00,iris-garden,0730,home_to_work,23.44,23.44,23.44,7.17,OK
2026-06-24T19:31:20+07:00,vinhomes-smart-city,1730,work_to_home,22.35,22.35,22.35,9.33,OK
2026-06-24T19:31:20+07:00,hd-mon-city,1730,work_to_home,21.1,21.1,21.1,6.45,OK
2026-06-24T19:31:20+07:00,my-dinh-pearl,1730,work_to_home,23.83,23.83,23.83,8.89,OK
2026-06-24T19:31:20+07:00,hoang-thanh-pearl,1730,work_to_home,27.25,27.25,27.25,11.54,OK
2026-06-24T19:31:20+07:00,mipec-riverside,1730,work_to_home,35.59,35.59,35.59,9.91,OK
2026-06-24T19:31:20+07:00,sunshine-riverside,1730,work_to_home,22.36,22.36,22.36,8.77,OK
2026-06-24T19:31:20+07:00,ho-guom-plaza,1730,work_to_home,24.18,24.18,24.18,8.44,OK
2026-06-24T19:31:20+07:00,eco-green-city,1730,work_to_home,24.76,24.76,24.76,8.5,OK
2026-06-24T19:31:20+07:00,hateco-apollo,1730,work_to_home,30.55,30.55,30.55,12.81,OK
2026-06-24T19:31:20+07:00,iris-garden,1730,work_to_home,25.82,25.82,25.82,8.2,OK
2026-06-24T20:23:38+07:00,vinhomes-smart-city,1800,work_to_home,18.85,18.85,18.85,9.33,OK
2026-06-24T20:23:38+07:00,hd-mon-city,1800,work_to_home,19.8,19.8,19.8,6.45,OK
2026-06-24T20:23:38+07:00,my-dinh-pearl,1800,work_to_home,20.82,20.82,20.82,8.89,OK
2026-06-24T20:23:38+07:00,hoang-thanh-pearl,1800,work_to_home,24.85,24.85,24.85,11.54,OK
2026-06-24T20:23:38+07:00,mipec-riverside,1800,work_to_home,32.69,32.69,32.69,9.91,OK
2026-06-24T20:23:38+07:00,sunshine-riverside,1800,work_to_home,21.75,21.75,21.75,9.8,OK
2026-06-24T20:23:38+07:00,ho-guom-plaza,1800,work_to_home,21.44,21.44,21.44,7.81,OK
2026-06-24T20:23:38+07:00,eco-green-city,1800,work_to_home,21.73,21.73,21.73,7.86,OK
2026-06-24T20:23:38+07:00,hateco-apollo,1800,work_to_home,26.08,26.08,26.08,12.81,OK
2026-06-24T20:23:38+07:00,iris-garden,1800,work_to_home,26.9,26.9,26.9,10.67,OK
2026-06-25T09:46:38+07:00,vinhomes-smart-city,0700,home_to_work,23.24,23.24,23.24,10.23,OK
2026-06-25T09:46:38+07:00,hd-mon-city,0700,home_to_work,16.84,16.84,16.84,4.91,OK
2026-06-25T09:46:38+07:00,my-dinh-pearl,0700,home_to_work,23.66,23.66,23.66,7.15,OK
2026-06-25T09:46:38+07:00,hoang-thanh-pearl,0700,home_to_work,28.73,28.73,28.73,10.68,OK
2026-06-25T09:46:38+07:00,mipec-riverside,0700,home_to_work,31.27,31.27,31.27,9.7,OK
2026-06-25T09:46:38+07:00,sunshine-riverside,0700,home_to_work,18.73,18.73,18.73,7.89,OK
2026-06-25T09:46:38+07:00,ho-guom-plaza,0700,home_to_work,25.19,25.19,25.19,7.63,OK
2026-06-25T09:46:38+07:00,eco-green-city,0700,home_to_work,24.65,24.65,24.65,7.9,OK
2026-06-25T09:46:38+07:00,hateco-apollo,0700,home_to_work,30.56,30.56,30.56,13.71,OK
2026-06-25T09:46:38+07:00,iris-garden,0700,home_to_work,22.98,22.98,22.98,7.13,OK
2026-06-25T11:43:45+07:00,vinhomes-smart-city,0730,home_to_work,21.01,21.01,21.01,10.23,OK
2026-06-25T11:43:45+07:00,hd-mon-city,0730,home_to_work,16.1,16.1,16.1,4.91,OK
2026-06-25T11:43:45+07:00,my-dinh-pearl,0730,home_to_work,22.39,22.39,22.39,7.15,OK
2026-06-25T11:43:45+07:00,hoang-thanh-pearl,0730,home_to_work,27.04,27.04,27.04,10.68,OK
2026-06-25T11:43:45+07:00,mipec-riverside,0730,home_to_work,30.35,30.35,30.35,9.56,OK
2026-06-25T11:43:45+07:00,sunshine-riverside,0730,home_to_work,18.41,18.41,18.41,7.89,OK
2026-06-25T11:43:45+07:00,ho-guom-plaza,0730,home_to_work,18.57,18.57,18.57,7.63,OK
2026-06-25T11:43:45+07:00,eco-green-city,0730,home_to_work,21.36,21.36,21.36,7.9,OK
2026-06-25T11:43:45+07:00,hateco-apollo,0730,home_to_work,28.07,28.07,28.07,13.71,OK
2026-06-25T11:43:45+07:00,iris-garden,0730,home_to_work,21.9,21.9,21.9,7.13,OK
2026-06-25T19:36:29+07:00,vinhomes-smart-city,1730,work_to_home,21.13,21.13,21.13,9.33,OK
2026-06-25T19:36:29+07:00,hd-mon-city,1730,work_to_home,21.53,21.53,21.53,6.45,OK
2026-06-25T19:36:29+07:00,my-dinh-pearl,1730,work_to_home,23.86,23.86,23.86,8.89,OK
2026-06-25T19:36:29+07:00,hoang-thanh-pearl,1730,work_to_home,28.11,28.11,28.11,11.54,OK
2026-06-25T19:36:29+07:00,mipec-riverside,1730,work_to_home,34.9,34.9,34.9,9.91,OK
2026-06-25T19:36:29+07:00,sunshine-riverside,1730,work_to_home,22.2,22.2,22.2,8.77,OK
2026-06-25T19:36:29+07:00,ho-guom-plaza,1730,work_to_home,23.93,23.93,23.93,7.81,OK
2026-06-25T19:36:29+07:00,eco-green-city,1730,work_to_home,24.55,24.55,24.55,7.86,OK
2026-06-25T19:36:29+07:00,hateco-apollo,1730,work_to_home,29.33,29.33,29.33,12.81,OK
2026-06-25T19:36:29+07:00,iris-garden,1730,work_to_home,27.37,27.37,27.37,8.2,OK
2026-06-25T20:21:22+07:00,vinhomes-smart-city,1800,work_to_home,19.01,19.01,19.01,9.33,OK
2026-06-25T20:21:22+07:00,hd-mon-city,1800,work_to_home,19.67,19.67,19.67,6.45,OK
2026-06-25T20:21:22+07:00,my-dinh-pearl,1800,work_to_home,21.86,21.86,21.86,8.89,OK
2026-06-25T20:21:22+07:00,hoang-thanh-pearl,1800,work_to_home,25.25,25.25,25.25,11.54,OK
2026-06-25T20:21:22+07:00,mipec-riverside,1800,work_to_home,32.72,32.72,32.72,9.91,OK
2026-06-25T20:21:22+07:00,sunshine-riverside,1800,work_to_home,21.61,21.61,21.61,8.77,OK
2026-06-25T20:21:22+07:00,ho-guom-plaza,1800,work_to_home,22.84,22.84,22.84,8.22,OK
2026-06-25T20:21:22+07:00,eco-green-city,1800,work_to_home,23.61,23.61,23.61,7.87,OK
2026-06-25T20:21:22+07:00,hateco-apollo,1800,work_to_home,26.24,26.24,26.24,12.81,OK
2026-06-25T20:21:22+07:00,iris-garden,1800,work_to_home,25.01,25.01,25.01,8.2,OK
2026-06-26T09:51:20+07:00,vinhomes-smart-city,0700,home_to_work,26.68,26.68,26.68,10.26,OK
2026-06-26T09:51:20+07:00,hd-mon-city,0700,home_to_work,18.24,18.24,18.24,4.91,OK
2026-06-26T09:51:20+07:00,my-dinh-pearl,0700,home_to_work,25.48,25.48,25.48,7.61,OK
2026-06-26T09:51:20+07:00,hoang-thanh-pearl,0700,home_to_work,28.97,28.97,28.97,9.91,OK
2026-06-26T09:51:20+07:00,mipec-riverside,0700,home_to_work,37.05,37.05,37.05,9.56,OK
2026-06-26T09:51:20+07:00,sunshine-riverside,0700,home_to_work,18.18,18.18,18.18,7.89,OK
2026-06-26T09:51:20+07:00,ho-guom-plaza,0700,home_to_work,26.19,26.19,26.19,7.63,OK
2026-06-26T09:51:20+07:00,eco-green-city,0700,home_to_work,26.73,26.73,26.73,7.9,OK
2026-06-26T09:51:20+07:00,hateco-apollo,0700,home_to_work,32.07,32.07,32.07,10.06,OK
2026-06-26T09:51:20+07:00,iris-garden,0700,home_to_work,24.96,24.96,24.96,7.13,OK
2026-06-26T11:48:59+07:00,vinhomes-smart-city,0730,home_to_work,20.69,20.69,20.69,10.23,OK
2026-06-26T11:48:59+07:00,hd-mon-city,0730,home_to_work,16.89,16.89,16.89,4.91,OK
2026-06-26T11:48:59+07:00,my-dinh-pearl,0730,home_to_work,22.78,22.78,22.78,10.33,OK
2026-06-26T11:48:59+07:00,hoang-thanh-pearl,0730,home_to_work,26.48,26.48,26.48,12.6,OK
2026-06-26T11:48:59+07:00,mipec-riverside,0730,home_to_work,34.23,34.23,34.23,9.56,OK
2026-06-26T11:48:59+07:00,sunshine-riverside,0730,home_to_work,19.21,19.21,19.21,7.89,OK
2026-06-26T11:48:59+07:00,ho-guom-plaza,0730,home_to_work,19.5,19.5,19.5,7.63,OK
2026-06-26T11:48:59+07:00,eco-green-city,0730,home_to_work,20.83,20.83,20.83,7.9,OK
2026-06-26T11:48:59+07:00,hateco-apollo,0730,home_to_work,27.75,27.75,27.75,13.71,OK
2026-06-26T11:48:59+07:00,iris-garden,0730,home_to_work,23.01,23.01,23.01,7.13,OK
2026-06-26T19:29:25+07:00,vinhomes-smart-city,1730,work_to_home,22.7,22.7,22.7,9.32,OK
2026-06-26T19:29:25+07:00,hd-mon-city,1730,work_to_home,22.0,22.0,22.0,6.44,OK
2026-06-26T19:29:25+07:00,my-dinh-pearl,1730,work_to_home,25.72,25.72,25.72,8.88,OK
2026-06-26T19:29:25+07:00,hoang-thanh-pearl,1730,work_to_home,29.95,29.95,29.95,11.53,OK
2026-06-26T19:29:25+07:00,mipec-riverside,1730,work_to_home,37.31,37.31,37.31,9.91,OK
2026-06-26T19:29:25+07:00,sunshine-riverside,1730,work_to_home,21.86,21.86,21.86,8.77,OK
2026-06-26T19:29:25+07:00,ho-guom-plaza,1730,work_to_home,23.8,23.8,23.8,8.22,OK
2026-06-26T19:29:25+07:00,eco-green-city,1730,work_to_home,27.02,27.02,27.02,8.26,OK
2026-06-26T19:29:25+07:00,hateco-apollo,1730,work_to_home,30.9,30.9,30.9,12.8,OK
2026-06-26T19:29:25+07:00,iris-garden,1730,work_to_home,27.55,27.55,27.55,8.2,OK
2026-06-26T20:13:16+07:00,vinhomes-smart-city,1800,work_to_home,20.07,20.07,20.07,9.33,OK
2026-06-26T20:13:16+07:00,hd-mon-city,1800,work_to_home,21.1,21.1,21.1,6.45,OK
2026-06-26T20:13:16+07:00,my-dinh-pearl,1800,work_to_home,22.92,22.92,22.92,8.89,OK
2026-06-26T20:13:16+07:00,hoang-thanh-pearl,1800,work_to_home,27.08,27.08,27.08,11.54,OK
2026-06-26T20:13:16+07:00,mipec-riverside,1800,work_to_home,39.38,39.38,39.38,9.91,OK
2026-06-26T20:13:16+07:00,sunshine-riverside,1800,work_to_home,23.18,23.18,23.18,9.8,OK
2026-06-26T20:13:16+07:00,ho-guom-plaza,1800,work_to_home,23.25,23.25,23.25,7.81,OK
2026-06-26T20:13:16+07:00,eco-green-city,1800,work_to_home,24.32,24.32,24.32,7.86,OK
2026-06-26T20:13:16+07:00,hateco-apollo,1800,work_to_home,28.27,28.27,28.27,12.81,OK
2026-06-26T20:13:16+07:00,iris-garden,1800,work_to_home,27.61,27.61,27.61,10.67,OK
2026-06-27T09:41:48+07:00,vinhomes-smart-city,0700,home_to_work,22.96,22.96,22.96,10.26,OK
2026-06-27T09:41:48+07:00,hd-mon-city,0700,home_to_work,15.79,15.79,15.79,4.91,OK
2026-06-27T09:41:48+07:00,my-dinh-pearl,0700,home_to_work,21.24,21.24,21.24,9.41,OK
2026-06-27T09:41:48+07:00,hoang-thanh-pearl,0700,home_to_work,28.01,28.01,28.01,10.68,OK
2026-06-27T09:41:48+07:00,mipec-riverside,0700,home_to_work,36.05,36.05,36.05,9.56,OK
2026-06-27T09:41:48+07:00,sunshine-riverside,0700,home_to_work,19.47,19.47,19.47,7.89,OK
2026-06-27T09:41:48+07:00,ho-guom-plaza,0700,home_to_work,21.13,21.13,21.13,7.63,OK
2026-06-27T09:41:48+07:00,eco-green-city,0700,home_to_work,21.93,21.93,21.93,7.9,OK
2026-06-27T09:41:48+07:00,hateco-apollo,0700,home_to_work,30.96,30.96,30.96,12.54,OK
2026-06-27T09:41:48+07:00,iris-garden,0700,home_to_work,22.08,22.08,22.08,7.13,OK
2026-06-27T11:33:23+07:00,vinhomes-smart-city,0730,home_to_work,24.53,24.53,24.53,10.23,OK
2026-06-27T11:33:23+07:00,hd-mon-city,0730,home_to_work,15.74,15.74,15.74,4.91,OK
2026-06-27T11:33:23+07:00,my-dinh-pearl,0730,home_to_work,22.75,22.75,22.75,7.15,OK
2026-06-27T11:33:23+07:00,hoang-thanh-pearl,0730,home_to_work,27.38,27.38,27.38,10.68,OK
2026-06-27T11:33:23+07:00,mipec-riverside,0730,home_to_work,35.79,35.79,35.79,9.7,OK
2026-06-27T11:33:23+07:00,sunshine-riverside,0730,home_to_work,17.91,17.91,17.91,7.89,OK
2026-06-27T11:33:23+07:00,ho-guom-plaza,0730,home_to_work,22.24,22.24,22.24,7.63,OK
2026-06-27T11:33:23+07:00,eco-green-city,0730,home_to_work,23.89,23.89,23.89,7.9,OK
2026-06-27T11:33:23+07:00,hateco-apollo,0730,home_to_work,29.2,29.2,29.2,10.06,OK
2026-06-27T11:33:23+07:00,iris-garden,0730,home_to_work,21.51,21.51,21.51,7.13,OK
2026-06-27T18:51:10+07:00,vinhomes-smart-city,1730,work_to_home,18.2,18.2,18.2,9.33,OK
2026-06-27T18:51:10+07:00,hd-mon-city,1730,work_to_home,18.64,18.64,18.64,6.45,OK
2026-06-27T18:51:10+07:00,my-dinh-pearl,1730,work_to_home,20.55,20.55,20.55,8.89,OK
2026-06-27T18:51:10+07:00,hoang-thanh-pearl,1730,work_to_home,25.71,25.71,25.71,11.54,OK
2026-06-27T18:51:10+07:00,mipec-riverside,1730,work_to_home,38.48,38.48,38.48,9.91,OK
2026-06-27T18:51:10+07:00,sunshine-riverside,1730,work_to_home,19.79,19.79,19.79,8.77,OK
2026-06-27T18:51:10+07:00,ho-guom-plaza,1730,work_to_home,19.26,19.26,19.26,7.81,OK
2026-06-27T18:51:10+07:00,eco-green-city,1730,work_to_home,19.7,19.7,19.7,7.86,OK
2026-06-27T18:51:10+07:00,hateco-apollo,1730,work_to_home,26.37,26.37,26.37,12.81,OK
2026-06-27T18:51:10+07:00,iris-garden,1730,work_to_home,24.35,24.35,24.35,10.67,OK
2026-06-27T19:10:12+07:00,vinhomes-smart-city,1800,work_to_home,17.82,17.82,17.82,9.33,OK
2026-06-27T19:10:12+07:00,hd-mon-city,1800,work_to_home,19.28,19.28,19.28,6.45,OK
2026-06-27T19:10:12+07:00,my-dinh-pearl,1800,work_to_home,20.46,20.46,20.46,8.89,OK
2026-06-27T19:10:12+07:00,hoang-thanh-pearl,1800,work_to_home,25.65,25.65,25.65,11.54,OK
2026-06-27T19:10:12+07:00,mipec-riverside,1800,work_to_home,38.44,38.44,38.44,9.91,OK
2026-06-27T19:10:12+07:00,sunshine-riverside,1800,work_to_home,22.11,22.11,22.11,9.8,OK
2026-06-27T19:10:12+07:00,ho-guom-plaza,1800,work_to_home,18.87,18.87,18.87,7.81,OK
2026-06-27T19:10:12+07:00,eco-green-city,1800,work_to_home,20.52,20.52,20.52,7.86,OK
2026-06-27T19:10:12+07:00,hateco-apollo,1800,work_to_home,25.98,25.98,25.98,12.81,OK
2026-06-27T19:10:12+07:00,iris-garden,1800,work_to_home,24.63,24.63,24.63,10.67,OK
2026-06-28T09:56:48+07:00,vinhomes-smart-city,0700,home_to_work,21.47,21.47,21.47,10.23,OK
2026-06-28T09:56:48+07:00,hd-mon-city,0700,home_to_work,15.14,15.14,15.14,4.91,OK
2026-06-28T09:56:48+07:00,my-dinh-pearl,0700,home_to_work,22.08,22.08,22.08,7.15,OK
2026-06-28T09:56:48+07:00,hoang-thanh-pearl,0700,home_to_work,27.69,27.69,27.69,10.68,OK
2026-06-28T09:56:48+07:00,mipec-riverside,0700,home_to_work,33.87,33.87,33.87,9.7,OK
2026-06-28T09:56:48+07:00,sunshine-riverside,0700,home_to_work,17.55,17.55,17.55,7.89,OK
2026-06-28T09:56:48+07:00,ho-guom-plaza,0700,home_to_work,19.17,19.17,19.17,7.63,OK
2026-06-28T09:56:48+07:00,eco-green-city,0700,home_to_work,20.96,20.96,20.96,7.9,OK
2026-06-28T09:56:48+07:00,hateco-apollo,0700,home_to_work,28.86,28.86,28.86,13.71,OK
2026-06-28T09:56:48+07:00,iris-garden,0700,home_to_work,21.56,21.56,21.56,7.13,OK
2026-06-28T11:59:01+07:00,vinhomes-smart-city,0730,home_to_work,20.84,20.84,20.84,10.23,OK
2026-06-28T11:59:01+07:00,hd-mon-city,0730,home_to_work,15.55,15.55,15.55,4.91,OK
2026-06-28T11:59:01+07:00,my-dinh-pearl,0730,home_to_work,22.52,22.52,22.52,7.65,OK
2026-06-28T11:59:01+07:00,hoang-thanh-pearl,0730,home_to_work,27.49,27.49,27.49,10.68,OK
2026-06-28T11:59:01+07:00,mipec-riverside,0730,home_to_work,36.52,36.52,36.52,9.56,OK
2026-06-28T11:59:01+07:00,sunshine-riverside,0730,home_to_work,18.64,18.64,18.64,7.89,OK
2026-06-28T11:59:01+07:00,ho-guom-plaza,0730,home_to_work,19.23,19.23,19.23,7.63,OK
2026-06-28T11:59:01+07:00,eco-green-city,0730,home_to_work,19.68,19.68,19.68,7.9,OK
2026-06-28T11:59:01+07:00,hateco-apollo,0730,home_to_work,28.06,28.06,28.06,13.71,OK
2026-06-28T11:59:01+07:00,iris-garden,0730,home_to_work,21.28,21.28,21.28,7.13,OK
2026-06-28T19:00:55+07:00,vinhomes-smart-city,1730,work_to_home,18.82,18.82,18.82,9.33,OK
2026-06-28T19:00:55+07:00,hd-mon-city,1730,work_to_home,18.86,18.86,18.86,6.45,OK
2026-06-28T19:00:55+07:00,my-dinh-pearl,1730,work_to_home,21.0,21.0,21.0,8.89,OK
2026-06-28T19:00:55+07:00,hoang-thanh-pearl,1730,work_to_home,26.57,26.57,26.57,11.54,OK
2026-06-28T19:00:55+07:00,mipec-riverside,1730,work_to_home,38.86,38.86,38.86,9.91,OK
2026-06-28T19:00:55+07:00,sunshine-riverside,1730,work_to_home,20.98,20.98,20.98,9.8,OK
2026-06-28T19:00:55+07:00,ho-guom-plaza,1730,work_to_home,21.15,21.15,21.15,8.42,OK
2026-06-28T19:00:55+07:00,eco-green-city,1730,work_to_home,21.78,21.78,21.78,8.48,OK
2026-06-28T19:00:55+07:00,hateco-apollo,1730,work_to_home,26.99,26.99,26.99,12.81,OK
2026-06-28T19:00:55+07:00,iris-garden,1730,work_to_home,25.45,25.45,25.45,8.2,OK
2026-06-28T19:17:09+07:00,vinhomes-smart-city,1800,work_to_home,18.6,18.6,18.6,9.33,OK
2026-06-28T19:17:09+07:00,hd-mon-city,1800,work_to_home,19.22,19.22,19.22,6.45,OK
2026-06-28T19:17:09+07:00,my-dinh-pearl,1800,work_to_home,20.73,20.73,20.73,8.89,OK
2026-06-28T19:17:09+07:00,hoang-thanh-pearl,1800,work_to_home,26.11,26.11,26.11,11.54,OK
2026-06-28T19:17:09+07:00,mipec-riverside,1800,work_to_home,37.91,37.91,37.91,9.91,OK
2026-06-28T19:17:09+07:00,sunshine-riverside,1800,work_to_home,20.33,20.33,20.33,9.81,OK
2026-06-28T19:17:09+07:00,ho-guom-plaza,1800,work_to_home,21.09,21.09,21.09,7.81,OK
2026-06-28T19:17:09+07:00,eco-green-city,1800,work_to_home,21.03,21.03,21.03,7.86,OK
2026-06-28T19:17:09+07:00,hateco-apollo,1800,work_to_home,26.77,26.77,26.77,12.81,OK
2026-06-28T19:17:09+07:00,iris-garden,1800,work_to_home,25.03,25.03,25.03,8.2,OK
2026-06-29T09:57:31+07:00,vinhomes-smart-city,0700,home_to_work,23.9,23.9,23.9,10.23,OK
2026-06-29T09:57:31+07:00,hd-mon-city,0700,home_to_work,16.88,16.88,16.88,4.91,OK
2026-06-29T09:57:31+07:00,my-dinh-pearl,0700,home_to_work,23.92,23.92,23.92,7.15,OK
2026-06-29T09:57:31+07:00,hoang-thanh-pearl,0700,home_to_work,27.93,27.93,27.93,10.68,OK
2026-06-29T09:57:31+07:00,mipec-riverside,0700,home_to_work,36.91,36.91,36.91,9.56,OK
2026-06-29T09:57:31+07:00,sunshine-riverside,0700,home_to_work,17.67,17.67,17.67,7.9,OK
2026-06-29T09:57:31+07:00,ho-guom-plaza,0700,home_to_work,22.3,22.3,22.3,7.63,OK
2026-06-29T09:57:31+07:00,eco-green-city,0700,home_to_work,24.34,24.34,24.34,7.9,OK
2026-06-29T09:57:31+07:00,hateco-apollo,0700,home_to_work,30.25,30.25,30.25,10.06,OK
2026-06-29T09:57:31+07:00,iris-garden,0700,home_to_work,22.39,22.39,22.39,7.13,OK
2026-06-29T12:11:00+07:00,vinhomes-smart-city,0730,home_to_work,20.07,20.07,20.07,10.23,OK
2026-06-29T12:11:00+07:00,hd-mon-city,0730,home_to_work,15.63,15.63,15.63,4.91,OK
2026-06-29T12:11:00+07:00,my-dinh-pearl,0730,home_to_work,21.94,21.94,21.94,7.15,OK
2026-06-29T12:11:00+07:00,hoang-thanh-pearl,0730,home_to_work,27.22,27.22,27.22,10.68,OK
2026-06-29T12:11:00+07:00,mipec-riverside,0730,home_to_work,34.59,34.59,34.59,9.56,OK
2026-06-29T12:11:00+07:00,sunshine-riverside,0730,home_to_work,17.93,17.93,17.93,7.89,OK
2026-06-29T12:11:00+07:00,ho-guom-plaza,0730,home_to_work,19.27,19.27,19.27,7.63,OK
2026-06-29T12:11:00+07:00,eco-green-city,0730,home_to_work,20.58,20.58,20.58,7.9,OK
2026-06-29T12:11:00+07:00,hateco-apollo,0730,home_to_work,26.58,26.58,26.58,13.71,OK
2026-06-29T12:11:00+07:00,iris-garden,0730,home_to_work,21.55,21.55,21.55,7.13,OK
2026-06-29T21:31:45+07:00,vinhomes-smart-city,1730,work_to_home,18.68,18.68,18.68,9.33,OK
2026-06-29T21:31:45+07:00,hd-mon-city,1730,work_to_home,19.28,19.28,19.28,6.45,OK
2026-06-29T21:31:45+07:00,my-dinh-pearl,1730,work_to_home,20.98,20.98,20.98,8.89,OK
2026-06-29T21:31:45+07:00,hoang-thanh-pearl,1730,work_to_home,25.16,25.16,25.16,11.54,OK
2026-06-29T21:31:45+07:00,mipec-riverside,1730,work_to_home,37.13,37.13,37.13,9.91,OK
2026-06-29T21:31:45+07:00,sunshine-riverside,1730,work_to_home,21.96,21.96,21.96,9.8,OK
2026-06-29T21:31:45+07:00,ho-guom-plaza,1730,work_to_home,21.23,21.23,21.23,8.42,OK
2026-06-29T21:31:45+07:00,eco-green-city,1730,work_to_home,21.88,21.88,21.88,8.48,OK
2026-06-29T21:31:45+07:00,hateco-apollo,1730,work_to_home,26.24,26.24,26.24,12.81,OK
2026-06-29T21:31:45+07:00,iris-garden,1730,work_to_home,26.39,26.39,26.39,10.67,OK
2026-06-29T21:48:12+07:00,vinhomes-smart-city,1800,work_to_home,18.95,18.95,18.95,9.33,OK
2026-06-29T21:48:12+07:00,hd-mon-city,1800,work_to_home,19.45,19.45,19.45,6.45,OK
2026-06-29T21:48:12+07:00,my-dinh-pearl,1800,work_to_home,20.43,20.43,20.43,8.89,OK
2026-06-29T21:48:12+07:00,hoang-thanh-pearl,1800,work_to_home,25.05,25.05,25.05,11.54,OK
2026-06-29T21:48:12+07:00,mipec-riverside,1800,work_to_home,35.43,35.43,35.43,9.91,OK
2026-06-29T21:48:12+07:00,sunshine-riverside,1800,work_to_home,21.89,21.89,21.89,9.81,OK
2026-06-29T21:48:12+07:00,ho-guom-plaza,1800,work_to_home,19.72,19.72,19.72,8.42,OK
2026-06-29T21:48:12+07:00,eco-green-city,1800,work_to_home,20.15,20.15,20.15,8.48,OK
2026-06-29T21:48:12+07:00,hateco-apollo,1800,work_to_home,26.51,26.51,26.51,12.81,OK
2026-06-29T21:48:12+07:00,iris-garden,1800,work_to_home,24.83,24.83,24.83,10.67,OK
2026-06-30T09:50:55+07:00,vinhomes-smart-city,0700,home_to_work,25.37,25.37,25.37,10.23,OK
2026-06-30T09:50:55+07:00,hd-mon-city,0700,home_to_work,17.21,17.21,17.21,4.91,OK
2026-06-30T09:50:55+07:00,my-dinh-pearl,0700,home_to_work,23.9,23.9,23.9,7.15,OK
2026-06-30T09:50:55+07:00,hoang-thanh-pearl,0700,home_to_work,28.22,28.22,28.22,10.68,OK
2026-06-30T09:50:55+07:00,mipec-riverside,0700,home_to_work,34.92,34.92,34.92,9.7,OK
2026-06-30T09:50:55+07:00,sunshine-riverside,0700,home_to_work,18.83,18.83,18.83,7.89,OK
2026-06-30T09:50:55+07:00,ho-guom-plaza,0700,home_to_work,23.89,23.89,23.89,7.63,OK
2026-06-30T09:50:55+07:00,eco-green-city,0700,home_to_work,25.7,25.7,25.7,7.9,OK
2026-06-30T09:50:55+07:00,hateco-apollo,0700,home_to_work,30.37,30.37,30.37,10.06,OK
2026-06-30T09:50:55+07:00,iris-garden,0700,home_to_work,22.56,22.56,22.56,7.13,OK
2026-06-30T11:43:09+07:00,vinhomes-smart-city,0730,home_to_work,22.67,22.67,22.67,10.23,OK
2026-06-30T11:43:09+07:00,hd-mon-city,0730,home_to_work,15.68,15.68,15.68,4.91,OK
2026-06-30T11:43:09+07:00,my-dinh-pearl,0730,home_to_work,22.09,22.09,22.09,7.65,OK
2026-06-30T11:43:09+07:00,hoang-thanh-pearl,0730,home_to_work,27.54,27.54,27.54,10.68,OK
2026-06-30T11:43:09+07:00,mipec-riverside,0730,home_to_work,35.16,35.16,35.16,9.56,OK
2026-06-30T11:43:09+07:00,sunshine-riverside,0730,home_to_work,18.08,18.08,18.08,7.89,OK
2026-06-30T11:43:09+07:00,ho-guom-plaza,0730,home_to_work,21.16,21.16,21.16,7.63,OK
2026-06-30T11:43:09+07:00,eco-green-city,0730,home_to_work,22.41,22.41,22.41,7.9,OK
2026-06-30T11:43:09+07:00,hateco-apollo,0730,home_to_work,29.91,29.91,29.91,12.54,OK
2026-06-30T11:43:09+07:00,iris-garden,0730,home_to_work,21.73,21.73,21.73,7.13,OK
2026-06-30T19:28:14+07:00,vinhomes-smart-city,1730,work_to_home,21.93,21.93,21.93,9.33,OK
2026-06-30T19:28:14+07:00,hd-mon-city,1730,work_to_home,21.46,21.46,21.46,6.45,OK
2026-06-30T19:28:14+07:00,my-dinh-pearl,1730,work_to_home,23.13,23.13,23.13,8.89,OK
2026-06-30T19:28:14+07:00,hoang-thanh-pearl,1730,work_to_home,27.21,27.21,27.21,11.54,OK
2026-06-30T19:28:14+07:00,mipec-riverside,1730,work_to_home,40.14,40.14,40.14,9.95,OK
2026-06-30T19:28:14+07:00,sunshine-riverside,1730,work_to_home,22.23,22.23,22.23,8.77,OK
2026-06-30T19:28:14+07:00,ho-guom-plaza,1730,work_to_home,23.19,23.19,23.19,8.22,OK
2026-06-30T19:28:14+07:00,eco-green-city,1730,work_to_home,24.06,24.06,24.06,8.26,OK
2026-06-30T19:28:14+07:00,hateco-apollo,1730,work_to_home,30.12,30.12,30.12,12.81,OK
2026-06-30T19:28:14+07:00,iris-garden,1730,work_to_home,27.56,27.56,27.56,8.2,OK
2026-06-30T20:09:43+07:00,vinhomes-smart-city,1800,work_to_home,19.75,19.75,19.75,9.33,OK
2026-06-30T20:09:43+07:00,hd-mon-city,1800,work_to_home,21.31,21.31,21.31,6.45,OK
2026-06-30T20:09:43+07:00,my-dinh-pearl,1800,work_to_home,21.54,21.54,21.54,8.89,OK
2026-06-30T20:09:43+07:00,hoang-thanh-pearl,1800,work_to_home,25.83,25.83,25.83,11.54,OK
2026-06-30T20:09:43+07:00,mipec-riverside,1800,work_to_home,37.94,37.94,37.94,9.91,OK
2026-06-30T20:09:43+07:00,sunshine-riverside,1800,work_to_home,21.86,21.86,21.86,9.8,OK
2026-06-30T20:09:43+07:00,ho-guom-plaza,1800,work_to_home,23.1,23.1,23.1,7.81,OK
2026-06-30T20:09:43+07:00,eco-green-city,1800,work_to_home,24.42,24.42,24.42,7.86,OK
2026-06-30T20:09:43+07:00,hateco-apollo,1800,work_to_home,27.95,27.95,27.95,12.81,OK
2026-06-30T20:09:43+07:00,iris-garden,1800,work_to_home,26.76,26.76,26.76,10.67,OK
2026-07-01T09:56:32+07:00,vinhomes-smart-city,0700,home_to_work,24.94,24.94,24.94,10.23,OK
2026-07-01T09:56:32+07:00,hd-mon-city,0700,home_to_work,17.9,17.9,17.9,4.91,OK
2026-07-01T09:56:32+07:00,my-dinh-pearl,0700,home_to_work,24.6,24.6,24.6,7.61,OK
2026-07-01T09:56:32+07:00,hoang-thanh-pearl,0700,home_to_work,27.76,27.76,27.76,9.85,OK
2026-07-01T09:56:32+07:00,mipec-riverside,0700,home_to_work,36.53,36.53,36.53,9.56,OK
2026-07-01T09:56:32+07:00,sunshine-riverside,0700,home_to_work,19.29,19.29,19.29,7.89,OK
2026-07-01T09:56:32+07:00,ho-guom-plaza,0700,home_to_work,24.02,24.02,24.02,7.63,OK
2026-07-01T09:56:32+07:00,eco-green-city,0700,home_to_work,25.39,25.39,25.39,7.9,OK
2026-07-01T09:56:32+07:00,hateco-apollo,0700,home_to_work,32.26,32.26,32.26,13.71,OK
2026-07-01T09:56:32+07:00,iris-garden,0700,home_to_work,23.84,23.84,23.84,7.13,OK
2026-07-01T12:05:14+07:00,vinhomes-smart-city,0730,home_to_work,21.82,21.82,21.82,10.23,OK
2026-07-01T12:05:14+07:00,hd-mon-city,0730,home_to_work,16.3,16.3,16.3,4.91,OK
2026-07-01T12:05:14+07:00,my-dinh-pearl,0730,home_to_work,22.82,22.82,22.82,7.15,OK
2026-07-01T12:05:14+07:00,hoang-thanh-pearl,0730,home_to_work,28.07,28.07,28.07,10.68,OK
2026-07-01T12:05:14+07:00,mipec-riverside,0730,home_to_work,33.92,33.92,33.92,9.56,OK
2026-07-01T12:05:14+07:00,sunshine-riverside,0730,home_to_work,18.12,18.12,18.12,7.89,OK
2026-07-01T12:05:14+07:00,ho-guom-plaza,0730,home_to_work,21.73,21.73,21.73,7.63,OK
2026-07-01T12:05:14+07:00,eco-green-city,0730,home_to_work,23.32,23.32,23.32,7.9,OK
2026-07-01T12:05:14+07:00,hateco-apollo,0730,home_to_work,28.89,28.89,28.89,13.71,OK
2026-07-01T12:05:14+07:00,iris-garden,0730,home_to_work,22.28,22.28,22.28,7.13,OK
2026-07-01T20:15:02+07:00,vinhomes-smart-city,1730,work_to_home,19.54,19.54,19.54,9.33,OK
2026-07-01T20:15:02+07:00,hd-mon-city,1730,work_to_home,21.31,21.31,21.31,6.45,OK
2026-07-01T20:15:02+07:00,my-dinh-pearl,1730,work_to_home,22.14,22.14,22.14,8.89,OK
2026-07-01T20:15:02+07:00,hoang-thanh-pearl,1730,work_to_home,26.37,26.37,26.37,11.54,OK
2026-07-01T20:15:02+07:00,mipec-riverside,1730,work_to_home,38.5,38.5,38.5,9.91,OK
2026-07-01T20:15:02+07:00,sunshine-riverside,1730,work_to_home,22.94,22.94,22.94,9.8,OK
2026-07-01T20:15:02+07:00,ho-guom-plaza,1730,work_to_home,22.12,22.12,22.12,8.22,OK
2026-07-01T20:15:02+07:00,eco-green-city,1730,work_to_home,22.63,22.63,22.63,8.26,OK
2026-07-01T20:15:02+07:00,hateco-apollo,1730,work_to_home,27.89,27.89,27.89,12.81,OK
2026-07-01T20:15:02+07:00,iris-garden,1730,work_to_home,27.21,27.21,27.21,8.2,OK
2026-07-01T20:34:54+07:00,vinhomes-smart-city,1800,work_to_home,17.44,17.44,17.44,9.33,OK
2026-07-01T20:34:54+07:00,hd-mon-city,1800,work_to_home,19.24,19.24,19.24,6.45,OK
2026-07-01T20:34:54+07:00,my-dinh-pearl,1800,work_to_home,20.01,20.01,20.01,8.89,OK
2026-07-01T20:34:54+07:00,hoang-thanh-pearl,1800,work_to_home,24.61,24.61,24.61,11.54,OK
2026-07-01T20:34:54+07:00,mipec-riverside,1800,work_to_home,36.59,36.59,36.59,9.91,OK
2026-07-01T20:34:54+07:00,sunshine-riverside,1800,work_to_home,20.97,20.97,20.97,9.81,OK
2026-07-01T20:34:54+07:00,ho-guom-plaza,1800,work_to_home,21.46,21.46,21.46,8.42,OK
2026-07-01T20:34:54+07:00,eco-green-city,1800,work_to_home,21.81,21.81,21.81,8.48,OK
2026-07-01T20:34:54+07:00,hateco-apollo,1800,work_to_home,24.67,24.67,24.67,12.81,OK
2026-07-01T20:34:54+07:00,iris-garden,1800,work_to_home,25.62,25.62,25.62,10.67,OK
2026-07-02T09:46:38+07:00,vinhomes-smart-city,0700,home_to_work,24.89,24.89,24.89,10.23,OK
2026-07-02T09:46:38+07:00,hd-mon-city,0700,home_to_work,20.03,20.03,20.03,4.91,OK
2026-07-02T09:46:38+07:00,my-dinh-pearl,0700,home_to_work,26.54,26.54,26.54,7.61,OK
2026-07-02T09:46:38+07:00,hoang-thanh-pearl,0700,home_to_work,29.85,29.85,29.85,9.91,OK
2026-07-02T09:46:38+07:00,mipec-riverside,0700,home_to_work,34.96,34.96,34.96,9.7,OK
2026-07-02T09:46:38+07:00,sunshine-riverside,0700,home_to_work,18.42,18.42,18.42,7.89,OK
2026-07-02T09:46:38+07:00,ho-guom-plaza,0700,home_to_work,24.71,24.71,24.71,7.63,OK
2026-07-02T09:46:38+07:00,eco-green-city,0700,home_to_work,26.75,26.75,26.75,7.9,OK
2026-07-02T09:46:38+07:00,hateco-apollo,0700,home_to_work,32.21,32.21,32.21,13.71,OK
2026-07-02T09:46:38+07:00,iris-garden,0700,home_to_work,26.14,26.14,26.14,7.13,OK
2026-07-02T11:38:45+07:00,vinhomes-smart-city,0730,home_to_work,22.26,22.26,22.26,10.23,OK
2026-07-02T11:38:45+07:00,hd-mon-city,0730,home_to_work,16.92,16.92,16.92,4.91,OK
2026-07-02T11:38:45+07:00,my-dinh-pearl,0730,home_to_work,23.34,23.34,23.34,7.65,OK
2026-07-02T11:38:45+07:00,hoang-thanh-pearl,0730,home_to_work,28.89,28.89,28.89,10.68,OK
2026-07-02T11:38:45+07:00,mipec-riverside,0730,home_to_work,34.88,34.88,34.88,9.56,OK
2026-07-02T11:38:45+07:00,sunshine-riverside,0730,home_to_work,18.49,18.49,18.49,7.89,OK
2026-07-02T11:38:45+07:00,ho-guom-plaza,0730,home_to_work,19.3,19.3,19.3,7.63,OK
2026-07-02T11:38:45+07:00,eco-green-city,0730,home_to_work,22.12,22.12,22.12,7.9,OK
2026-07-02T11:38:45+07:00,hateco-apollo,0730,home_to_work,29.32,29.32,29.32,13.71,OK
2026-07-02T11:38:45+07:00,iris-garden,0730,home_to_work,22.69,22.69,22.69,7.13,OK
2026-07-02T19:25:27+07:00,vinhomes-smart-city,1730,work_to_home,20.95,20.95,20.95,9.33,OK
2026-07-02T19:25:27+07:00,hd-mon-city,1730,work_to_home,20.57,20.57,20.57,6.45,OK
2026-07-02T19:25:27+07:00,my-dinh-pearl,1730,work_to_home,23.36,23.36,23.36,8.89,OK
2026-07-02T19:25:27+07:00,hoang-thanh-pearl,1730,work_to_home,27.4,27.4,27.4,11.54,OK
2026-07-02T19:25:27+07:00,mipec-riverside,1730,work_to_home,37.39,37.39,37.39,9.91,OK
2026-07-02T19:25:27+07:00,sunshine-riverside,1730,work_to_home,22.98,22.98,22.98,9.81,OK
2026-07-02T19:25:27+07:00,ho-guom-plaza,1730,work_to_home,23.93,23.93,23.93,8.44,OK
2026-07-02T19:25:27+07:00,eco-green-city,1730,work_to_home,23.77,23.77,23.77,8.5,OK
2026-07-02T19:25:27+07:00,hateco-apollo,1730,work_to_home,30.49,30.49,30.49,12.81,OK
2026-07-02T19:25:27+07:00,iris-garden,1730,work_to_home,26.83,26.83,26.83,8.2,OK
2026-07-02T19:59:06+07:00,vinhomes-smart-city,1800,work_to_home,19.56,19.56,19.56,9.33,OK
2026-07-02T19:59:06+07:00,hd-mon-city,1800,work_to_home,20.71,20.71,20.71,6.45,OK
2026-07-02T19:59:06+07:00,my-dinh-pearl,1800,work_to_home,25.45,25.45,25.45,9.53,OK
2026-07-02T19:59:06+07:00,hoang-thanh-pearl,1800,work_to_home,29.32,29.32,29.32,13.26,OK
2026-07-02T19:59:06+07:00,mipec-riverside,1800,work_to_home,38.6,38.6,38.6,9.91,OK
2026-07-02T19:59:06+07:00,sunshine-riverside,1800,work_to_home,21.46,21.46,21.46,8.7,OK
2026-07-02T19:59:06+07:00,ho-guom-plaza,1800,work_to_home,21.77,21.77,21.77,8.22,OK
2026-07-02T19:59:06+07:00,eco-green-city,1800,work_to_home,22.38,22.38,22.38,7.86,OK
2026-07-02T19:59:06+07:00,hateco-apollo,1800,work_to_home,27.76,27.76,27.76,12.81,OK
2026-07-02T19:59:06+07:00,iris-garden,1800,work_to_home,27.29,27.29,27.29,7.98,OK
2026-07-03T09:29:27+07:00,vinhomes-smart-city,0700,home_to_work,25.27,25.27,25.27,10.23,OK
2026-07-03T09:29:27+07:00,hd-mon-city,0700,home_to_work,18.26,18.26,18.26,4.91,OK
2026-07-03T09:29:27+07:00,my-dinh-pearl,0700,home_to_work,25.04,25.04,25.04,7.61,OK
2026-07-03T09:29:27+07:00,hoang-thanh-pearl,0700,home_to_work,29.07,29.07,29.07,9.91,OK
2026-07-03T09:29:27+07:00,mipec-riverside,0700,home_to_work,35.42,35.42,35.42,9.7,OK
2026-07-03T09:29:27+07:00,sunshine-riverside,0700,home_to_work,19.02,19.02,19.02,7.89,OK
2026-07-03T09:29:27+07:00,ho-guom-plaza,0700,home_to_work,21.35,21.35,21.35,7.63,OK
2026-07-03T09:29:27+07:00,eco-green-city,0700,home_to_work,24.13,24.13,24.13,7.9,OK
2026-07-03T09:29:27+07:00,hateco-apollo,0700,home_to_work,32.59,32.59,32.59,13.71,OK
2026-07-03T09:29:27+07:00,iris-garden,0700,home_to_work,25.22,25.22,25.22,7.13,OK
2026-07-03T11:24:49+07:00,vinhomes-smart-city,0730,home_to_work,21.54,21.54,21.54,10.23,OK
2026-07-03T11:24:49+07:00,hd-mon-city,0730,home_to_work,15.96,15.96,15.96,4.91,OK
2026-07-03T11:24:49+07:00,my-dinh-pearl,0730,home_to_work,21.93,21.93,21.93,7.15,OK
2026-07-03T11:24:49+07:00,hoang-thanh-pearl,0730,home_to_work,25.97,25.97,25.97,10.68,OK
2026-07-03T11:24:49+07:00,mipec-riverside,0730,home_to_work,34.44,34.44,34.44,9.56,OK
2026-07-03T11:24:49+07:00,sunshine-riverside,0730,home_to_work,18.95,18.95,18.95,7.89,OK
2026-07-03T11:24:49+07:00,ho-guom-plaza,0730,home_to_work,18.67,18.67,18.67,7.63,OK
2026-07-03T11:24:49+07:00,eco-green-city,0730,home_to_work,21.23,21.23,21.23,7.9,OK
2026-07-03T11:24:49+07:00,hateco-apollo,0730,home_to_work,28.37,28.37,28.37,12.54,OK
2026-07-03T11:24:49+07:00,iris-garden,0730,home_to_work,20.37,20.37,20.37,7.13,OK
2026-07-03T19:23:41+07:00,vinhomes-smart-city,1730,work_to_home,22.55,22.55,22.55,9.33,OK
2026-07-03T19:23:41+07:00,hd-mon-city,1730,work_to_home,21.41,21.41,21.41,6.45,OK
2026-07-03T19:23:41+07:00,my-dinh-pearl,1730,work_to_home,24.66,24.66,24.66,8.89,OK
2026-07-03T19:23:41+07:00,hoang-thanh-pearl,1730,work_to_home,28.86,28.86,28.86,11.54,OK
2026-07-03T19:23:41+07:00,mipec-riverside,1730,work_to_home,39.09,39.09,39.09,9.91,OK
2026-07-03T19:23:41+07:00,sunshine-riverside,1730,work_to_home,21.98,21.98,21.98,9.8,OK
2026-07-03T19:23:41+07:00,ho-guom-plaza,1730,work_to_home,27.01,27.01,27.01,7.84,OK
2026-07-03T19:23:41+07:00,eco-green-city,1730,work_to_home,25.88,25.88,25.88,7.89,OK
2026-07-03T19:23:41+07:00,hateco-apollo,1730,work_to_home,30.74,30.74,30.74,12.81,OK
2026-07-03T19:23:41+07:00,iris-garden,1730,work_to_home,26.64,26.64,26.64,8.2,OK
2026-07-03T19:56:56+07:00,vinhomes-smart-city,1800,work_to_home,19.64,19.64,19.64,9.33,OK
2026-07-03T19:56:56+07:00,hd-mon-city,1800,work_to_home,20.69,20.69,20.69,6.45,OK
2026-07-03T19:56:56+07:00,my-dinh-pearl,1800,work_to_home,22.99,22.99,22.99,8.89,OK
2026-07-03T19:56:56+07:00,hoang-thanh-pearl,1800,work_to_home,27.05,27.05,27.05,11.54,OK
2026-07-03T19:56:56+07:00,mipec-riverside,1800,work_to_home,37.83,37.83,37.83,9.91,OK
2026-07-03T19:56:56+07:00,sunshine-riverside,1800,work_to_home,22.15,22.15,22.15,9.8,OK
2026-07-03T19:56:56+07:00,ho-guom-plaza,1800,work_to_home,23.65,23.65,23.65,7.81,OK
2026-07-03T19:56:56+07:00,eco-green-city,1800,work_to_home,28.8,28.8,28.8,7.86,OK
2026-07-03T19:56:56+07:00,hateco-apollo,1800,work_to_home,27.84,27.84,27.84,12.81,OK
2026-07-03T19:56:56+07:00,iris-garden,1800,work_to_home,26.05,26.05,26.05,10.67,OK
2026-07-04T09:27:06+07:00,vinhomes-smart-city,0700,home_to_work,23.03,23.03,23.03,10.23,OK
2026-07-04T09:27:06+07:00,hd-mon-city,0700,home_to_work,15.52,15.52,15.52,4.91,OK
2026-07-04T09:27:06+07:00,my-dinh-pearl,0700,home_to_work,22.5,22.5,22.5,7.15,OK
2026-07-04T09:27:06+07:00,hoang-thanh-pearl,0700,home_to_work,25.82,25.82,25.82,8.82,OK
2026-07-04T09:27:06+07:00,mipec-riverside,0700,home_to_work,36.45,36.45,36.45,9.56,OK
2026-07-04T09:27:06+07:00,sunshine-riverside,0700,home_to_work,17.93,17.93,17.93,7.89,OK
2026-07-04T09:27:06+07:00,ho-guom-plaza,0700,home_to_work,19.29,19.29,19.29,7.63,OK
2026-07-04T09:27:06+07:00,eco-green-city,0700,home_to_work,21.03,21.03,21.03,7.9,OK
2026-07-04T09:27:06+07:00,hateco-apollo,0700,home_to_work,29.57,29.57,29.57,10.06,OK
2026-07-04T09:27:06+07:00,iris-garden,0700,home_to_work,21.98,21.98,21.98,7.13,OK
2026-07-04T11:10:18+07:00,vinhomes-smart-city,0730,home_to_work,24.3,24.3,24.3,10.23,OK
2026-07-04T11:10:18+07:00,hd-mon-city,0730,home_to_work,15.99,15.99,15.99,4.91,OK
2026-07-04T11:10:18+07:00,my-dinh-pearl,0730,home_to_work,23.03,23.03,23.03,7.15,OK
2026-07-04T11:10:18+07:00,hoang-thanh-pearl,0730,home_to_work,28.3,28.3,28.3,10.68,OK
2026-07-04T11:10:18+07:00,mipec-riverside,0730,home_to_work,36.3,36.3,36.3,9.56,OK
2026-07-04T11:10:18+07:00,sunshine-riverside,0730,home_to_work,17.7,17.7,17.7,7.89,OK
2026-07-04T11:10:18+07:00,ho-guom-plaza,0730,home_to_work,19.89,19.89,19.89,7.63,OK
2026-07-04T11:10:18+07:00,eco-green-city,0730,home_to_work,23.73,23.73,23.73,7.9,OK
2026-07-04T11:10:18+07:00,hateco-apollo,0730,home_to_work,29.93,29.93,29.93,10.06,OK
2026-07-04T11:10:18+07:00,iris-garden,0730,home_to_work,22.01,22.01,22.01,7.13,OK
2026-07-04T18:49:08+07:00,vinhomes-smart-city,1730,work_to_home,19.41,19.41,19.41,9.33,OK
2026-07-04T18:49:08+07:00,hd-mon-city,1730,work_to_home,19.45,19.45,19.45,6.45,OK
2026-07-04T18:49:08+07:00,my-dinh-pearl,1730,work_to_home,22.06,22.06,22.06,8.89,OK
2026-07-04T18:49:08+07:00,hoang-thanh-pearl,1730,work_to_home,27.62,27.62,27.62,11.54,OK
2026-07-04T18:49:08+07:00,mipec-riverside,1730,work_to_home,39.38,39.38,39.38,9.91,OK
2026-07-04T18:49:08+07:00,sunshine-riverside,1730,work_to_home,22.59,22.59,22.59,9.8,OK
2026-07-04T18:49:08+07:00,ho-guom-plaza,1730,work_to_home,22.79,22.79,22.79,8.42,OK
2026-07-04T18:49:08+07:00,eco-green-city,1730,work_to_home,23.21,23.21,23.21,8.48,OK
2026-07-04T18:49:08+07:00,hateco-apollo,1730,work_to_home,27.58,27.58,27.58,12.81,OK
2026-07-04T18:49:08+07:00,iris-garden,1730,work_to_home,25.66,25.66,25.66,8.2,OK
2026-07-04T19:08:10+07:00,vinhomes-smart-city,1800,work_to_home,21.35,21.35,21.35,9.33,OK
2026-07-04T19:08:10+07:00,hd-mon-city,1800,work_to_home,19.59,19.59,19.59,6.45,OK
2026-07-04T19:08:10+07:00,my-dinh-pearl,1800,work_to_home,22.22,22.22,22.22,8.89,OK
2026-07-04T19:08:10+07:00,hoang-thanh-pearl,1800,work_to_home,27.65,27.65,27.65,11.54,OK
2026-07-04T19:08:10+07:00,mipec-riverside,1800,work_to_home,39.0,39.0,39.0,9.91,OK
2026-07-04T19:08:10+07:00,sunshine-riverside,1800,work_to_home,21.48,21.48,21.48,9.8,OK
2026-07-04T19:08:10+07:00,ho-guom-plaza,1800,work_to_home,21.9,21.9,21.9,8.42,OK
2026-07-04T19:08:10+07:00,eco-green-city,1800,work_to_home,22.47,22.47,22.47,8.48,OK
2026-07-04T19:08:10+07:00,hateco-apollo,1800,work_to_home,29.52,29.52,29.52,12.81,OK
2026-07-04T19:08:10+07:00,iris-garden,1800,work_to_home,25.55,25.55,25.55,8.2,OK
2026-07-05T09:36:36+07:00,vinhomes-smart-city,0700,home_to_work,21.93,21.93,21.93,10.23,OK
2026-07-05T09:36:36+07:00,hd-mon-city,0700,home_to_work,15.12,15.12,15.12,4.91,OK
2026-07-05T09:36:36+07:00,my-dinh-pearl,0700,home_to_work,21.86,21.86,21.86,7.15,OK
2026-07-05T09:36:36+07:00,hoang-thanh-pearl,0700,home_to_work,26.46,26.46,26.46,10.68,OK
2026-07-05T09:36:36+07:00,mipec-riverside,0700,home_to_work,35.73,35.73,35.73,9.56,OK
2026-07-05T09:36:36+07:00,sunshine-riverside,0700,home_to_work,17.74,17.74,17.74,7.89,OK
2026-07-05T09:36:36+07:00,ho-guom-plaza,0700,home_to_work,18.37,18.37,18.37,7.63,OK
2026-07-05T09:36:36+07:00,eco-green-city,0700,home_to_work,20.46,20.46,20.46,7.9,OK
2026-07-05T09:36:36+07:00,hateco-apollo,0700,home_to_work,29.09,29.09,29.09,12.54,OK
2026-07-05T09:36:36+07:00,iris-garden,0700,home_to_work,20.41,20.41,20.41,7.13,OK
2026-07-05T11:38:51+07:00,vinhomes-smart-city,0730,home_to_work,20.32,20.32,20.32,10.23,OK
2026-07-05T11:38:51+07:00,hd-mon-city,0730,home_to_work,16.68,16.68,16.68,4.91,OK
2026-07-05T11:38:51+07:00,my-dinh-pearl,0730,home_to_work,21.58,21.58,21.58,10.33,OK
2026-07-05T11:38:51+07:00,hoang-thanh-pearl,0730,home_to_work,27.59,27.59,27.59,10.68,OK
2026-07-05T11:38:51+07:00,mipec-riverside,0730,home_to_work,35.78,35.78,35.78,9.56,OK
2026-07-05T11:38:51+07:00,sunshine-riverside,0730,home_to_work,18.42,18.42,18.42,7.89,OK
2026-07-05T11:38:51+07:00,ho-guom-plaza,0730,home_to_work,17.74,17.74,17.74,7.63,OK
2026-07-05T11:38:51+07:00,eco-green-city,0730,home_to_work,19.38,19.38,19.38,7.9,OK
2026-07-05T11:38:51+07:00,hateco-apollo,0730,home_to_work,27.81,27.81,27.81,13.71,OK
2026-07-05T11:38:51+07:00,iris-garden,0730,home_to_work,21.38,21.38,21.38,7.13,OK
2026-07-05T18:51:22+07:00,vinhomes-smart-city,1730,work_to_home,19.53,19.53,19.53,9.33,OK
2026-07-05T18:51:22+07:00,hd-mon-city,1730,work_to_home,18.91,18.91,18.91,6.45,OK
2026-07-05T18:51:22+07:00,my-dinh-pearl,1730,work_to_home,22.25,22.25,22.25,8.89,OK
2026-07-05T18:51:22+07:00,hoang-thanh-pearl,1730,work_to_home,27.82,27.82,27.82,11.54,OK
2026-07-05T18:51:22+07:00,mipec-riverside,1730,work_to_home,39.82,39.82,39.82,9.91,OK
2026-07-05T18:51:22+07:00,sunshine-riverside,1730,work_to_home,21.89,21.89,21.89,9.8,OK
2026-07-05T18:51:22+07:00,ho-guom-plaza,1730,work_to_home,23.26,23.26,23.26,8.42,OK
2026-07-05T18:51:22+07:00,eco-green-city,1730,work_to_home,22.75,22.75,22.75,8.48,OK
2026-07-05T18:51:22+07:00,hateco-apollo,1730,work_to_home,27.73,27.73,27.73,12.81,OK
2026-07-05T18:51:22+07:00,iris-garden,1730,work_to_home,26.98,26.98,26.98,8.2,OK
2026-07-05T19:17:54+07:00,vinhomes-smart-city,1800,work_to_home,19.09,19.09,19.09,9.33,OK
2026-07-05T19:17:54+07:00,hd-mon-city,1800,work_to_home,19.6,19.6,19.6,6.45,OK
2026-07-05T19:17:54+07:00,my-dinh-pearl,1800,work_to_home,21.42,21.42,21.42,8.89,OK
2026-07-05T19:17:54+07:00,hoang-thanh-pearl,1800,work_to_home,25.78,25.78,25.78,11.54,OK
2026-07-05T19:17:54+07:00,mipec-riverside,1800,work_to_home,38.38,38.38,38.38,9.91,OK
2026-07-05T19:17:54+07:00,sunshine-riverside,1800,work_to_home,20.74,20.74,20.74,8.77,OK
2026-07-05T19:17:54+07:00,ho-guom-plaza,1800,work_to_home,21.85,21.85,21.85,8.42,OK
2026-07-05T19:17:54+07:00,eco-green-city,1800,work_to_home,22.27,22.27,22.27,8.48,OK
2026-07-05T19:17:54+07:00,hateco-apollo,1800,work_to_home,27.25,27.25,27.25,12.81,OK
2026-07-05T19:17:54+07:00,iris-garden,1800,work_to_home,24.29,24.29,24.29,8.2,OK
2026-07-06T09:41:16+07:00,vinhomes-smart-city,0700,home_to_work,22.64,22.64,22.64,10.23,OK
2026-07-06T09:41:16+07:00,hd-mon-city,0700,home_to_work,18.31,18.31,18.31,4.91,OK
2026-07-06T09:41:16+07:00,my-dinh-pearl,0700,home_to_work,25.26,25.26,25.26,7.61,OK
2026-07-06T09:41:16+07:00,hoang-thanh-pearl,0700,home_to_work,28.31,28.31,28.31,8.82,OK
2026-07-06T09:41:16+07:00,mipec-riverside,0700,home_to_work,36.81,36.81,36.81,9.56,OK
2026-07-06T09:41:16+07:00,sunshine-riverside,0700,home_to_work,18.92,18.92,18.92,7.89,OK
2026-07-06T09:41:16+07:00,ho-guom-plaza,0700,home_to_work,19.37,19.37,19.37,7.63,OK
2026-07-06T09:41:16+07:00,eco-green-city,0700,home_to_work,22.07,22.07,22.07,7.9,OK
2026-07-06T09:41:16+07:00,hateco-apollo,0700,home_to_work,29.96,29.96,29.96,13.71,OK
2026-07-06T09:41:16+07:00,iris-garden,0700,home_to_work,24.35,24.35,24.35,7.13,OK
2026-07-06T11:50:26+07:00,vinhomes-smart-city,0730,home_to_work,22.74,22.74,22.74,10.23,OK
2026-07-06T11:50:26+07:00,hd-mon-city,0730,home_to_work,14.93,14.93,14.93,4.91,OK
2026-07-06T11:50:26+07:00,my-dinh-pearl,0730,home_to_work,21.46,21.46,21.46,7.15,OK
2026-07-06T11:50:26+07:00,hoang-thanh-pearl,0730,home_to_work,26.77,26.77,26.77,10.68,OK
2026-07-06T11:50:26+07:00,mipec-riverside,0730,home_to_work,35.67,35.67,35.67,9.7,OK
2026-07-06T11:50:26+07:00,sunshine-riverside,0730,home_to_work,18.34,18.34,18.34,7.89,OK
2026-07-06T11:50:26+07:00,ho-guom-plaza,0730,home_to_work,22.56,22.56,22.56,7.63,OK
2026-07-06T11:50:26+07:00,eco-green-city,0730,home_to_work,23.51,23.51,23.51,7.9,OK
2026-07-06T11:50:26+07:00,hateco-apollo,0730,home_to_work,29.17,29.17,29.17,12.54,OK
2026-07-06T11:50:26+07:00,iris-garden,0730,home_to_work,21.05,21.05,21.05,7.13,OK
2026-07-06T21:03:49+07:00,vinhomes-smart-city,1730,work_to_home,18.3,18.3,18.3,9.33,OK
2026-07-06T21:03:49+07:00,hd-mon-city,1730,work_to_home,19.54,19.54,19.54,6.45,OK
2026-07-06T21:03:49+07:00,my-dinh-pearl,1730,work_to_home,20.62,20.62,20.62,8.89,OK
2026-07-06T21:03:49+07:00,hoang-thanh-pearl,1730,work_to_home,24.5,24.5,24.5,11.54,OK
2026-07-06T21:03:49+07:00,mipec-riverside,1730,work_to_home,37.06,37.06,37.06,9.91,OK
2026-07-06T21:03:49+07:00,sunshine-riverside,1730,work_to_home,21.12,21.12,21.12,8.77,OK
2026-07-06T21:03:49+07:00,ho-guom-plaza,1730,work_to_home,21.65,21.65,21.65,8.42,OK
2026-07-06T21:03:49+07:00,eco-green-city,1730,work_to_home,21.44,21.44,21.44,8.48,OK
2026-07-06T21:03:49+07:00,hateco-apollo,1730,work_to_home,25.5,25.5,25.5,12.81,OK
2026-07-06T21:03:49+07:00,iris-garden,1730,work_to_home,25.31,25.31,25.31,11.42,OK
2026-07-06T21:27:54+07:00,vinhomes-smart-city,1800,work_to_home,17.94,17.94,17.94,9.33,OK
2026-07-06T21:27:54+07:00,hd-mon-city,1800,work_to_home,16.45,16.45,16.45,6.31,OK
2026-07-06T21:27:54+07:00,my-dinh-pearl,1800,work_to_home,20.4,20.4,20.4,8.89,OK
2026-07-06T21:27:54+07:00,hoang-thanh-pearl,1800,work_to_home,24.39,24.39,24.39,11.54,OK
2026-07-06T21:27:54+07:00,mipec-riverside,1800,work_to_home,36.99,36.99,36.99,9.91,OK
2026-07-06T21:27:54+07:00,sunshine-riverside,1800,work_to_home,20.36,20.36,20.36,9.8,OK
2026-07-06T21:27:54+07:00,ho-guom-plaza,1800,work_to_home,21.11,21.11,21.11,8.42,OK
2026-07-06T21:27:54+07:00,eco-green-city,1800,work_to_home,21.61,21.61,21.61,8.48,OK
2026-07-06T21:27:54+07:00,hateco-apollo,1800,work_to_home,25.5,25.5,25.5,12.81,OK
2026-07-06T21:27:54+07:00,iris-garden,1800,work_to_home,24.94,24.94,24.94,11.42,OK
2026-07-07T09:37:30+07:00,vinhomes-smart-city,0700,home_to_work,26.05,26.05,26.05,10.23,OK
2026-07-07T09:37:30+07:00,hd-mon-city,0700,home_to_work,17.73,17.73,17.73,4.91,OK
2026-07-07T09:37:30+07:00,my-dinh-pearl,0700,home_to_work,24.57,24.57,24.57,7.61,OK
2026-07-07T09:37:30+07:00,hoang-thanh-pearl,0700,home_to_work,29.96,29.96,29.96,10.68,OK
2026-07-07T09:37:30+07:00,mipec-riverside,0700,home_to_work,36.53,36.53,36.53,9.56,OK
2026-07-07T09:37:30+07:00,sunshine-riverside,0700,home_to_work,19.11,19.11,19.11,7.89,OK
2026-07-07T09:37:30+07:00,ho-guom-plaza,0700,home_to_work,23.7,23.7,23.7,7.63,OK
2026-07-07T09:37:30+07:00,eco-green-city,0700,home_to_work,25.77,25.77,25.77,7.9,OK
2026-07-07T09:37:30+07:00,hateco-apollo,0700,home_to_work,31.45,31.45,31.45,10.06,OK
2026-07-07T09:37:30+07:00,iris-garden,0700,home_to_work,23.87,23.87,23.87,7.13,OK
2026-07-07T11:31:42+07:00,vinhomes-smart-city,0730,home_to_work,22.65,22.65,22.65,10.23,OK
2026-07-07T11:31:42+07:00,hd-mon-city,0730,home_to_work,16.64,16.64,16.64,4.91,OK
2026-07-07T11:31:42+07:00,my-dinh-pearl,0730,home_to_work,22.85,22.85,22.85,7.65,OK
2026-07-07T11:31:42+07:00,hoang-thanh-pearl,0730,home_to_work,26.46,26.46,26.46,9.91,OK
2026-07-07T11:31:42+07:00,mipec-riverside,0730,home_to_work,34.88,34.88,34.88,9.56,OK
2026-07-07T11:31:42+07:00,sunshine-riverside,0730,home_to_work,18.9,18.9,18.9,7.89,OK
2026-07-07T11:31:42+07:00,ho-guom-plaza,0730,home_to_work,21.01,21.01,21.01,7.63,OK
2026-07-07T11:31:42+07:00,eco-green-city,0730,home_to_work,22.77,22.77,22.77,7.9,OK
2026-07-07T11:31:42+07:00,hateco-apollo,0730,home_to_work,29.72,29.72,29.72,13.71,OK
2026-07-07T11:31:42+07:00,iris-garden,0730,home_to_work,22.63,22.63,22.63,7.13,OK
2026-07-07T19:41:19+07:00,vinhomes-smart-city,1730,work_to_home,22.73,22.73,22.73,9.33,OK
2026-07-07T19:41:19+07:00,hd-mon-city,1730,work_to_home,21.47,21.47,21.47,6.45,OK
2026-07-07T19:41:19+07:00,my-dinh-pearl,1730,work_to_home,25.12,25.12,25.12,8.89,OK
2026-07-07T19:41:19+07:00,hoang-thanh-pearl,1730,work_to_home,29.36,29.36,29.36,11.54,OK
2026-07-07T19:41:19+07:00,mipec-riverside,1730,work_to_home,38.43,38.43,38.43,9.91,OK
2026-07-07T19:41:19+07:00,sunshine-riverside,1730,work_to_home,22.02,22.02,22.02,8.77,OK
2026-07-07T19:41:19+07:00,ho-guom-plaza,1730,work_to_home,26.3,26.3,26.3,7.84,OK
2026-07-07T19:41:19+07:00,eco-green-city,1730,work_to_home,25.75,25.75,25.75,7.89,OK
2026-07-07T19:41:19+07:00,hateco-apollo,1730,work_to_home,29.76,29.76,29.76,12.81,OK
2026-07-07T19:41:19+07:00,iris-garden,1730,work_to_home,27.13,27.13,27.13,8.2,OK
2026-07-07T20:21:57+07:00,vinhomes-smart-city,1800,work_to_home,18.0,18.0,18.0,9.33,OK
2026-07-07T20:21:57+07:00,hd-mon-city,1800,work_to_home,20.36,20.36,20.36,6.45,OK
2026-07-07T20:21:57+07:00,my-dinh-pearl,1800,work_to_home,21.96,21.96,21.96,8.89,OK
2026-07-07T20:21:57+07:00,hoang-thanh-pearl,1800,work_to_home,25.89,25.89,25.89,11.54,OK
2026-07-07T20:21:57+07:00,mipec-riverside,1800,work_to_home,37.18,37.18,37.18,9.91,OK
2026-07-07T20:21:57+07:00,sunshine-riverside,1800,work_to_home,21.13,21.13,21.13,8.77,OK
2026-07-07T20:21:57+07:00,ho-guom-plaza,1800,work_to_home,22.15,22.15,22.15,8.42,OK
2026-07-07T20:21:57+07:00,eco-green-city,1800,work_to_home,22.59,22.59,22.59,8.48,OK
2026-07-07T20:21:57+07:00,hateco-apollo,1800,work_to_home,25.23,25.23,25.23,12.81,OK
2026-07-07T20:21:57+07:00,iris-garden,1800,work_to_home,25.86,25.86,25.86,10.67,OK
2026-07-08T09:10:59+07:00,vinhomes-smart-city,0700,home_to_work,24.44,24.44,24.44,10.23,OK
2026-07-08T09:10:59+07:00,hd-mon-city,0700,home_to_work,18.03,18.03,18.03,4.91,OK
2026-07-08T09:10:59+07:00,my-dinh-pearl,0700,home_to_work,25.33,25.33,25.33,7.61,OK
2026-07-08T09:10:59+07:00,hoang-thanh-pearl,0700,home_to_work,30.5,30.5,30.5,10.68,OK
2026-07-08T09:10:59+07:00,mipec-riverside,0700,home_to_work,35.65,35.65,35.65,9.56,OK
2026-07-08T09:10:59+07:00,sunshine-riverside,0700,home_to_work,18.85,18.85,18.85,7.89,OK
2026-07-08T09:10:59+07:00,ho-guom-plaza,0700,home_to_work,21.89,21.89,21.89,7.63,OK
2026-07-08T09:10:59+07:00,eco-green-city,0700,home_to_work,24.33,24.33,24.33,7.9,OK
2026-07-08T09:10:59+07:00,hateco-apollo,0700,home_to_work,31.76,31.76,31.76,13.71,OK
2026-07-08T09:10:59+07:00,iris-garden,0700,home_to_work,24.35,24.35,24.35,7.13,OK
2026-07-08T10:53:34+07:00,vinhomes-smart-city,0730,home_to_work,21.56,21.56,21.56,10.23,OK
2026-07-08T10:53:34+07:00,hd-mon-city,0730,home_to_work,16.28,16.28,16.28,4.91,OK
2026-07-08T10:53:34+07:00,my-dinh-pearl,0730,home_to_work,21.39,21.39,21.39,9.41,OK
2026-07-08T10:53:34+07:00,hoang-thanh-pearl,0730,home_to_work,28.15,28.15,28.15,10.68,OK
2026-07-08T10:53:34+07:00,mipec-riverside,0730,home_to_work,35.96,35.96,35.96,9.56,OK
2026-07-08T10:53:34+07:00,sunshine-riverside,0730,home_to_work,16.86,16.86,16.86,7.89,OK
2026-07-08T10:53:34+07:00,ho-guom-plaza,0730,home_to_work,17.59,17.59,17.59,7.63,OK
2026-07-08T10:53:34+07:00,eco-green-city,0730,home_to_work,19.73,19.73,19.73,7.9,OK
2026-07-08T10:53:34+07:00,hateco-apollo,0730,home_to_work,28.86,28.86,28.86,13.71,OK
2026-07-08T10:53:34+07:00,iris-garden,0730,home_to_work,22.12,22.12,22.12,7.13,OK
2026-07-08T19:00:25+07:00,vinhomes-smart-city,1730,work_to_home,24.07,24.07,24.07,9.33,OK
2026-07-08T19:00:25+07:00,hd-mon-city,1730,work_to_home,23.79,23.79,23.79,6.45,OK
2026-07-08T19:00:25+07:00,my-dinh-pearl,1730,work_to_home,25.94,25.94,25.94,8.89,OK
2026-07-08T19:00:25+07:00,hoang-thanh-pearl,1730,work_to_home,32.03,32.03,32.03,11.54,OK
2026-07-08T19:00:25+07:00,mipec-riverside,1730,work_to_home,42.13,42.13,42.13,9.91,OK
2026-07-08T19:00:25+07:00,sunshine-riverside,1730,work_to_home,26.95,26.95,26.95,9.8,OK
2026-07-08T19:00:25+07:00,ho-guom-plaza,1730,work_to_home,28.31,28.31,28.31,7.81,OK
2026-07-08T19:00:25+07:00,eco-green-city,1730,work_to_home,28.76,28.76,28.76,7.86,OK
2026-07-08T19:00:25+07:00,hateco-apollo,1730,work_to_home,31.88,31.88,31.88,12.81,OK
2026-07-08T19:00:25+07:00,iris-garden,1730,work_to_home,29.58,29.58,29.58,8.2,OK
2026-07-08T19:22:21+07:00,vinhomes-smart-city,1800,work_to_home,20.75,20.75,20.75,9.33,OK
2026-07-08T19:22:21+07:00,hd-mon-city,1800,work_to_home,21.61,21.61,21.61,6.45,OK
2026-07-08T19:22:21+07:00,my-dinh-pearl,1800,work_to_home,23.88,23.88,23.88,8.89,OK
2026-07-08T19:22:21+07:00,hoang-thanh-pearl,1800,work_to_home,28.55,28.55,28.55,11.54,OK
2026-07-08T19:22:21+07:00,mipec-riverside,1800,work_to_home,38.43,38.43,38.43,9.91,OK
2026-07-08T19:22:21+07:00,sunshine-riverside,1800,work_to_home,21.27,21.27,21.27,8.77,OK
2026-07-08T19:22:21+07:00,ho-guom-plaza,1800,work_to_home,22.94,22.94,22.94,7.81,OK
2026-07-08T19:22:21+07:00,eco-green-city,1800,work_to_home,24.05,24.05,24.05,7.86,OK
2026-07-08T19:22:21+07:00,hateco-apollo,1800,work_to_home,28.95,28.95,28.95,12.81,OK
2026-07-08T19:22:21+07:00,iris-garden,1800,work_to_home,27.27,27.27,27.27,8.2,OK
2026-07-09T09:29:13+07:00,vinhomes-smart-city,0700,home_to_work,23.49,23.49,23.49,10.26,OK
2026-07-09T09:29:13+07:00,hd-mon-city,0700,home_to_work,18.38,18.38,18.38,4.91,OK
2026-07-09T09:29:13+07:00,my-dinh-pearl,0700,home_to_work,25.21,25.21,25.21,7.61,OK
2026-07-09T09:29:13+07:00,hoang-thanh-pearl,0700,home_to_work,30.81,30.81,30.81,10.68,OK
2026-07-09T09:29:13+07:00,mipec-riverside,0700,home_to_work,37.41,37.41,37.41,9.56,OK
2026-07-09T09:29:13+07:00,sunshine-riverside,0700,home_to_work,19.18,19.18,19.18,7.89,OK
2026-07-09T09:29:13+07:00,ho-guom-plaza,0700,home_to_work,22.08,22.08,22.08,7.63,OK
2026-07-09T09:29:13+07:00,eco-green-city,0700,home_to_work,23.67,23.67,23.67,7.9,OK
2026-07-09T09:29:13+07:00,hateco-apollo,0700,home_to_work,30.88,30.88,30.88,13.74,OK
2026-07-09T09:29:13+07:00,iris-garden,0700,home_to_work,24.65,24.65,24.65,7.13,OK
2026-07-09T11:29:04+07:00,vinhomes-smart-city,0730,home_to_work,21.43,21.43,21.43,10.23,OK
2026-07-09T11:29:04+07:00,hd-mon-city,0730,home_to_work,16.28,16.28,16.28,4.91,OK
2026-07-09T11:29:04+07:00,my-dinh-pearl,0730,home_to_work,22.47,22.47,22.47,7.15,OK
2026-07-09T11:29:04+07:00,hoang-thanh-pearl,0730,home_to_work,27.86,27.86,27.86,10.68,OK
2026-07-09T11:29:04+07:00,mipec-riverside,0730,home_to_work,34.88,34.88,34.88,9.56,OK
2026-07-09T11:29:04+07:00,sunshine-riverside,0730,home_to_work,17.62,17.62,17.62,7.89,OK
2026-07-09T11:29:04+07:00,ho-guom-plaza,0730,home_to_work,20.05,20.05,20.05,7.63,OK
2026-07-09T11:29:04+07:00,eco-green-city,0730,home_to_work,22.1,22.1,22.1,7.9,OK
2026-07-09T11:29:04+07:00,hateco-apollo,0730,home_to_work,28.49,28.49,28.49,13.71,OK
2026-07-09T11:29:04+07:00,iris-garden,0730,home_to_work,22.08,22.08,22.08,7.13,OK
2026-07-09T20:50:42+07:00,vinhomes-smart-city,1800,work_to_home,18.35,18.35,18.35,9.33,OK
2026-07-09T20:50:42+07:00,hd-mon-city,1800,work_to_home,19.25,19.25,19.25,6.45,OK
2026-07-09T20:50:42+07:00,my-dinh-pearl,1800,work_to_home,20.68,20.68,20.68,8.89,OK
2026-07-09T20:50:42+07:00,hoang-thanh-pearl,1800,work_to_home,24.05,24.05,24.05,11.54,OK
2026-07-09T20:50:42+07:00,mipec-riverside,1800,work_to_home,37.12,37.12,37.12,9.91,OK
2026-07-09T20:50:42+07:00,sunshine-riverside,1800,work_to_home,22.24,22.24,22.24,9.8,OK
2026-07-09T20:50:42+07:00,ho-guom-plaza,1800,work_to_home,23.56,23.56,23.56,8.42,OK
2026-07-09T20:50:42+07:00,eco-green-city,1800,work_to_home,23.75,23.75,23.75,8.48,OK
2026-07-09T20:50:42+07:00,hateco-apollo,1800,work_to_home,25.58,25.58,25.58,12.81,OK
2026-07-09T20:50:42+07:00,iris-garden,1800,work_to_home,25.03,25.03,25.03,11.42,OK
2026-07-10T09:31:36+07:00,vinhomes-smart-city,0700,home_to_work,26.9,26.9,26.9,10.26,OK
2026-07-10T09:31:36+07:00,hd-mon-city,0700,home_to_work,19.14,19.14,19.14,4.91,OK
2026-07-10T09:31:36+07:00,my-dinh-pearl,0700,home_to_work,25.49,25.49,25.49,7.65,OK
2026-07-10T09:31:36+07:00,hoang-thanh-pearl,0700,home_to_work,28.79,28.79,28.79,9.91,OK
2026-07-10T09:31:36+07:00,mipec-riverside,0700,home_to_work,35.21,35.21,35.21,9.56,OK
2026-07-10T09:31:36+07:00,sunshine-riverside,0700,home_to_work,18.98,18.98,18.98,7.89,OK
2026-07-10T09:31:36+07:00,ho-guom-plaza,0700,home_to_work,25.92,25.92,25.92,7.63,OK
2026-07-10T09:31:36+07:00,eco-green-city,0700,home_to_work,26.42,26.42,26.42,7.9,OK
2026-07-10T09:31:36+07:00,hateco-apollo,0700,home_to_work,32.56,32.56,32.56,11.45,OK
2026-07-10T09:31:36+07:00,iris-garden,0700,home_to_work,25.46,25.46,25.46,7.13,OK
2026-07-10T11:32:24+07:00,vinhomes-smart-city,0730,home_to_work,21.68,21.68,21.68,10.23,OK
2026-07-10T11:32:24+07:00,hd-mon-city,0730,home_to_work,16.97,16.97,16.97,4.91,OK
2026-07-10T11:32:24+07:00,my-dinh-pearl,0730,home_to_work,22.47,22.47,22.47,7.65,OK
2026-07-10T11:32:24+07:00,hoang-thanh-pearl,0730,home_to_work,26.11,26.11,26.11,9.91,OK
2026-07-10T11:32:24+07:00,mipec-riverside,0730,home_to_work,34.59,34.59,34.59,9.56,OK
2026-07-10T11:32:24+07:00,sunshine-riverside,0730,home_to_work,17.22,17.22,17.22,7.89,OK
2026-07-10T11:32:24+07:00,ho-guom-plaza,0730,home_to_work,20.04,20.04,20.04,7.63,OK
2026-07-10T11:32:24+07:00,eco-green-city,0730,home_to_work,21.36,21.36,21.36,7.9,OK
2026-07-10T11:32:24+07:00,hateco-apollo,0730,home_to_work,28.74,28.74,28.74,13.71,OK
2026-07-10T11:32:24+07:00,iris-garden,0730,home_to_work,22.8,22.8,22.8,7.13,OK
2026-07-10T19:39:09+07:00,vinhomes-smart-city,1730,work_to_home,24.82,24.82,24.82,9.32,OK
2026-07-10T19:39:09+07:00,hd-mon-city,1730,work_to_home,22.19,22.19,22.19,6.44,OK
2026-07-10T19:39:09+07:00,my-dinh-pearl,1730,work_to_home,26.23,26.23,26.23,8.88,OK
2026-07-10T19:39:09+07:00,hoang-thanh-pearl,1730,work_to_home,30.65,30.65,30.65,11.53,OK
2026-07-10T19:39:09+07:00,mipec-riverside,1730,work_to_home,38.23,38.23,38.23,9.91,OK
2026-07-10T19:39:09+07:00,sunshine-riverside,1730,work_to_home,23.14,23.14,23.14,9.8,OK
2026-07-10T19:39:09+07:00,ho-guom-plaza,1730,work_to_home,26.65,26.65,26.65,7.98,OK
2026-07-10T19:39:09+07:00,eco-green-city,1730,work_to_home,26.68,26.68,26.68,8.03,OK
2026-07-10T19:39:09+07:00,hateco-apollo,1730,work_to_home,33.68,33.68,33.68,12.8,OK
2026-07-10T19:39:09+07:00,iris-garden,1730,work_to_home,26.79,26.79,26.79,8.2,OK
2026-07-10T20:12:57+07:00,vinhomes-smart-city,1800,work_to_home,22.52,22.52,22.52,9.33,OK
2026-07-10T20:12:57+07:00,hd-mon-city,1800,work_to_home,19.85,19.85,19.85,6.45,OK
2026-07-10T20:12:57+07:00,my-dinh-pearl,1800,work_to_home,24.97,24.97,24.97,8.89,OK
2026-07-10T20:12:57+07:00,hoang-thanh-pearl,1800,work_to_home,29.2,29.2,29.2,11.54,OK
2026-07-10T20:12:57+07:00,mipec-riverside,1800,work_to_home,37.73,37.73,37.73,9.91,OK
2026-07-10T20:12:57+07:00,sunshine-riverside,1800,work_to_home,22.83,22.83,22.83,9.8,OK
2026-07-10T20:12:57+07:00,ho-guom-plaza,1800,work_to_home,25.18,25.18,25.18,8.0,OK
2026-07-10T20:12:57+07:00,eco-green-city,1800,work_to_home,26.25,26.25,26.25,8.48,OK
2026-07-10T20:12:57+07:00,hateco-apollo,1800,work_to_home,30.77,30.77,30.77,12.81,OK
2026-07-10T20:12:57+07:00,iris-garden,1800,work_to_home,26.28,26.28,26.28,8.2,OK
2026-07-11T09:08:18+07:00,vinhomes-smart-city,0700,home_to_work,22.11,22.11,22.11,10.23,OK
2026-07-11T09:08:18+07:00,hd-mon-city,0700,home_to_work,15.46,15.46,15.46,4.91,OK
2026-07-11T09:08:18+07:00,my-dinh-pearl,0700,home_to_work,22.38,22.38,22.38,7.15,OK
2026-07-11T09:08:18+07:00,hoang-thanh-pearl,0700,home_to_work,25.67,25.67,25.67,8.82,OK
2026-07-11T09:08:18+07:00,mipec-riverside,0700,home_to_work,36.75,36.75,36.75,9.56,OK
2026-07-11T09:08:18+07:00,sunshine-riverside,0700,home_to_work,21.05,21.05,21.05,8.15,OK
2026-07-11T09:08:18+07:00,ho-guom-plaza,0700,home_to_work,20.3,20.3,20.3,7.63,OK
2026-07-11T09:08:18+07:00,eco-green-city,0700,home_to_work,21.8,21.8,21.8,7.9,OK
2026-07-11T09:08:18+07:00,hateco-apollo,0700,home_to_work,29.5,29.5,29.5,13.71,OK
2026-07-11T09:08:18+07:00,iris-garden,0700,home_to_work,22.05,22.05,22.05,7.13,OK
2026-07-11T10:50:56+07:00,vinhomes-smart-city,0730,home_to_work,23.74,23.74,23.74,10.23,OK
2026-07-11T10:50:56+07:00,hd-mon-city,0730,home_to_work,15.35,15.35,15.35,4.91,OK
2026-07-11T10:50:56+07:00,my-dinh-pearl,0730,home_to_work,22.09,22.09,22.09,7.15,OK
2026-07-11T10:50:56+07:00,hoang-thanh-pearl,0730,home_to_work,27.68,27.68,27.68,10.68,OK
2026-07-11T10:50:56+07:00,mipec-riverside,0730,home_to_work,36.91,36.91,36.91,9.7,OK
2026-07-11T10:50:56+07:00,sunshine-riverside,0730,home_to_work,18.9,18.9,18.9,7.89,OK
2026-07-11T10:50:56+07:00,ho-guom-plaza,0730,home_to_work,22.11,22.11,22.11,7.63,OK
2026-07-11T10:50:56+07:00,eco-green-city,0730,home_to_work,23.03,23.03,23.03,7.9,OK
2026-07-11T10:50:56+07:00,hateco-apollo,0730,home_to_work,29.1,29.1,29.1,10.06,OK
2026-07-11T10:50:56+07:00,iris-garden,0730,home_to_work,21.62,21.62,21.62,7.13,OK
2026-07-11T18:28:17+07:00,vinhomes-smart-city,1730,work_to_home,19.15,19.15,19.15,9.33,OK
2026-07-11T18:28:17+07:00,hd-mon-city,1730,work_to_home,20.03,20.03,20.03,6.45,OK
2026-07-11T18:28:17+07:00,my-dinh-pearl,1730,work_to_home,22.33,22.33,22.33,8.89,OK
2026-07-11T18:28:17+07:00,hoang-thanh-pearl,1730,work_to_home,27.89,27.89,27.89,11.54,OK
2026-07-11T18:28:17+07:00,mipec-riverside,1730,work_to_home,39.64,39.64,39.64,9.91,OK
2026-07-11T18:28:17+07:00,sunshine-riverside,1730,work_to_home,21.64,21.64,21.64,9.8,OK
2026-07-11T18:28:17+07:00,ho-guom-plaza,1730,work_to_home,22.19,22.19,22.19,8.42,OK
2026-07-11T18:28:17+07:00,eco-green-city,1730,work_to_home,23.01,23.01,23.01,8.48,OK
2026-07-11T18:28:17+07:00,hateco-apollo,1730,work_to_home,27.95,27.95,27.95,12.81,OK
2026-07-11T18:28:17+07:00,iris-garden,1730,work_to_home,26.03,26.03,26.03,8.2,OK
2026-07-11T18:54:36+07:00,vinhomes-smart-city,1800,work_to_home,19.16,19.16,19.16,9.33,OK
2026-07-11T18:54:36+07:00,hd-mon-city,1800,work_to_home,19.12,19.12,19.12,6.45,OK
2026-07-11T18:54:36+07:00,my-dinh-pearl,1800,work_to_home,21.1,21.1,21.1,8.89,OK
2026-07-11T18:54:36+07:00,hoang-thanh-pearl,1800,work_to_home,26.49,26.49,26.49,11.54,OK
2026-07-11T18:54:36+07:00,mipec-riverside,1800,work_to_home,39.01,39.01,39.01,9.91,OK
2026-07-11T18:54:36+07:00,sunshine-riverside,1800,work_to_home,20.96,20.96,20.96,9.8,OK
2026-07-11T18:54:36+07:00,ho-guom-plaza,1800,work_to_home,21.03,21.03,21.03,7.81,OK
2026-07-11T18:54:36+07:00,eco-green-city,1800,work_to_home,20.86,20.86,20.86,7.86,OK
2026-07-11T18:54:36+07:00,hateco-apollo,1800,work_to_home,27.32,27.32,27.32,12.81,OK
2026-07-11T18:54:36+07:00,iris-garden,1800,work_to_home,25.02,25.02,25.02,8.2,OK
2026-07-12T09:12:06+07:00,vinhomes-smart-city,0700,home_to_work,21.37,21.37,21.37,10.23,OK
2026-07-12T09:12:06+07:00,hd-mon-city,0700,home_to_work,13.69,13.69,13.69,4.91,OK
2026-07-12T09:12:06+07:00,my-dinh-pearl,0700,home_to_work,21.11,21.11,21.11,7.15,OK
2026-07-12T09:12:06+07:00,hoang-thanh-pearl,0700,home_to_work,24.27,24.27,24.27,8.82,OK
2026-07-12T09:12:06+07:00,mipec-riverside,0700,home_to_work,34.79,34.79,34.79,9.56,OK
2026-07-12T09:12:06+07:00,sunshine-riverside,0700,home_to_work,17.21,17.21,17.21,7.89,OK
2026-07-12T09:12:06+07:00,ho-guom-plaza,0700,home_to_work,19.45,19.45,19.45,7.63,OK
2026-07-12T09:12:06+07:00,eco-green-city,0700,home_to_work,21.25,21.25,21.25,7.9,OK
2026-07-12T09:12:06+07:00,hateco-apollo,0700,home_to_work,27.57,27.57,27.57,10.06,OK
2026-07-12T09:12:06+07:00,iris-garden,0700,home_to_work,20.1,20.1,20.1,7.13,OK
2026-07-12T11:06:09+07:00,vinhomes-smart-city,0730,home_to_work,20.32,20.32,20.32,10.23,OK
2026-07-12T11:06:09+07:00,hd-mon-city,0730,home_to_work,14.78,14.78,14.78,4.91,OK
2026-07-12T11:06:09+07:00,my-dinh-pearl,0730,home_to_work,21.39,21.39,21.39,7.15,OK
2026-07-12T11:06:09+07:00,hoang-thanh-pearl,0730,home_to_work,24.77,24.77,24.77,8.82,OK
2026-07-12T11:06:09+07:00,mipec-riverside,0730,home_to_work,35.91,35.91,35.91,9.56,OK
2026-07-12T11:06:09+07:00,sunshine-riverside,0730,home_to_work,17.9,17.9,17.9,7.89,OK
2026-07-12T11:06:09+07:00,ho-guom-plaza,0730,home_to_work,19.4,19.4,19.4,7.63,OK
2026-07-12T11:06:09+07:00,eco-green-city,0730,home_to_work,19.86,19.86,19.86,7.9,OK
2026-07-12T11:06:09+07:00,hateco-apollo,0730,home_to_work,28.15,28.15,28.15,13.71,OK
2026-07-12T11:06:09+07:00,iris-garden,0730,home_to_work,20.77,20.77,20.77,7.13,OK
2026-07-12T18:35:22+07:00,vinhomes-smart-city,1730,work_to_home,18.32,18.32,18.32,9.33,OK
2026-07-12T18:35:22+07:00,hd-mon-city,1730,work_to_home,18.94,18.94,18.94,6.45,OK
2026-07-12T18:35:22+07:00,my-dinh-pearl,1730,work_to_home,20.44,20.44,20.44,8.89,OK
2026-07-12T18:35:22+07:00,hoang-thanh-pearl,1730,work_to_home,24.65,24.65,24.65,11.54,OK
2026-07-12T18:35:22+07:00,mipec-riverside,1730,work_to_home,37.91,37.91,37.91,9.91,OK
2026-07-12T18:35:22+07:00,sunshine-riverside,1730,work_to_home,21.61,21.61,21.61,9.81,OK
2026-07-12T18:35:22+07:00,ho-guom-plaza,1730,work_to_home,19.27,19.27,19.27,7.81,OK
2026-07-12T18:35:22+07:00,eco-green-city,1730,work_to_home,19.88,19.88,19.88,7.86,OK
2026-07-12T18:35:22+07:00,hateco-apollo,1730,work_to_home,26.48,26.48,26.48,12.81,OK
2026-07-12T18:35:22+07:00,iris-garden,1730,work_to_home,25.4,25.4,25.4,11.42,OK
2026-07-12T19:02:33+07:00,vinhomes-smart-city,1800,work_to_home,18.89,18.89,18.89,9.33,OK
2026-07-12T19:02:33+07:00,hd-mon-city,1800,work_to_home,19.05,19.05,19.05,6.45,OK
2026-07-12T19:02:33+07:00,my-dinh-pearl,1800,work_to_home,21.11,21.11,21.11,8.89,OK
2026-07-12T19:02:33+07:00,hoang-thanh-pearl,1800,work_to_home,25.32,25.32,25.32,11.54,OK
2026-07-12T19:02:33+07:00,mipec-riverside,1800,work_to_home,38.8,38.8,38.8,9.91,OK
2026-07-12T19:02:33+07:00,sunshine-riverside,1800,work_to_home,19.95,19.95,19.95,8.77,OK
2026-07-12T19:02:33+07:00,ho-guom-plaza,1800,work_to_home,21.82,21.82,21.82,7.81,OK
2026-07-12T19:02:33+07:00,eco-green-city,1800,work_to_home,22.25,22.25,22.25,7.86,OK
2026-07-12T19:02:33+07:00,hateco-apollo,1800,work_to_home,26.98,26.98,26.98,12.81,OK
2026-07-12T19:02:33+07:00,iris-garden,1800,work_to_home,24.74,24.74,24.74,10.67,OK
2026-07-13T09:13:44+07:00,vinhomes-smart-city,0700,home_to_work,24.44,24.44,24.44,10.23,OK
2026-07-13T09:13:44+07:00,hd-mon-city,0700,home_to_work,18.56,18.56,18.56,4.91,OK
2026-07-13T09:13:44+07:00,my-dinh-pearl,0700,home_to_work,25.95,25.95,25.95,7.61,OK
2026-07-13T09:13:44+07:00,hoang-thanh-pearl,0700,home_to_work,30.54,30.54,30.54,10.68,OK
2026-07-13T09:13:44+07:00,mipec-riverside,0700,home_to_work,35.77,35.77,35.77,9.7,OK
2026-07-13T09:13:44+07:00,sunshine-riverside,0700,home_to_work,18.67,18.67,18.67,7.89,OK
2026-07-13T09:13:44+07:00,ho-guom-plaza,0700,home_to_work,24.14,24.14,24.14,7.63,OK
2026-07-13T09:13:44+07:00,eco-green-city,0700,home_to_work,26.5,26.5,26.5,7.9,OK
2026-07-13T09:13:44+07:00,hateco-apollo,0700,home_to_work,31.76,31.76,31.76,13.71,OK
2026-07-13T09:13:44+07:00,iris-garden,0700,home_to_work,24.55,24.55,24.55,7.13,OK
2026-07-13T11:08:26+07:00,vinhomes-smart-city,0730,home_to_work,21.28,21.28,21.28,10.23,OK
2026-07-13T11:08:26+07:00,hd-mon-city,0730,home_to_work,16.43,16.43,16.43,4.91,OK
2026-07-13T11:08:26+07:00,my-dinh-pearl,0730,home_to_work,22.95,22.95,22.95,7.65,OK
2026-07-13T11:08:26+07:00,hoang-thanh-pearl,0730,home_to_work,26.67,26.67,26.67,9.91,OK
2026-07-13T11:08:26+07:00,mipec-riverside,0730,home_to_work,34.14,34.14,34.14,9.56,OK
2026-07-13T11:08:26+07:00,sunshine-riverside,0730,home_to_work,17.67,17.67,17.67,7.89,OK
2026-07-13T11:08:26+07:00,ho-guom-plaza,0730,home_to_work,19.84,19.84,19.84,7.63,OK
2026-07-13T11:08:26+07:00,eco-green-city,0730,home_to_work,20.9,20.9,20.9,7.9,OK
2026-07-13T11:08:26+07:00,hateco-apollo,0730,home_to_work,28.34,28.34,28.34,13.71,OK
2026-07-13T11:08:26+07:00,iris-garden,0730,home_to_work,23.27,23.27,23.27,7.13,OK
2026-07-13T19:43:30+07:00,vinhomes-smart-city,1730,work_to_home,21.07,21.07,21.07,9.33,OK
2026-07-13T19:43:30+07:00,hd-mon-city,1730,work_to_home,21.03,21.03,21.03,6.45,OK
2026-07-13T19:43:30+07:00,my-dinh-pearl,1730,work_to_home,23.12,23.12,23.12,8.89,OK
2026-07-13T19:43:30+07:00,hoang-thanh-pearl,1730,work_to_home,27.58,27.58,27.58,11.54,OK
2026-07-13T19:43:30+07:00,mipec-riverside,1730,work_to_home,38.62,38.62,38.62,9.91,OK
2026-07-13T19:43:30+07:00,sunshine-riverside,1730,work_to_home,21.9,21.9,21.9,8.77,OK
2026-07-13T19:43:30+07:00,ho-guom-plaza,1730,work_to_home,23.2,23.2,23.2,7.81,OK
2026-07-13T19:43:30+07:00,eco-green-city,1730,work_to_home,23.49,23.49,23.49,7.86,OK
2026-07-13T19:43:30+07:00,hateco-apollo,1730,work_to_home,29.27,29.27,29.27,12.81,OK
2026-07-13T19:43:30+07:00,iris-garden,1730,work_to_home,26.66,26.66,26.66,10.67,OK
2026-07-13T20:25:57+07:00,vinhomes-smart-city,1800,work_to_home,18.95,18.95,18.95,9.33,OK
2026-07-13T20:25:57+07:00,hd-mon-city,1800,work_to_home,19.7,19.7,19.7,6.45,OK
2026-07-13T20:25:57+07:00,my-dinh-pearl,1800,work_to_home,21.3,21.3,21.3,8.89,OK
2026-07-13T20:25:57+07:00,hoang-thanh-pearl,1800,work_to_home,25.38,25.38,25.38,11.54,OK
2026-07-13T20:25:57+07:00,mipec-riverside,1800,work_to_home,36.88,36.88,36.88,9.91,OK
2026-07-13T20:25:57+07:00,sunshine-riverside,1800,work_to_home,22.2,22.2,22.2,9.8,OK
2026-07-13T20:25:57+07:00,ho-guom-plaza,1800,work_to_home,22.39,22.39,22.39,8.42,OK
2026-07-13T20:25:57+07:00,eco-green-city,1800,work_to_home,22.53,22.53,22.53,8.48,OK
2026-07-13T20:25:57+07:00,hateco-apollo,1800,work_to_home,26.18,26.18,26.18,12.81,OK
2026-07-13T20:25:57+07:00,iris-garden,1800,work_to_home,26.05,26.05,26.05,11.42,OK
2026-07-14T08:59:28+07:00,vinhomes-smart-city,0700,home_to_work,26.43,26.43,26.43,10.23,OK
2026-07-14T08:59:28+07:00,hd-mon-city,0700,home_to_work,19.88,19.88,19.88,4.91,OK
2026-07-14T08:59:28+07:00,my-dinh-pearl,0700,home_to_work,27.35,27.35,27.35,7.61,OK
2026-07-14T08:59:28+07:00,hoang-thanh-pearl,0700,home_to_work,33.77,33.77,33.77,10.68,OK
2026-07-14T08:59:28+07:00,mipec-riverside,0700,home_to_work,36.98,36.98,36.98,9.56,OK
2026-07-14T08:59:28+07:00,sunshine-riverside,0700,home_to_work,20.78,20.78,20.78,7.89,OK
2026-07-14T08:59:28+07:00,ho-guom-plaza,0700,home_to_work,27.45,27.45,27.45,8.02,OK
2026-07-14T08:59:28+07:00,eco-green-city,0700,home_to_work,28.81,28.81,28.81,7.9,OK
2026-07-14T08:59:28+07:00,hateco-apollo,0700,home_to_work,34.45,34.45,34.45,13.71,OK
2026-07-14T08:59:28+07:00,iris-garden,0700,home_to_work,27.27,27.27,27.27,7.13,OK
2026-07-14T10:43:40+07:00,vinhomes-smart-city,0730,home_to_work,21.53,21.53,21.53,10.23,OK
2026-07-14T10:43:40+07:00,hd-mon-city,0730,home_to_work,14.02,14.02,14.02,4.91,OK
2026-07-14T10:43:40+07:00,my-dinh-pearl,0730,home_to_work,20.38,20.38,20.38,7.15,OK
2026-07-14T10:43:40+07:00,hoang-thanh-pearl,0730,home_to_work,25.55,25.55,25.55,10.68,OK
2026-07-14T10:43:40+07:00,mipec-riverside,0730,home_to_work,35.19,35.19,35.19,9.56,OK
2026-07-14T10:43:40+07:00,sunshine-riverside,0730,home_to_work,15.65,15.65,15.65,7.9,OK
2026-07-14T10:43:40+07:00,ho-guom-plaza,0730,home_to_work,21.21,21.21,21.21,7.63,OK
2026-07-14T10:43:40+07:00,eco-green-city,0730,home_to_work,22.63,22.63,22.63,7.9,OK
2026-07-14T10:43:40+07:00,hateco-apollo,0730,home_to_work,27.71,27.71,27.71,10.06,OK
2026-07-14T10:43:40+07:00,iris-garden,0730,home_to_work,20.13,20.13,20.13,7.13,OK
2026-07-14T18:51:26+07:00,vinhomes-smart-city,1730,work_to_home,24.37,24.37,24.37,9.33,OK
2026-07-14T18:51:26+07:00,hd-mon-city,1730,work_to_home,24.12,24.12,24.12,6.45,OK
2026-07-14T18:51:26+07:00,my-dinh-pearl,1730,work_to_home,26.79,26.79,26.79,8.89,OK
2026-07-14T18:51:26+07:00,hoang-thanh-pearl,1730,work_to_home,33.02,33.02,33.02,11.54,OK
2026-07-14T18:51:26+07:00,mipec-riverside,1730,work_to_home,40.18,40.18,40.18,9.91,OK
2026-07-14T18:51:26+07:00,sunshine-riverside,1730,work_to_home,23.63,23.63,23.63,8.7,OK
2026-07-14T18:51:26+07:00,ho-guom-plaza,1730,work_to_home,26.98,26.98,26.98,8.22,OK
2026-07-14T18:51:26+07:00,eco-green-city,1730,work_to_home,28.31,28.31,28.31,8.27,OK
2026-07-14T18:51:26+07:00,hateco-apollo,1730,work_to_home,32.17,32.17,32.17,12.81,OK
2026-07-14T18:51:26+07:00,iris-garden,1730,work_to_home,28.46,28.46,28.46,7.98,OK
2026-07-14T19:15:26+07:00,vinhomes-smart-city,1800,work_to_home,23.17,23.17,23.17,9.33,OK
2026-07-14T19:15:26+07:00,hd-mon-city,1800,work_to_home,21.43,21.43,21.43,6.45,OK
2026-07-14T19:15:26+07:00,my-dinh-pearl,1800,work_to_home,25.67,25.67,25.67,8.89,OK
2026-07-14T19:15:26+07:00,hoang-thanh-pearl,1800,work_to_home,30.05,30.05,30.05,11.54,OK
2026-07-14T19:15:26+07:00,mipec-riverside,1800,work_to_home,39.32,39.32,39.32,9.91,OK
2026-07-14T19:15:26+07:00,sunshine-riverside,1800,work_to_home,24.94,24.94,24.94,9.8,OK
2026-07-14T19:15:26+07:00,ho-guom-plaza,1800,work_to_home,25.25,25.25,25.25,7.83,OK
2026-07-14T19:15:26+07:00,eco-green-city,1800,work_to_home,26.08,26.08,26.08,7.89,OK
2026-07-14T19:15:26+07:00,hateco-apollo,1800,work_to_home,31.36,31.36,31.36,12.81,OK
2026-07-14T19:15:26+07:00,iris-garden,1800,work_to_home,27.4,27.4,27.4,8.2,OK
2026-07-15T08:56:18+07:00,vinhomes-smart-city,0700,home_to_work,27.21,27.21,27.21,10.27,OK
2026-07-15T08:56:18+07:00,hd-mon-city,0700,home_to_work,22.25,22.25,22.25,4.91,OK
2026-07-15T08:56:18+07:00,my-dinh-pearl,0700,home_to_work,26.65,26.65,26.65,7.7,OK
2026-07-15T08:56:18+07:00,hoang-thanh-pearl,0700,home_to_work,31.52,31.52,31.52,9.85,OK
2026-07-15T08:56:18+07:00,mipec-riverside,0700,home_to_work,36.88,36.88,36.88,9.56,OK
2026-07-15T08:56:18+07:00,sunshine-riverside,0700,home_to_work,19.23,19.23,19.23,7.9,OK
2026-07-15T08:56:18+07:00,ho-guom-plaza,0700,home_to_work,27.01,27.01,27.01,8.02,OK
2026-07-15T08:56:18+07:00,eco-green-city,0700,home_to_work,28.2,28.2,28.2,7.9,OK
2026-07-15T08:56:18+07:00,hateco-apollo,0700,home_to_work,35.23,35.23,35.23,13.75,OK
2026-07-15T08:56:18+07:00,iris-garden,0700,home_to_work,28.54,28.54,28.54,7.13,OK
2026-07-15T10:43:46+07:00,vinhomes-smart-city,0730,home_to_work,21.51,21.51,21.51,10.23,OK
2026-07-15T10:43:46+07:00,hd-mon-city,0730,home_to_work,16.39,16.39,16.39,4.91,OK
2026-07-15T10:43:46+07:00,my-dinh-pearl,0730,home_to_work,22.92,22.92,22.92,7.61,OK
2026-07-15T10:43:46+07:00,hoang-thanh-pearl,0730,home_to_work,26.34,26.34,26.34,9.91,OK
2026-07-15T10:43:46+07:00,mipec-riverside,0730,home_to_work,34.65,34.65,34.65,9.56,OK
2026-07-15T10:43:46+07:00,sunshine-riverside,0730,home_to_work,17.95,17.95,17.95,7.89,OK
2026-07-15T10:43:46+07:00,ho-guom-plaza,0730,home_to_work,21.45,21.45,21.45,7.63,OK
2026-07-15T10:43:46+07:00,eco-green-city,0730,home_to_work,22.46,22.46,22.46,7.9,OK
2026-07-15T10:43:46+07:00,hateco-apollo,0730,home_to_work,28.81,28.81,28.81,13.71,OK
2026-07-15T10:43:46+07:00,iris-garden,0730,home_to_work,22.5,22.5,22.5,7.13,OK
2026-07-15T18:55:32+07:00,vinhomes-smart-city,1730,work_to_home,24.78,24.78,24.78,9.33,OK
2026-07-15T18:55:32+07:00,hd-mon-city,1730,work_to_home,22.79,22.79,22.79,6.4,OK
2026-07-15T18:55:32+07:00,my-dinh-pearl,1730,work_to_home,26.83,26.83,26.83,8.89,OK
2026-07-15T18:55:32+07:00,hoang-thanh-pearl,1730,work_to_home,32.92,32.92,32.92,11.54,OK
2026-07-15T18:55:32+07:00,mipec-riverside,1730,work_to_home,40.0,40.0,40.0,9.91,OK
2026-07-15T18:55:32+07:00,sunshine-riverside,1730,work_to_home,24.1,24.1,24.1,8.77,OK
2026-07-15T18:55:32+07:00,ho-guom-plaza,1730,work_to_home,29.68,29.68,29.68,7.81,OK
2026-07-15T18:55:32+07:00,eco-green-city,1730,work_to_home,29.93,29.93,29.93,7.86,OK
2026-07-15T18:55:32+07:00,hateco-apollo,1730,work_to_home,32.65,32.65,32.65,12.81,OK
2026-07-15T18:55:32+07:00,iris-garden,1730,work_to_home,27.75,27.75,27.75,7.98,OK
2026-07-15T19:16:44+07:00,vinhomes-smart-city,1800,work_to_home,22.94,22.94,22.94,9.33,OK
2026-07-15T19:16:44+07:00,hd-mon-city,1800,work_to_home,22.75,22.75,22.75,6.45,OK
2026-07-15T19:16:44+07:00,my-dinh-pearl,1800,work_to_home,24.6,24.6,24.6,8.89,OK
2026-07-15T19:16:44+07:00,hoang-thanh-pearl,1800,work_to_home,29.96,29.96,29.96,11.54,OK
2026-07-15T19:16:44+07:00,mipec-riverside,1800,work_to_home,37.7,37.7,37.7,9.91,OK
2026-07-15T19:16:44+07:00,sunshine-riverside,1800,work_to_home,23.59,23.59,23.59,9.81,OK
2026-07-15T19:16:44+07:00,ho-guom-plaza,1800,work_to_home,26.55,26.55,26.55,7.81,OK
2026-07-15T19:16:44+07:00,eco-green-city,1800,work_to_home,27.01,27.01,27.01,7.87,OK
2026-07-15T19:16:44+07:00,hateco-apollo,1800,work_to_home,31.55,31.55,31.55,12.81,OK
2026-07-15T19:16:44+07:00,iris-garden,1800,work_to_home,27.89,27.89,27.89,8.2,OK
2026-07-16T09:06:36+07:00,vinhomes-smart-city,0700,home_to_work,26.14,26.14,26.14,10.23,OK
2026-07-16T09:06:36+07:00,hd-mon-city,0700,home_to_work,20.06,20.06,20.06,4.91,OK
2026-07-16T09:06:36+07:00,my-dinh-pearl,0700,home_to_work,27.73,27.73,27.73,7.61,OK
2026-07-16T09:06:36+07:00,hoang-thanh-pearl,0700,home_to_work,31.88,31.88,31.88,9.85,OK
2026-07-16T09:06:36+07:00,mipec-riverside,0700,home_to_work,40.01,40.01,40.01,9.56,OK
2026-07-16T09:06:36+07:00,sunshine-riverside,0700,home_to_work,20.72,20.72,20.72,7.52,OK
2026-07-16T09:06:36+07:00,ho-guom-plaza,0700,home_to_work,27.03,27.03,27.03,8.02,OK
2026-07-16T09:06:36+07:00,eco-green-city,0700,home_to_work,27.88,27.88,27.88,7.9,OK
2026-07-16T09:06:36+07:00,hateco-apollo,0700,home_to_work,34.16,34.16,34.16,13.71,OK
2026-07-16T09:06:36+07:00,iris-garden,0700,home_to_work,27.59,27.59,27.59,7.13,OK
2026-07-16T10:46:22+07:00,vinhomes-smart-city,0730,home_to_work,22.07,22.07,22.07,10.23,OK
2026-07-16T10:46:22+07:00,hd-mon-city,0730,home_to_work,16.74,16.74,16.74,4.91,OK
2026-07-16T10:46:22+07:00,my-dinh-pearl,0730,home_to_work,23.92,23.92,23.92,7.61,OK
2026-07-16T10:46:22+07:00,hoang-thanh-pearl,0730,home_to_work,28.81,28.81,28.81,10.68,OK
2026-07-16T10:46:22+07:00,mipec-riverside,0730,home_to_work,35.54,35.54,35.54,9.7,OK
2026-07-16T10:46:22+07:00,sunshine-riverside,0730,home_to_work,18.43,18.43,18.43,7.89,OK
2026-07-16T10:46:22+07:00,ho-guom-plaza,0730,home_to_work,20.56,20.56,20.56,7.63,OK
2026-07-16T10:46:22+07:00,eco-green-city,0730,home_to_work,22.49,22.49,22.49,7.9,OK
2026-07-16T10:46:22+07:00,hateco-apollo,0730,home_to_work,28.39,28.39,28.39,13.71,OK
2026-07-16T10:46:22+07:00,iris-garden,0730,home_to_work,23.32,23.32,23.32,7.13,OK
2026-07-16T18:57:18+07:00,vinhomes-smart-city,1730,work_to_home,23.68,23.68,23.68,9.33,OK
2026-07-16T18:57:18+07:00,hd-mon-city,1730,work_to_home,23.05,23.05,23.05,6.45,OK
2026-07-16T18:57:18+07:00,my-dinh-pearl,1730,work_to_home,26.81,26.81,26.81,8.89,OK
2026-07-16T18:57:18+07:00,hoang-thanh-pearl,1730,work_to_home,32.31,32.31,32.31,11.54,OK
2026-07-16T18:57:18+07:00,mipec-riverside,1730,work_to_home,39.29,39.29,39.29,9.91,OK
2026-07-16T18:57:18+07:00,sunshine-riverside,1730,work_to_home,23.73,23.73,23.73,9.8,OK
2026-07-16T18:57:18+07:00,ho-guom-plaza,1730,work_to_home,27.85,27.85,27.85,7.81,OK
2026-07-16T18:57:18+07:00,eco-green-city,1730,work_to_home,27.33,27.33,27.33,7.86,OK
2026-07-16T18:57:18+07:00,hateco-apollo,1730,work_to_home,31.48,31.48,31.48,12.81,OK
2026-07-16T18:57:18+07:00,iris-garden,1730,work_to_home,30.48,30.48,30.48,8.2,OK
2026-07-16T19:20:53+07:00,vinhomes-smart-city,1800,work_to_home,22.79,22.79,22.79,9.33,OK
2026-07-16T19:20:53+07:00,hd-mon-city,1800,work_to_home,21.31,21.31,21.31,6.45,OK
2026-07-16T19:20:53+07:00,my-dinh-pearl,1800,work_to_home,25.24,25.24,25.24,8.89,OK
2026-07-16T19:20:53+07:00,hoang-thanh-pearl,1800,work_to_home,29.48,29.48,29.48,11.54,OK
2026-07-16T19:20:53+07:00,mipec-riverside,1800,work_to_home,38.42,38.42,38.42,9.91,OK
2026-07-16T19:20:53+07:00,sunshine-riverside,1800,work_to_home,21.21,21.21,21.21,8.77,OK
2026-07-16T19:20:53+07:00,ho-guom-plaza,1800,work_to_home,24.04,24.04,24.04,8.22,OK
2026-07-16T19:20:53+07:00,eco-green-city,1800,work_to_home,25.61,25.61,25.61,8.26,OK
2026-07-16T19:20:53+07:00,hateco-apollo,1800,work_to_home,30.99,30.99,30.99,12.81,OK
2026-07-16T19:20:53+07:00,iris-garden,1800,work_to_home,27.37,27.37,27.37,8.2,OK
2026-07-17T09:09:33+07:00,vinhomes-smart-city,0700,home_to_work,23.25,23.25,23.25,10.27,OK
2026-07-17T09:09:33+07:00,hd-mon-city,0700,home_to_work,14.37,14.37,14.37,4.91,OK
2026-07-17T09:09:33+07:00,my-dinh-pearl,0700,home_to_work,20.49,20.49,20.49,7.15,OK
2026-07-17T09:09:33+07:00,hoang-thanh-pearl,0700,home_to_work,24.57,24.57,24.57,8.76,OK
2026-07-17T09:09:33+07:00,mipec-riverside,0700,home_to_work,31.45,31.45,31.45,9.56,OK
2026-07-17T09:09:33+07:00,sunshine-riverside,0700,home_to_work,16.64,16.64,16.64,7.89,OK
2026-07-17T09:09:33+07:00,ho-guom-plaza,0700,home_to_work,17.46,17.46,17.46,7.67,OK
2026-07-17T09:09:33+07:00,eco-green-city,0700,home_to_work,19.2,19.2,19.2,7.93,OK
2026-07-17T09:09:33+07:00,hateco-apollo,0700,home_to_work,26.77,26.77,26.77,12.54,OK
2026-07-17T09:09:33+07:00,iris-garden,0700,home_to_work,20.13,20.13,20.13,7.13,OK
2026-07-17T10:45:58+07:00,vinhomes-smart-city,0730,home_to_work,19.11,19.11,19.11,10.24,OK
2026-07-17T10:45:58+07:00,hd-mon-city,0730,home_to_work,10.8,10.8,10.8,4.91,OK
2026-07-17T10:45:58+07:00,my-dinh-pearl,0730,home_to_work,15.85,15.85,15.85,7.15,OK
2026-07-17T10:45:58+07:00,hoang-thanh-pearl,0730,home_to_work,20.13,20.13,20.13,8.76,OK
2026-07-17T10:45:58+07:00,mipec-riverside,0730,home_to_work,32.62,32.62,32.62,9.56,OK
2026-07-17T10:45:58+07:00,sunshine-riverside,0730,home_to_work,16.16,16.16,16.16,7.89,OK
2026-07-17T10:45:58+07:00,ho-guom-plaza,0730,home_to_work,18.35,18.35,18.35,7.64,OK
2026-07-17T10:45:58+07:00,eco-green-city,0730,home_to_work,19.27,19.27,19.27,7.9,OK
2026-07-17T10:45:58+07:00,hateco-apollo,0730,home_to_work,22.4,22.4,22.4,12.54,OK
2026-07-17T10:45:58+07:00,iris-garden,0730,home_to_work,15.58,15.58,15.58,7.13,OK
2026-07-17T18:48:39+07:00,vinhomes-smart-city,1730,work_to_home,21.29,21.29,21.29,9.33,OK
2026-07-17T18:48:39+07:00,hd-mon-city,1730,work_to_home,15.1,15.1,15.1,6.45,OK
2026-07-17T18:48:39+07:00,my-dinh-pearl,1730,work_to_home,23.1,23.1,23.1,8.89,OK
2026-07-17T18:48:39+07:00,hoang-thanh-pearl,1730,work_to_home,22.41,22.41,22.41,10.28,OK
2026-07-17T18:48:39+07:00,mipec-riverside,1730,work_to_home,34.03,34.03,34.03,9.91,OK
2026-07-17T18:48:39+07:00,sunshine-riverside,1730,work_to_home,20.61,20.61,20.61,9.8,OK
2026-07-17T18:48:39+07:00,ho-guom-plaza,1730,work_to_home,21.5,21.5,21.5,7.81,OK
2026-07-17T18:48:39+07:00,eco-green-city,1730,work_to_home,20.57,20.57,20.57,7.86,OK
2026-07-17T18:48:39+07:00,hateco-apollo,1730,work_to_home,27.59,27.59,27.59,12.81,OK
2026-07-17T18:48:39+07:00,iris-garden,1730,work_to_home,18.6,18.6,18.6,8.2,OK
2026-07-17T19:11:00+07:00,vinhomes-smart-city,1800,work_to_home,19.3,19.3,19.3,9.32,OK
2026-07-17T19:11:00+07:00,hd-mon-city,1800,work_to_home,17.17,17.17,17.17,6.44,OK
2026-07-17T19:11:00+07:00,my-dinh-pearl,1800,work_to_home,19.83,19.83,19.83,8.88,OK
2026-07-17T19:11:00+07:00,hoang-thanh-pearl,1800,work_to_home,24.72,24.72,24.72,11.53,OK
2026-07-17T19:11:00+07:00,mipec-riverside,1800,work_to_home,33.81,33.81,33.81,9.91,OK
2026-07-17T19:11:00+07:00,sunshine-riverside,1800,work_to_home,24.33,24.33,24.33,9.81,OK
2026-07-17T19:11:00+07:00,ho-guom-plaza,1800,work_to_home,22.19,22.19,22.19,7.8,OK
2026-07-17T19:11:00+07:00,eco-green-city,1800,work_to_home,23.71,23.71,23.71,7.86,OK
2026-07-17T19:11:00+07:00,hateco-apollo,1800,work_to_home,25.7,25.7,25.7,12.8,OK
2026-07-17T19:11:00+07:00,iris-garden,1800,work_to_home,19.77,19.77,19.77,8.2,OK
2026-07-18T08:58:53+07:00,vinhomes-smart-city,0700,home_to_work,23.0,23.0,23.0,10.23,OK
2026-07-18T08:58:53+07:00,hd-mon-city,0700,home_to_work,11.39,11.39,11.39,4.91,OK
2026-07-18T08:58:53+07:00,my-dinh-pearl,0700,home_to_work,16.26,16.26,16.26,7.15,OK
2026-07-18T08:58:53+07:00,hoang-thanh-pearl,0700,home_to_work,18.62,18.62,18.62,8.76,OK
2026-07-18T08:58:53+07:00,mipec-riverside,0700,home_to_work,31.71,31.71,31.71,9.56,OK
2026-07-18T08:58:53+07:00,sunshine-riverside,0700,home_to_work,15.95,15.95,15.95,7.89,OK
2026-07-18T08:58:53+07:00,ho-guom-plaza,0700,home_to_work,18.71,18.71,18.71,7.67,OK
2026-07-18T08:58:53+07:00,eco-green-city,0700,home_to_work,20.61,20.61,20.61,7.93,OK
2026-07-18T08:58:53+07:00,hateco-apollo,0700,home_to_work,21.54,21.54,21.54,12.54,OK
2026-07-18T08:58:53+07:00,iris-garden,0700,home_to_work,14.76,14.76,14.76,7.13,OK
2026-07-18T10:41:11+07:00,vinhomes-smart-city,0730,home_to_work,23.71,23.71,23.71,10.26,OK
2026-07-18T10:41:11+07:00,hd-mon-city,0730,home_to_work,10.65,10.65,10.65,4.91,OK
2026-07-18T10:41:11+07:00,my-dinh-pearl,0730,home_to_work,18.1,18.1,18.1,7.8,OK
2026-07-18T10:41:11+07:00,hoang-thanh-pearl,0730,home_to_work,18.58,18.58,18.58,8.76,OK
2026-07-18T10:41:11+07:00,mipec-riverside,0730,home_to_work,31.95,31.95,31.95,9.57,OK
2026-07-18T10:41:11+07:00,sunshine-riverside,0730,home_to_work,14.77,14.77,14.77,7.89,OK
2026-07-18T10:41:11+07:00,ho-guom-plaza,0730,home_to_work,20.34,20.34,20.34,7.63,OK
2026-07-18T10:41:11+07:00,eco-green-city,0730,home_to_work,21.4,21.4,21.4,7.9,OK
2026-07-18T10:41:11+07:00,hateco-apollo,0730,home_to_work,20.78,20.78,20.78,12.54,OK
2026-07-18T10:41:11+07:00,iris-garden,0730,home_to_work,14.6,14.6,14.6,7.13,OK
2026-07-18T18:27:44+07:00,vinhomes-smart-city,1730,work_to_home,18.6,18.6,18.6,9.33,OK
2026-07-18T18:27:44+07:00,hd-mon-city,1730,work_to_home,15.73,15.73,15.73,6.45,OK
2026-07-18T18:27:44+07:00,my-dinh-pearl,1730,work_to_home,20.68,20.68,20.68,8.89,OK
2026-07-18T18:27:44+07:00,hoang-thanh-pearl,1730,work_to_home,26.09,26.09,26.09,12.86,OK
2026-07-18T18:27:44+07:00,mipec-riverside,1730,work_to_home,33.14,33.14,33.14,9.91,OK
2026-07-18T18:27:44+07:00,sunshine-riverside,1730,work_to_home,19.37,19.37,19.37,9.8,OK
2026-07-18T18:27:44+07:00,ho-guom-plaza,1730,work_to_home,21.17,21.17,21.17,8.22,OK
2026-07-18T18:27:44+07:00,eco-green-city,1730,work_to_home,20.56,20.56,20.56,7.86,OK
2026-07-18T18:27:44+07:00,hateco-apollo,1730,work_to_home,24.9,24.9,24.9,12.81,OK
2026-07-18T18:27:44+07:00,iris-garden,1730,work_to_home,22.8,22.8,22.8,10.71,OK
2026-07-18T18:53:51+07:00,vinhomes-smart-city,1800,work_to_home,19.13,19.13,19.13,9.33,OK
2026-07-18T18:53:51+07:00,hd-mon-city,1800,work_to_home,18.21,18.21,18.21,9.14,OK
2026-07-18T18:53:51+07:00,my-dinh-pearl,1800,work_to_home,20.97,20.97,20.97,8.87,OK
2026-07-18T18:53:51+07:00,hoang-thanh-pearl,1800,work_to_home,26.82,26.82,26.82,12.86,OK
2026-07-18T18:53:51+07:00,mipec-riverside,1800,work_to_home,32.48,32.48,32.48,9.91,OK
2026-07-18T18:53:51+07:00,sunshine-riverside,1800,work_to_home,16.71,16.71,16.71,8.77,OK
2026-07-18T18:53:51+07:00,ho-guom-plaza,1800,work_to_home,16.93,16.93,16.93,7.81,OK
2026-07-18T18:53:51+07:00,eco-green-city,1800,work_to_home,19.33,19.33,19.33,7.86,OK
2026-07-18T18:53:51+07:00,hateco-apollo,1800,work_to_home,25.63,25.63,25.63,12.81,OK
2026-07-18T18:53:51+07:00,iris-garden,1800,work_to_home,21.31,21.31,21.31,10.71,OK
2026-07-19T09:10:12+07:00,vinhomes-smart-city,0700,home_to_work,20.09,20.09,20.09,10.24,OK
2026-07-19T09:10:12+07:00,hd-mon-city,0700,home_to_work,13.13,13.13,13.13,4.91,OK
2026-07-19T09:10:12+07:00,my-dinh-pearl,0700,home_to_work,18.73,18.73,18.73,7.15,OK
2026-07-19T09:10:12+07:00,hoang-thanh-pearl,0700,home_to_work,21.87,21.87,21.87,8.76,OK
2026-07-19T09:10:12+07:00,mipec-riverside,0700,home_to_work,31.08,31.08,31.08,9.56,OK
2026-07-19T09:10:12+07:00,sunshine-riverside,0700,home_to_work,15.57,15.57,15.57,7.89,OK
2026-07-19T09:10:12+07:00,ho-guom-plaza,0700,home_to_work,17.58,17.58,17.58,7.64,OK
2026-07-19T09:10:12+07:00,eco-green-city,0700,home_to_work,18.53,18.53,18.53,7.9,OK
2026-07-19T09:10:12+07:00,hateco-apollo,0700,home_to_work,25.48,25.48,25.48,12.54,OK
2026-07-19T09:10:12+07:00,iris-garden,0700,home_to_work,17.69,17.69,17.69,7.13,OK
2026-07-19T11:03:00+07:00,vinhomes-smart-city,0730,home_to_work,21.46,21.46,21.46,10.24,OK
2026-07-19T11:03:00+07:00,hd-mon-city,0730,home_to_work,12.05,12.05,12.05,4.91,OK
2026-07-19T11:03:00+07:00,my-dinh-pearl,0730,home_to_work,17.31,17.31,17.31,7.15,OK
2026-07-19T11:03:00+07:00,hoang-thanh-pearl,0730,home_to_work,19.77,19.77,19.77,8.76,OK
2026-07-19T11:03:00+07:00,mipec-riverside,0730,home_to_work,32.19,32.19,32.19,9.56,OK
2026-07-19T11:03:00+07:00,sunshine-riverside,0730,home_to_work,15.17,15.17,15.17,7.89,OK
2026-07-19T11:03:00+07:00,ho-guom-plaza,0730,home_to_work,19.23,19.23,19.23,7.67,OK
2026-07-19T11:03:00+07:00,eco-green-city,0730,home_to_work,19.21,19.21,19.21,7.94,OK
2026-07-19T11:03:00+07:00,hateco-apollo,0730,home_to_work,21.75,21.75,21.75,12.54,OK
2026-07-19T11:03:00+07:00,iris-garden,0730,home_to_work,15.79,15.79,15.79,7.13,OK
2026-07-19T18:34:22+07:00,vinhomes-smart-city,1730,work_to_home,18.35,18.35,18.35,9.32,OK
2026-07-19T18:34:22+07:00,hd-mon-city,1730,work_to_home,16.2,16.2,16.2,6.44,OK
2026-07-19T18:34:22+07:00,my-dinh-pearl,1730,work_to_home,20.85,20.85,20.85,8.88,OK
2026-07-19T18:34:22+07:00,hoang-thanh-pearl,1730,work_to_home,26.23,26.23,26.23,12.85,OK
2026-07-19T18:34:22+07:00,mipec-riverside,1730,work_to_home,34.79,34.79,34.79,9.91,OK
2026-07-19T18:34:22+07:00,sunshine-riverside,1730,work_to_home,17.78,17.78,17.78,9.8,OK
2026-07-19T18:34:22+07:00,ho-guom-plaza,1730,work_to_home,18.61,18.61,18.61,7.8,OK
2026-07-19T18:34:22+07:00,eco-green-city,1730,work_to_home,19.26,19.26,19.26,7.73,OK
2026-07-19T18:34:22+07:00,hateco-apollo,1730,work_to_home,25.04,25.04,25.04,12.8,OK
2026-07-19T18:34:22+07:00,iris-garden,1730,work_to_home,22.94,22.94,22.94,10.7,OK
2026-07-19T19:00:24+07:00,vinhomes-smart-city,1800,work_to_home,17.98,17.98,17.98,9.33,OK
2026-07-19T19:00:24+07:00,hd-mon-city,1800,work_to_home,20.63,20.63,20.63,9.82,OK
2026-07-19T19:00:24+07:00,my-dinh-pearl,1800,work_to_home,18.51,18.51,18.51,8.89,OK
2026-07-19T19:00:24+07:00,hoang-thanh-pearl,1800,work_to_home,24.48,24.48,24.48,11.54,OK
2026-07-19T19:00:24+07:00,mipec-riverside,1800,work_to_home,35.61,35.61,35.61,9.91,OK
2026-07-19T19:00:24+07:00,sunshine-riverside,1800,work_to_home,18.1,18.1,18.1,8.77,OK
2026-07-19T19:00:24+07:00,ho-guom-plaza,1800,work_to_home,17.43,17.43,17.43,8.48,OK
2026-07-19T19:00:24+07:00,eco-green-city,1800,work_to_home,18.95,18.95,18.95,8.54,OK
2026-07-19T19:00:24+07:00,hateco-apollo,1800,work_to_home,24.28,24.28,24.28,12.81,OK
2026-07-19T19:00:24+07:00,iris-garden,1800,work_to_home,21.44,21.44,21.44,10.71,OK
2026-07-20T09:30:30+07:00,vinhomes-smart-city,0700,home_to_work,20.65,20.65,20.65,10.23,OK
2026-07-20T09:30:30+07:00,hd-mon-city,0700,home_to_work,13.62,13.62,13.62,4.91,OK
2026-07-20T09:30:30+07:00,my-dinh-pearl,0700,home_to_work,18.57,18.57,18.57,7.28,OK
2026-07-20T09:30:30+07:00,hoang-thanh-pearl,0700,home_to_work,23.08,23.08,23.08,8.76,OK
2026-07-20T09:30:30+07:00,mipec-riverside,0700,home_to_work,31.02,31.02,31.02,9.56,OK
2026-07-20T09:30:30+07:00,sunshine-riverside,0700,home_to_work,14.61,14.61,14.61,7.89,OK
2026-07-20T09:30:30+07:00,ho-guom-plaza,0700,home_to_work,16.85,16.85,16.85,7.63,OK
2026-07-20T09:30:30+07:00,eco-green-city,0700,home_to_work,17.86,17.86,17.86,7.9,OK
2026-07-20T09:30:30+07:00,hateco-apollo,0700,home_to_work,25.41,25.41,25.41,12.54,OK
2026-07-20T09:30:30+07:00,iris-garden,0700,home_to_work,17.3,17.3,17.3,7.13,OK
2026-07-20T11:12:27+07:00,vinhomes-smart-city,0730,home_to_work,19.71,19.71,19.71,10.23,OK
2026-07-20T11:12:27+07:00,hd-mon-city,0730,home_to_work,10.71,10.71,10.71,4.91,OK
2026-07-20T11:12:27+07:00,my-dinh-pearl,0730,home_to_work,16.0,16.0,16.0,7.15,OK
2026-07-20T11:12:27+07:00,hoang-thanh-pearl,0730,home_to_work,18.65,18.65,18.65,8.76,OK
2026-07-20T11:12:27+07:00,mipec-riverside,0730,home_to_work,31.01,31.01,31.01,9.56,OK
2026-07-20T11:12:27+07:00,sunshine-riverside,0730,home_to_work,15.46,15.46,15.46,7.89,OK
2026-07-20T11:12:27+07:00,ho-guom-plaza,0730,home_to_work,17.0,17.0,17.0,7.63,OK
2026-07-20T11:12:27+07:00,eco-green-city,0730,home_to_work,18.97,18.97,18.97,7.9,OK
2026-07-20T11:12:27+07:00,hateco-apollo,0730,home_to_work,21.18,21.18,21.18,12.54,OK
2026-07-20T11:12:27+07:00,iris-garden,0730,home_to_work,14.58,14.58,14.58,7.13,OK
2026-07-20T19:29:13+07:00,vinhomes-smart-city,1730,work_to_home,19.91,19.91,19.91,9.32,OK
2026-07-20T19:29:13+07:00,hd-mon-city,1730,work_to_home,16.01,16.01,16.01,6.44,OK
2026-07-20T19:29:13+07:00,my-dinh-pearl,1730,work_to_home,21.0,21.0,21.0,8.88,OK
2026-07-20T19:29:13+07:00,hoang-thanh-pearl,1730,work_to_home,25.87,25.87,25.87,11.53,OK
2026-07-20T19:29:13+07:00,mipec-riverside,1730,work_to_home,32.03,32.03,32.03,9.91,OK
2026-07-20T19:29:13+07:00,sunshine-riverside,1730,work_to_home,17.42,17.42,17.42,9.44,OK
2026-07-20T19:29:13+07:00,ho-guom-plaza,1730,work_to_home,16.95,16.95,16.95,7.8,OK
2026-07-20T19:29:13+07:00,eco-green-city,1730,work_to_home,18.68,18.68,18.68,7.86,OK
2026-07-20T19:29:13+07:00,hateco-apollo,1730,work_to_home,26.21,26.21,26.21,12.8,OK
2026-07-20T19:29:13+07:00,iris-garden,1730,work_to_home,19.15,19.15,19.15,8.2,OK
2026-07-20T20:08:09+07:00,vinhomes-smart-city,1800,work_to_home,18.31,18.31,18.31,9.32,OK
2026-07-20T20:08:09+07:00,hd-mon-city,1800,work_to_home,16.5,16.5,16.5,6.62,OK
2026-07-20T20:08:09+07:00,my-dinh-pearl,1800,work_to_home,20.88,20.88,20.88,8.88,OK
2026-07-20T20:08:09+07:00,hoang-thanh-pearl,1800,work_to_home,24.64,24.64,24.64,11.53,OK
2026-07-20T20:08:09+07:00,mipec-riverside,1800,work_to_home,32.22,32.22,32.22,9.91,OK
2026-07-20T20:08:09+07:00,sunshine-riverside,1800,work_to_home,20.41,20.41,20.41,9.44,OK
2026-07-20T20:08:09+07:00,ho-guom-plaza,1800,work_to_home,16.15,16.15,16.15,7.8,OK
2026-07-20T20:08:09+07:00,eco-green-city,1800,work_to_home,16.76,16.76,16.76,7.86,OK
2026-07-20T20:08:09+07:00,hateco-apollo,1800,work_to_home,25.41,25.41,25.41,12.8,OK
2026-07-20T20:08:09+07:00,iris-garden,1800,work_to_home,20.65,20.65,20.65,8.2,OK
2026-07-21T09:08:59+07:00,vinhomes-smart-city,0700,home_to_work,22.68,22.68,22.68,10.29,OK
2026-07-21T09:08:59+07:00,hd-mon-city,0700,home_to_work,11.39,11.39,11.39,4.91,OK
2026-07-21T09:08:59+07:00,my-dinh-pearl,0700,home_to_work,16.31,16.31,16.31,7.15,OK
2026-07-21T09:08:59+07:00,hoang-thanh-pearl,0700,home_to_work,19.92,19.92,19.92,8.76,OK
2026-07-21T09:08:59+07:00,mipec-riverside,0700,home_to_work,31.35,31.35,31.35,9.56,OK
2026-07-21T09:08:59+07:00,sunshine-riverside,0700,home_to_work,16.64,16.64,16.64,7.89,OK
2026-07-21T09:08:59+07:00,ho-guom-plaza,0700,home_to_work,17.46,17.46,17.46,7.67,OK
2026-07-21T09:08:59+07:00,eco-green-city,0700,home_to_work,18.83,18.83,18.83,7.94,OK
2026-07-21T09:08:59+07:00,hateco-apollo,0700,home_to_work,24.12,24.12,24.12,12.54,OK
2026-07-21T09:08:59+07:00,iris-garden,0700,home_to_work,15.86,15.86,15.86,7.13,OK
2026-07-21T10:54:26+07:00,vinhomes-smart-city,0730,home_to_work,19.35,19.35,19.35,10.23,OK
2026-07-21T10:54:26+07:00,hd-mon-city,0730,home_to_work,11.64,11.64,11.64,4.91,OK
2026-07-21T10:54:26+07:00,my-dinh-pearl,0730,home_to_work,20.61,20.61,20.61,9.41,OK
2026-07-21T10:54:26+07:00,hoang-thanh-pearl,0730,home_to_work,21.3,21.3,21.3,8.76,OK
2026-07-21T10:54:26+07:00,mipec-riverside,0730,home_to_work,31.67,31.67,31.67,9.56,OK
2026-07-21T10:54:26+07:00,sunshine-riverside,0730,home_to_work,15.22,15.22,15.22,7.89,OK
2026-07-21T10:54:26+07:00,ho-guom-plaza,0730,home_to_work,16.77,16.77,16.77,7.67,OK
2026-07-21T10:54:26+07:00,eco-green-city,0730,home_to_work,18.46,18.46,18.46,7.93,OK
2026-07-21T10:54:26+07:00,hateco-apollo,0730,home_to_work,24.7,24.7,24.7,12.54,OK
2026-07-21T10:54:26+07:00,iris-garden,0730,home_to_work,16.46,16.46,16.46,7.13,OK
2026-07-21T19:06:19+07:00,vinhomes-smart-city,1730,work_to_home,19.11,19.11,19.11,9.32,OK
2026-07-21T19:06:19+07:00,hd-mon-city,1730,work_to_home,16.3,16.3,16.3,6.44,OK
2026-07-21T19:06:19+07:00,my-dinh-pearl,1730,work_to_home,22.15,22.15,22.15,8.86,OK
2026-07-21T19:06:19+07:00,hoang-thanh-pearl,1730,work_to_home,27.04,27.04,27.04,11.51,OK
2026-07-21T19:06:19+07:00,mipec-riverside,1730,work_to_home,33.83,33.83,33.83,9.91,OK
2026-07-21T19:06:19+07:00,sunshine-riverside,1730,work_to_home,21.65,21.65,21.65,8.69,OK
2026-07-21T19:06:19+07:00,ho-guom-plaza,1730,work_to_home,22.59,22.59,22.59,8.22,OK
2026-07-21T19:06:19+07:00,eco-green-city,1730,work_to_home,20.87,20.87,20.87,7.86,OK
2026-07-21T19:06:19+07:00,hateco-apollo,1730,work_to_home,25.41,25.41,25.41,12.8,OK
2026-07-21T19:06:19+07:00,iris-garden,1730,work_to_home,24.3,24.3,24.3,8.2,OK
2026-07-21T19:24:09+07:00,vinhomes-smart-city,1800,work_to_home,20.73,20.73,20.73,9.32,OK
2026-07-21T19:24:09+07:00,hd-mon-city,1800,work_to_home,15.97,15.97,15.97,7.05,OK
2026-07-21T19:24:09+07:00,my-dinh-pearl,1800,work_to_home,21.85,21.85,21.85,8.86,OK
2026-07-21T19:24:09+07:00,hoang-thanh-pearl,1800,work_to_home,25.3,25.3,25.3,11.51,OK
2026-07-21T19:24:09+07:00,mipec-riverside,1800,work_to_home,35.41,35.41,35.41,10.33,OK
2026-07-21T19:24:09+07:00,sunshine-riverside,1800,work_to_home,19.64,19.64,19.64,8.77,OK
2026-07-21T19:24:09+07:00,ho-guom-plaza,1800,work_to_home,19.82,19.82,19.82,8.22,OK
2026-07-21T19:24:09+07:00,eco-green-city,1800,work_to_home,20.46,20.46,20.46,7.86,OK
2026-07-21T19:24:09+07:00,hateco-apollo,1800,work_to_home,27.03,27.03,27.03,12.8,OK
2026-07-21T19:24:09+07:00,iris-garden,1800,work_to_home,19.26,19.26,19.26,8.63,OK
2026-07-22T09:07:08+07:00,vinhomes-smart-city,0700,home_to_work,25.79,25.79,25.79,10.23,OK
2026-07-22T09:07:08+07:00,hd-mon-city,0700,home_to_work,10.77,10.77,10.77,4.91,OK
2026-07-22T09:07:08+07:00,my-dinh-pearl,0700,home_to_work,17.71,17.71,17.71,7.15,OK
2026-07-22T09:07:08+07:00,hoang-thanh-pearl,0700,home_to_work,20.25,20.25,20.25,8.76,OK
2026-07-22T09:07:08+07:00,mipec-riverside,0700,home_to_work,30.86,30.86,30.86,9.56,OK
2026-07-22T09:07:08+07:00,sunshine-riverside,0700,home_to_work,17.65,17.65,17.65,7.89,OK
2026-07-22T09:07:08+07:00,ho-guom-plaza,0700,home_to_work,21.55,21.55,21.55,7.67,OK
2026-07-22T09:07:08+07:00,eco-green-city,0700,home_to_work,24.0,24.0,24.0,7.93,OK
2026-07-22T09:07:08+07:00,hateco-apollo,0700,home_to_work,22.36,22.36,22.36,12.54,OK
2026-07-22T09:07:08+07:00,iris-garden,0700,home_to_work,16.27,16.27,16.27,7.13,OK
2026-07-22T10:56:12+07:00,vinhomes-smart-city,0730,home_to_work,19.93,19.93,19.93,10.24,OK
2026-07-22T10:56:12+07:00,hd-mon-city,0730,home_to_work,13.89,13.89,13.89,4.91,OK
2026-07-22T10:56:12+07:00,my-dinh-pearl,0730,home_to_work,19.09,19.09,19.09,7.15,OK
2026-07-22T10:56:12+07:00,hoang-thanh-pearl,0730,home_to_work,22.37,22.37,22.37,8.76,OK
2026-07-22T10:56:12+07:00,mipec-riverside,0730,home_to_work,31.09,31.09,31.09,9.56,OK
2026-07-22T10:56:12+07:00,sunshine-riverside,0730,home_to_work,16.31,16.31,16.31,7.89,OK
2026-07-22T10:56:12+07:00,ho-guom-plaza,0730,home_to_work,18.23,18.23,18.23,7.67,OK
2026-07-22T10:56:12+07:00,eco-green-city,0730,home_to_work,18.52,18.52,18.52,7.9,OK
2026-07-22T10:56:12+07:00,hateco-apollo,0730,home_to_work,24.96,24.96,24.96,12.54,OK
2026-07-22T10:56:12+07:00,iris-garden,0730,home_to_work,18.39,18.39,18.39,7.13,OK
2026-07-22T19:10:05+07:00,vinhomes-smart-city,1730,work_to_home,18.81,18.81,18.81,9.32,OK
2026-07-22T19:10:05+07:00,hd-mon-city,1730,work_to_home,15.48,15.48,15.48,6.44,OK
2026-07-22T19:10:05+07:00,my-dinh-pearl,1730,work_to_home,20.66,20.66,20.66,8.88,OK
2026-07-22T19:10:05+07:00,hoang-thanh-pearl,1730,work_to_home,24.62,24.62,24.62,11.53,OK
2026-07-22T19:10:05+07:00,mipec-riverside,1730,work_to_home,33.03,33.03,33.03,9.91,OK
2026-07-22T19:10:05+07:00,sunshine-riverside,1730,work_to_home,22.1,22.1,22.1,8.77,OK
2026-07-22T19:10:05+07:00,ho-guom-plaza,1730,work_to_home,22.38,22.38,22.38,8.22,OK
2026-07-22T19:10:05+07:00,eco-green-city,1730,work_to_home,20.01,20.01,20.01,7.86,OK
2026-07-22T19:10:05+07:00,hateco-apollo,1730,work_to_home,25.19,25.19,25.19,12.8,OK
2026-07-22T19:10:05+07:00,iris-garden,1730,work_to_home,18.57,18.57,18.57,7.98,OK
2026-07-22T19:26:01+07:00,vinhomes-smart-city,1800,work_to_home,19.05,19.05,19.05,9.32,OK
2026-07-22T19:26:01+07:00,hd-mon-city,1800,work_to_home,15.74,15.74,15.74,6.44,OK
2026-07-22T19:26:01+07:00,my-dinh-pearl,1800,work_to_home,20.65,20.65,20.65,8.88,OK
2026-07-22T19:26:01+07:00,hoang-thanh-pearl,1800,work_to_home,25.29,25.29,25.29,11.53,OK
2026-07-22T19:26:01+07:00,mipec-riverside,1800,work_to_home,32.51,32.51,32.51,9.91,OK
2026-07-22T19:26:01+07:00,sunshine-riverside,1800,work_to_home,18.61,18.61,18.61,8.77,OK
2026-07-22T19:26:01+07:00,ho-guom-plaza,1800,work_to_home,18.17,18.17,18.17,7.8,OK
2026-07-22T19:26:01+07:00,eco-green-city,1800,work_to_home,18.7,18.7,18.7,7.86,OK
2026-07-22T19:26:01+07:00,hateco-apollo,1800,work_to_home,25.5,25.5,25.5,12.8,OK
2026-07-22T19:26:01+07:00,iris-garden,1800,work_to_home,22.64,22.64,22.64,10.7,OK
2026-07-23T09:13:24+07:00,vinhomes-smart-city,0700,home_to_work,23.04,23.04,23.04,10.27,OK
2026-07-23T09:13:24+07:00,hd-mon-city,0700,home_to_work,11.96,11.96,11.96,4.91,OK
2026-07-23T09:13:24+07:00,my-dinh-pearl,0700,home_to_work,17.31,17.31,17.31,7.15,OK
2026-07-23T09:13:24+07:00,hoang-thanh-pearl,0700,home_to_work,22.41,22.41,22.41,8.76,OK
2026-07-23T09:13:24+07:00,mipec-riverside,0700,home_to_work,33.31,33.31,33.31,9.56,OK
2026-07-23T09:13:24+07:00,sunshine-riverside,0700,home_to_work,17.27,17.27,17.27,7.89,OK
2026-07-23T09:13:24+07:00,ho-guom-plaza,0700,home_to_work,19.29,19.29,19.29,7.63,OK
2026-07-23T09:13:24+07:00,eco-green-city,0700,home_to_work,20.93,20.93,20.93,7.9,OK
2026-07-23T09:13:24+07:00,hateco-apollo,0700,home_to_work,24.75,24.75,24.75,12.54,OK
2026-07-23T09:13:24+07:00,iris-garden,0700,home_to_work,18.13,18.13,18.13,7.13,OK
2026-07-23T19:08:45+07:00,vinhomes-smart-city,1730,work_to_home,19.12,19.12,19.12,9.32,OK
2026-07-23T19:08:45+07:00,hd-mon-city,1730,work_to_home,15.71,15.71,15.71,6.62,OK
2026-07-23T19:08:45+07:00,my-dinh-pearl,1730,work_to_home,21.25,21.25,21.25,8.88,OK
2026-07-23T19:08:45+07:00,hoang-thanh-pearl,1730,work_to_home,23.15,23.15,23.15,10.28,OK
2026-07-23T19:08:45+07:00,mipec-riverside,1730,work_to_home,34.62,34.62,34.62,9.91,OK
2026-07-23T19:08:45+07:00,sunshine-riverside,1730,work_to_home,19.43,19.43,19.43,9.81,OK
2026-07-23T19:08:45+07:00,ho-guom-plaza,1730,work_to_home,20.69,20.69,20.69,7.8,OK
2026-07-23T19:08:45+07:00,eco-green-city,1730,work_to_home,20.69,20.69,20.69,7.86,OK
2026-07-23T19:08:45+07:00,hateco-apollo,1730,work_to_home,25.42,25.42,25.42,12.8,OK
2026-07-23T19:08:45+07:00,iris-garden,1730,work_to_home,18.83,18.83,18.83,8.2,OK
2026-07-23T19:24:20+07:00,vinhomes-smart-city,1800,work_to_home,19.43,19.43,19.43,9.33,OK
2026-07-23T19:24:20+07:00,hd-mon-city,1800,work_to_home,15.04,15.04,15.04,6.45,OK
2026-07-23T19:24:20+07:00,my-dinh-pearl,1800,work_to_home,20.85,20.85,20.85,8.89,OK
2026-07-23T19:24:20+07:00,hoang-thanh-pearl,1800,work_to_home,25.47,25.47,25.47,11.54,OK
2026-07-23T19:24:20+07:00,mipec-riverside,1800,work_to_home,34.56,34.56,34.56,9.91,OK
2026-07-23T19:24:20+07:00,sunshine-riverside,1800,work_to_home,20.24,20.24,20.24,8.77,OK
2026-07-23T19:24:20+07:00,ho-guom-plaza,1800,work_to_home,16.68,16.68,16.68,7.81,OK
2026-07-23T19:24:20+07:00,eco-green-city,1800,work_to_home,18.36,18.36,18.36,7.86,OK
2026-07-23T19:24:20+07:00,hateco-apollo,1800,work_to_home,26.01,26.01,26.01,12.81,OK
2026-07-23T19:24:20+07:00,iris-garden,1800,work_to_home,21.93,21.93,21.93,10.71,OK
2026-07-24T09:10:10+07:00,vinhomes-smart-city,0700,home_to_work,24.79,24.79,24.79,10.24,OK
2026-07-24T09:10:10+07:00,hd-mon-city,0700,home_to_work,10.75,10.75,10.75,4.91,OK
2026-07-24T09:10:10+07:00,my-dinh-pearl,0700,home_to_work,15.69,15.69,15.69,7.15,OK
2026-07-24T09:10:10+07:00,hoang-thanh-pearl,0700,home_to_work,19.3,19.3,19.3,8.76,OK
2026-07-24T09:10:10+07:00,mipec-riverside,0700,home_to_work,33.71,33.71,33.71,9.56,OK
2026-07-24T09:10:10+07:00,sunshine-riverside,0700,home_to_work,15.65,15.65,15.65,7.89,OK
2026-07-24T09:10:10+07:00,ho-guom-plaza,0700,home_to_work,19.84,19.84,19.84,7.63,OK
2026-07-24T09:10:10+07:00,eco-green-city,0700,home_to_work,20.04,20.04,20.04,7.9,OK
2026-07-24T09:10:10+07:00,hateco-apollo,0700,home_to_work,22.68,22.68,22.68,12.54,OK
2026-07-24T09:10:10+07:00,iris-garden,0700,home_to_work,14.41,14.41,14.41,7.13,OK
2026-07-24T10:52:23+07:00,vinhomes-smart-city,0730,home_to_work,19.14,19.14,19.14,10.23,OK
2026-07-24T10:52:23+07:00,hd-mon-city,0730,home_to_work,11.01,11.01,11.01,4.91,OK
2026-07-24T10:52:23+07:00,my-dinh-pearl,0730,home_to_work,15.88,15.88,15.88,7.15,OK
2026-07-24T10:52:23+07:00,hoang-thanh-pearl,0730,home_to_work,18.36,18.36,18.36,8.76,OK
2026-07-24T10:52:23+07:00,mipec-riverside,0730,home_to_work,32.15,32.15,32.15,9.56,OK
2026-07-24T10:52:23+07:00,sunshine-riverside,0730,home_to_work,15.48,15.48,15.48,7.89,OK
2026-07-24T10:52:23+07:00,ho-guom-plaza,0730,home_to_work,18.62,18.62,18.62,7.66,OK
2026-07-24T10:52:23+07:00,eco-green-city,0730,home_to_work,18.65,18.65,18.65,7.93,OK
2026-07-24T10:52:23+07:00,hateco-apollo,0730,home_to_work,20.88,20.88,20.88,12.54,OK
2026-07-24T10:52:23+07:00,iris-garden,0730,home_to_work,14.38,14.38,14.38,7.13,OK
2026-07-24T18:58:58+07:00,vinhomes-smart-city,1730,work_to_home,22.21,22.21,22.21,9.32,OK
2026-07-24T18:58:58+07:00,hd-mon-city,1730,work_to_home,16.05,16.05,16.05,6.44,OK
2026-07-24T18:58:58+07:00,my-dinh-pearl,1730,work_to_home,23.46,23.46,23.46,8.88,OK
2026-07-24T18:58:58+07:00,hoang-thanh-pearl,1730,work_to_home,23.32,23.32,23.32,10.05,OK
2026-07-24T18:58:58+07:00,mipec-riverside,1730,work_to_home,31.96,31.96,31.96,9.91,OK
2026-07-24T18:58:58+07:00,sunshine-riverside,1730,work_to_home,23.06,23.06,23.06,8.77,OK
2026-07-24T18:58:58+07:00,ho-guom-plaza,1730,work_to_home,19.13,19.13,19.13,7.8,OK
2026-07-24T18:58:58+07:00,eco-green-city,1730,work_to_home,18.92,18.92,18.92,7.86,OK
2026-07-24T18:58:58+07:00,hateco-apollo,1730,work_to_home,28.51,28.51,28.51,12.8,OK
2026-07-24T18:58:58+07:00,iris-garden,1730,work_to_home,19.27,19.27,19.27,7.98,OK
2026-07-24T19:20:36+07:00,vinhomes-smart-city,1800,work_to_home,18.28,18.28,18.28,9.33,OK
2026-07-24T19:20:36+07:00,hd-mon-city,1800,work_to_home,14.79,14.79,14.79,6.45,OK
2026-07-24T19:20:36+07:00,my-dinh-pearl,1800,work_to_home,19.13,19.13,19.13,8.89,OK
2026-07-24T19:20:36+07:00,hoang-thanh-pearl,1800,work_to_home,24.75,24.75,24.75,11.54,OK
2026-07-24T19:20:36+07:00,mipec-riverside,1800,work_to_home,32.02,32.02,32.02,9.91,OK
2026-07-24T19:20:36+07:00,sunshine-riverside,1800,work_to_home,19.68,19.68,19.68,8.77,OK
2026-07-24T19:20:36+07:00,ho-guom-plaza,1800,work_to_home,18.31,18.31,18.31,7.81,OK
2026-07-24T19:20:36+07:00,eco-green-city,1800,work_to_home,18.48,18.48,18.48,7.86,OK
2026-07-24T19:20:36+07:00,hateco-apollo,1800,work_to_home,24.58,24.58,24.58,12.81,OK
2026-07-24T19:20:36+07:00,iris-garden,1800,work_to_home,19.54,19.54,19.54,8.2,OK
2026-07-25T09:09:22+07:00,vinhomes-smart-city,0700,home_to_work,23.12,23.12,23.12,10.23,OK
2026-07-25T09:09:22+07:00,hd-mon-city,0700,home_to_work,14.85,14.85,14.85,4.91,OK
2026-07-25T09:09:22+07:00,my-dinh-pearl,0700,home_to_work,21.92,21.92,21.92,7.15,OK
2026-07-25T09:09:22+07:00,hoang-thanh-pearl,0700,home_to_work,26.82,26.82,26.82,8.76,OK
2026-07-25T09:09:22+07:00,mipec-riverside,0700,home_to_work,32.99,32.99,32.99,9.56,OK
2026-07-25T09:09:22+07:00,sunshine-riverside,0700,home_to_work,17.39,17.39,17.39,7.89,OK
2026-07-25T09:09:22+07:00,ho-guom-plaza,0700,home_to_work,20.8,20.8,20.8,7.63,OK
2026-07-25T09:09:22+07:00,eco-green-city,0700,home_to_work,23.13,23.13,23.13,7.9,OK
2026-07-25T09:09:22+07:00,hateco-apollo,0700,home_to_work,29.03,29.03,29.03,12.54,OK
2026-07-25T09:09:22+07:00,iris-garden,0700,home_to_work,22.54,22.54,22.54,7.13,OK
2026-07-25T10:47:20+07:00,vinhomes-smart-city,0730,home_to_work,22.91,22.91,22.91,10.23,OK
2026-07-25T10:47:20+07:00,hd-mon-city,0730,home_to_work,10.89,10.89,10.89,4.91,OK
2026-07-25T10:47:20+07:00,my-dinh-pearl,0730,home_to_work,16.19,16.19,16.19,7.15,OK
2026-07-25T10:47:20+07:00,hoang-thanh-pearl,0730,home_to_work,20.41,20.41,20.41,10.68,OK
2026-07-25T10:47:20+07:00,mipec-riverside,0730,home_to_work,31.25,31.25,31.25,9.56,OK
2026-07-25T10:47:20+07:00,sunshine-riverside,0730,home_to_work,15.94,15.94,15.94,7.89,OK
2026-07-25T10:47:20+07:00,ho-guom-plaza,0730,home_to_work,19.64,19.64,19.64,7.66,OK
2026-07-25T10:47:20+07:00,eco-green-city,0730,home_to_work,22.48,22.48,22.48,7.93,OK
2026-07-25T10:47:20+07:00,hateco-apollo,0730,home_to_work,22.88,22.88,22.88,12.54,OK
2026-07-25T10:47:20+07:00,iris-garden,0730,home_to_work,15.78,15.78,15.78,7.13,OK
2026-07-25T18:40:07+07:00,vinhomes-smart-city,1730,work_to_home,19.02,19.02,19.02,9.32,OK
2026-07-25T18:40:07+07:00,hd-mon-city,1730,work_to_home,17.01,17.01,17.01,6.44,OK
2026-07-25T18:40:07+07:00,my-dinh-pearl,1730,work_to_home,19.35,19.35,19.35,8.88,OK
2026-07-25T18:40:07+07:00,hoang-thanh-pearl,1730,work_to_home,24.93,24.93,24.93,11.53,OK
2026-07-25T18:40:07+07:00,mipec-riverside,1730,work_to_home,33.46,33.46,33.46,9.91,OK
2026-07-25T18:40:07+07:00,sunshine-riverside,1730,work_to_home,18.44,18.44,18.44,9.8,OK
2026-07-25T18:40:07+07:00,ho-guom-plaza,1730,work_to_home,18.64,18.64,18.64,7.8,OK
2026-07-25T18:40:07+07:00,eco-green-city,1730,work_to_home,19.38,19.38,19.38,7.86,OK
2026-07-25T18:40:07+07:00,hateco-apollo,1730,work_to_home,25.32,25.32,25.32,12.8,OK
2026-07-25T18:40:07+07:00,iris-garden,1730,work_to_home,23.15,23.15,23.15,10.7,OK
2026-07-25T19:03:55+07:00,vinhomes-smart-city,1800,work_to_home,17.98,17.98,17.98,9.33,OK
2026-07-25T19:03:55+07:00,hd-mon-city,1800,work_to_home,18.83,18.83,18.83,9.13,OK
2026-07-25T19:03:55+07:00,my-dinh-pearl,1800,work_to_home,21.19,21.19,21.19,8.89,OK
2026-07-25T19:03:55+07:00,hoang-thanh-pearl,1800,work_to_home,25.48,25.48,25.48,12.86,OK
2026-07-25T19:03:55+07:00,mipec-riverside,1800,work_to_home,32.14,32.14,32.14,9.91,OK
2026-07-25T19:03:55+07:00,sunshine-riverside,1800,work_to_home,18.99,18.99,18.99,9.8,OK
2026-07-25T19:03:55+07:00,ho-guom-plaza,1800,work_to_home,17.27,17.27,17.27,7.81,OK
2026-07-25T19:03:55+07:00,eco-green-city,1800,work_to_home,19.32,19.32,19.32,7.86,OK
2026-07-25T19:03:55+07:00,hateco-apollo,1800,work_to_home,24.29,24.29,24.29,12.81,OK
2026-07-25T19:03:55+07:00,iris-garden,1800,work_to_home,22.33,22.33,22.33,10.71,OK
2026-07-26T09:15:09+07:00,vinhomes-smart-city,0700,home_to_work,21.17,21.17,21.17,10.23,OK
2026-07-26T09:15:09+07:00,hd-mon-city,0700,home_to_work,11.31,11.31,11.31,4.91,OK
2026-07-26T09:15:09+07:00,my-dinh-pearl,0700,home_to_work,17.14,17.14,17.14,7.15,OK
2026-07-26T09:15:09+07:00,hoang-thanh-pearl,0700,home_to_work,20.87,20.87,20.87,8.76,OK
2026-07-26T09:15:09+07:00,mipec-riverside,0700,home_to_work,34.5,34.5,34.5,9.95,OK
2026-07-26T09:15:09+07:00,sunshine-riverside,0700,home_to_work,15.36,15.36,15.36,7.89,OK
2026-07-26T09:15:09+07:00,ho-guom-plaza,0700,home_to_work,16.7,16.7,16.7,7.66,OK
2026-07-26T09:15:09+07:00,eco-green-city,0700,home_to_work,17.45,17.45,17.45,7.93,OK
2026-07-26T09:15:09+07:00,hateco-apollo,0700,home_to_work,23.7,23.7,23.7,12.54,OK
2026-07-26T09:15:09+07:00,iris-garden,0700,home_to_work,16.7,16.7,16.7,7.13,OK
2026-07-26T11:05:11+07:00,vinhomes-smart-city,0730,home_to_work,21.92,21.92,21.92,10.23,OK
2026-07-26T11:05:11+07:00,hd-mon-city,0730,home_to_work,11.78,11.78,11.78,4.91,OK
2026-07-26T11:05:11+07:00,my-dinh-pearl,0730,home_to_work,17.25,17.25,17.25,7.15,OK
2026-07-26T11:05:11+07:00,hoang-thanh-pearl,0730,home_to_work,19.88,19.88,19.88,8.76,OK
2026-07-26T11:05:11+07:00,mipec-riverside,0730,home_to_work,31.09,31.09,31.09,9.56,OK
2026-07-26T11:05:11+07:00,sunshine-riverside,0730,home_to_work,15.44,15.44,15.44,7.89,OK
2026-07-26T11:05:11+07:00,ho-guom-plaza,0730,home_to_work,17.26,17.26,17.26,7.66,OK
2026-07-26T11:05:11+07:00,eco-green-city,0730,home_to_work,18.93,18.93,18.93,7.93,OK
2026-07-26T11:05:11+07:00,hateco-apollo,0730,home_to_work,22.18,22.18,22.18,12.54,OK
2026-07-26T11:05:11+07:00,iris-garden,0730,home_to_work,15.79,15.79,15.79,7.13,OK
2026-07-26T18:42:22+07:00,vinhomes-smart-city,1730,work_to_home,19.02,19.02,19.02,9.33,OK
2026-07-26T18:42:22+07:00,hd-mon-city,1730,work_to_home,19.94,19.94,19.94,9.11,OK
2026-07-26T18:42:22+07:00,my-dinh-pearl,1730,work_to_home,19.58,19.58,19.58,8.89,OK
2026-07-26T18:42:22+07:00,hoang-thanh-pearl,1730,work_to_home,23.42,23.42,23.42,11.54,OK
2026-07-26T18:42:22+07:00,mipec-riverside,1730,work_to_home,33.19,33.19,33.19,9.91,OK
2026-07-26T18:42:22+07:00,sunshine-riverside,1730,work_to_home,18.6,18.6,18.6,9.8,OK
2026-07-26T18:42:22+07:00,ho-guom-plaza,1730,work_to_home,20.87,20.87,20.87,7.81,OK
2026-07-26T18:42:22+07:00,eco-green-city,1730,work_to_home,19.93,19.93,19.93,7.86,OK
2026-07-26T18:42:22+07:00,hateco-apollo,1730,work_to_home,25.32,25.32,25.32,12.81,OK
2026-07-26T18:42:22+07:00,iris-garden,1730,work_to_home,24.01,24.01,24.01,10.67,OK
2026-07-26T19:04:19+07:00,vinhomes-smart-city,1800,work_to_home,18.48,18.48,18.48,9.33,OK
2026-07-26T19:04:19+07:00,hd-mon-city,1800,work_to_home,15.89,15.89,15.89,6.45,OK
2026-07-26T19:04:19+07:00,my-dinh-pearl,1800,work_to_home,20.07,20.07,20.07,8.89,OK
2026-07-26T19:04:19+07:00,hoang-thanh-pearl,1800,work_to_home,24.27,24.27,24.27,11.54,OK
2026-07-26T19:04:19+07:00,mipec-riverside,1800,work_to_home,32.68,32.68,32.68,9.91,OK
2026-07-26T19:04:19+07:00,sunshine-riverside,1800,work_to_home,19.96,19.96,19.96,9.8,OK
2026-07-26T19:04:19+07:00,ho-guom-plaza,1800,work_to_home,19.85,19.85,19.85,7.81,OK
2026-07-26T19:04:19+07:00,eco-green-city,1800,work_to_home,19.06,19.06,19.06,7.87,OK
2026-07-26T19:04:19+07:00,hateco-apollo,1800,work_to_home,24.78,24.78,24.78,12.81,OK
2026-07-26T19:04:19+07:00,iris-garden,1800,work_to_home,23.23,23.23,23.23,10.71,OK
2026-07-27T09:27:40+07:00,vinhomes-smart-city,0700,home_to_work,22.83,22.83,22.83,10.26,OK
2026-07-27T09:27:40+07:00,hd-mon-city,0700,home_to_work,13.44,13.44,13.44,4.91,OK
2026-07-27T09:27:40+07:00,my-dinh-pearl,0700,home_to_work,18.43,18.43,18.43,7.15,OK
2026-07-27T09:27:40+07:00,hoang-thanh-pearl,0700,home_to_work,22.68,22.68,22.68,8.76,OK
2026-07-27T09:27:40+07:00,mipec-riverside,0700,home_to_work,32.92,32.92,32.92,9.56,OK
2026-07-27T09:27:40+07:00,sunshine-riverside,0700,home_to_work,14.42,14.42,14.42,7.89,OK
2026-07-27T09:27:40+07:00,ho-guom-plaza,0700,home_to_work,17.03,17.03,17.03,7.66,OK
2026-07-27T09:27:40+07:00,eco-green-city,0700,home_to_work,19.22,19.22,19.22,7.93,OK
2026-07-27T09:27:40+07:00,hateco-apollo,0700,home_to_work,24.97,24.97,24.97,12.54,OK
2026-07-27T09:27:40+07:00,iris-garden,0700,home_to_work,18.52,18.52,18.52,7.13,OK
2026-07-27T11:11:57+07:00,vinhomes-smart-city,0730,home_to_work,20.8,20.8,20.8,10.24,OK
2026-07-27T11:11:57+07:00,hd-mon-city,0730,home_to_work,12.56,12.56,12.56,4.91,OK
2026-07-27T11:11:57+07:00,my-dinh-pearl,0730,home_to_work,18.36,18.36,18.36,7.15,OK
2026-07-27T11:11:57+07:00,hoang-thanh-pearl,0730,home_to_work,22.13,22.13,22.13,8.76,OK
2026-07-27T11:11:57+07:00,mipec-riverside,0730,home_to_work,31.88,31.88,31.88,9.56,OK
2026-07-27T11:11:57+07:00,sunshine-riverside,0730,home_to_work,15.62,15.62,15.62,7.89,OK
2026-07-27T11:11:57+07:00,ho-guom-plaza,0730,home_to_work,18.46,18.46,18.46,7.66,OK
2026-07-27T11:11:57+07:00,eco-green-city,0730,home_to_work,18.95,18.95,18.95,7.94,OK
2026-07-27T11:11:57+07:00,hateco-apollo,0730,home_to_work,24.34,24.34,24.34,12.54,OK
2026-07-27T11:11:57+07:00,iris-garden,0730,home_to_work,18.16,18.16,18.16,7.13,OK
2026-07-27T20:23:40+07:00,vinhomes-smart-city,1730,work_to_home,17.84,17.84,17.84,9.32,OK
2026-07-27T20:23:40+07:00,hd-mon-city,1730,work_to_home,19.38,19.38,19.38,9.14,OK
2026-07-27T20:23:40+07:00,my-dinh-pearl,1730,work_to_home,20.08,20.08,20.08,8.88,OK
2026-07-27T20:23:40+07:00,hoang-thanh-pearl,1730,work_to_home,25.33,25.33,25.33,12.85,OK
2026-07-27T20:23:40+07:00,mipec-riverside,1730,work_to_home,32.14,32.14,32.14,9.91,OK
2026-07-27T20:23:40+07:00,sunshine-riverside,1730,work_to_home,17.98,17.98,17.98,9.44,OK
2026-07-27T20:23:40+07:00,ho-guom-plaza,1730,work_to_home,17.12,17.12,17.12,7.8,OK
2026-07-27T20:23:40+07:00,eco-green-city,1730,work_to_home,16.45,16.45,16.45,7.86,OK
2026-07-27T20:23:40+07:00,hateco-apollo,1730,work_to_home,24.14,24.14,24.14,12.8,OK
2026-07-27T20:23:40+07:00,iris-garden,1730,work_to_home,18.97,18.97,18.97,8.2,OK
2026-07-27T20:39:47+07:00,vinhomes-smart-city,1800,work_to_home,18.44,18.44,18.44,9.33,OK
2026-07-27T20:39:47+07:00,hd-mon-city,1800,work_to_home,15.97,15.97,15.97,6.45,OK
2026-07-27T20:39:47+07:00,my-dinh-pearl,1800,work_to_home,20.91,20.91,20.91,8.89,OK
2026-07-27T20:39:47+07:00,hoang-thanh-pearl,1800,work_to_home,25.93,25.93,25.93,12.86,OK
2026-07-27T20:39:47+07:00,mipec-riverside,1800,work_to_home,32.68,32.68,32.68,9.91,OK
2026-07-27T20:39:47+07:00,sunshine-riverside,1800,work_to_home,20.41,20.41,20.41,9.8,OK
2026-07-27T20:39:47+07:00,ho-guom-plaza,1800,work_to_home,17.52,17.52,17.52,7.81,OK
2026-07-27T20:39:47+07:00,eco-green-city,1800,work_to_home,17.53,17.53,17.53,7.86,OK
2026-07-27T20:39:47+07:00,hateco-apollo,1800,work_to_home,24.74,24.74,24.74,12.81,OK
2026-07-27T20:39:47+07:00,iris-garden,1800,work_to_home,22.55,22.55,22.55,10.71,OK
2026-07-28T09:03:00+07:00,vinhomes-smart-city,0700,home_to_work,24.0,24.0,24.0,10.24,OK
2026-07-28T09:03:00+07:00,hd-mon-city,0700,home_to_work,12.39,12.39,12.39,4.91,OK
2026-07-28T09:03:00+07:00,my-dinh-pearl,0700,home_to_work,17.08,17.08,17.08,7.15,OK
2026-07-28T09:03:00+07:00,hoang-thanh-pearl,0700,home_to_work,20.39,20.39,20.39,8.76,OK
2026-07-28T09:03:00+07:00,mipec-riverside,0700,home_to_work,31.39,31.39,31.39,9.56,OK
2026-07-28T09:03:00+07:00,sunshine-riverside,0700,home_to_work,17.48,17.48,17.48,7.89,OK
2026-07-28T09:03:00+07:00,ho-guom-plaza,0700,home_to_work,20.17,20.17,20.17,7.66,OK
2026-07-28T09:03:00+07:00,eco-green-city,0700,home_to_work,19.94,19.94,19.94,7.94,OK
2026-07-28T09:03:00+07:00,hateco-apollo,0700,home_to_work,22.6,22.6,22.6,12.54,OK
2026-07-28T09:03:00+07:00,iris-garden,0700,home_to_work,16.42,16.42,16.42,7.13,OK
2026-07-28T10:45:02+07:00,vinhomes-smart-city,0730,home_to_work,20.12,20.12,20.12,10.23,OK
2026-07-28T10:45:02+07:00,hd-mon-city,0730,home_to_work,11.79,11.79,11.79,4.91,OK
2026-07-28T10:45:02+07:00,my-dinh-pearl,0730,home_to_work,16.84,16.84,16.84,7.15,OK
2026-07-28T10:45:02+07:00,hoang-thanh-pearl,0730,home_to_work,19.51,19.51,19.51,8.76,OK
2026-07-28T10:45:02+07:00,mipec-riverside,0730,home_to_work,31.09,31.09,31.09,9.56,OK
2026-07-28T10:45:02+07:00,sunshine-riverside,0730,home_to_work,15.13,15.13,15.13,7.89,OK
2026-07-28T10:45:02+07:00,ho-guom-plaza,0730,home_to_work,19.3,19.3,19.3,7.66,OK
2026-07-28T10:45:02+07:00,eco-green-city,0730,home_to_work,17.51,17.51,17.51,7.93,OK
2026-07-28T10:45:02+07:00,hateco-apollo,0730,home_to_work,22.16,22.16,22.16,12.54,OK
2026-07-28T10:45:02+07:00,iris-garden,0730,home_to_work,15.53,15.53,15.53,7.13,OK
2026-07-28T19:19:22+07:00,vinhomes-smart-city,1730,work_to_home,21.02,21.02,21.02,9.33,OK
2026-07-28T19:19:22+07:00,hd-mon-city,1730,work_to_home,15.14,15.14,15.14,6.45,OK
2026-07-28T19:19:22+07:00,my-dinh-pearl,1730,work_to_home,21.87,21.87,21.87,8.89,OK
2026-07-28T19:19:22+07:00,hoang-thanh-pearl,1730,work_to_home,23.87,23.87,23.87,10.05,OK
2026-07-28T19:19:22+07:00,mipec-riverside,1730,work_to_home,32.63,32.63,32.63,9.91,OK
2026-07-28T19:19:22+07:00,sunshine-riverside,1730,work_to_home,18.55,18.55,18.55,9.22,OK
2026-07-28T19:19:22+07:00,ho-guom-plaza,1730,work_to_home,21.2,21.2,21.2,7.81,OK
2026-07-28T19:19:22+07:00,eco-green-city,1730,work_to_home,18.32,18.32,18.32,7.86,OK
2026-07-28T19:19:22+07:00,hateco-apollo,1730,work_to_home,28.32,28.32,28.32,12.81,OK
2026-07-28T19:19:22+07:00,iris-garden,1730,work_to_home,19.82,19.82,19.82,7.98,OK
2026-07-28T19:55:24+07:00,vinhomes-smart-city,1800,work_to_home,20.42,20.42,20.42,9.33,OK
2026-07-28T19:55:24+07:00,hd-mon-city,1800,work_to_home,16.35,16.35,16.35,6.45,OK
2026-07-28T19:55:24+07:00,my-dinh-pearl,1800,work_to_home,22.31,22.31,22.31,8.89,OK
2026-07-28T19:55:24+07:00,hoang-thanh-pearl,1800,work_to_home,28.45,28.45,28.45,12.86,OK
2026-07-28T19:55:24+07:00,mipec-riverside,1800,work_to_home,34.02,34.02,34.02,9.91,OK
2026-07-28T19:55:24+07:00,sunshine-riverside,1800,work_to_home,18.52,18.52,18.52,9.44,OK
2026-07-28T19:55:24+07:00,ho-guom-plaza,1800,work_to_home,22.14,22.14,22.14,8.22,OK
2026-07-28T19:55:24+07:00,eco-green-city,1800,work_to_home,18.95,18.95,18.95,7.86,OK
2026-07-28T19:55:24+07:00,hateco-apollo,1800,work_to_home,27.25,27.25,27.25,12.81,OK
2026-07-28T19:55:24+07:00,iris-garden,1800,work_to_home,26.29,26.29,26.29,10.71,OK
2026-07-29T09:05:50+07:00,vinhomes-smart-city,0700,home_to_work,18.98,18.98,18.98,10.24,OK
2026-07-29T09:05:50+07:00,hd-mon-city,0700,home_to_work,10.56,10.56,10.56,4.91,OK
2026-07-29T09:05:50+07:00,my-dinh-pearl,0700,home_to_work,15.43,15.43,15.43,7.15,OK
2026-07-29T09:05:50+07:00,hoang-thanh-pearl,0700,home_to_work,17.91,17.91,17.91,8.76,OK
2026-07-29T09:05:50+07:00,mipec-riverside,0700,home_to_work,31.71,31.71,31.71,9.56,OK
2026-07-29T09:05:50+07:00,sunshine-riverside,0700,home_to_work,14.21,14.21,14.21,7.89,OK
2026-07-29T09:05:50+07:00,ho-guom-plaza,0700,home_to_work,14.09,14.09,14.09,7.66,OK
2026-07-29T09:05:50+07:00,eco-green-city,0700,home_to_work,15.8,15.8,15.8,7.94,OK
2026-07-29T09:05:50+07:00,hateco-apollo,0700,home_to_work,20.12,20.12,20.12,12.54,OK
2026-07-29T09:05:50+07:00,iris-garden,0700,home_to_work,13.94,13.94,13.94,7.13,OK
2026-07-29T10:48:45+07:00,vinhomes-smart-city,0730,home_to_work,22.75,22.75,22.75,10.23,OK
2026-07-29T10:48:45+07:00,hd-mon-city,0730,home_to_work,10.74,10.74,10.74,4.91,OK
2026-07-29T10:48:45+07:00,my-dinh-pearl,0730,home_to_work,15.78,15.78,15.78,7.15,OK
2026-07-29T10:48:45+07:00,hoang-thanh-pearl,0730,home_to_work,18.49,18.49,18.49,8.76,OK
2026-07-29T10:48:45+07:00,mipec-riverside,0730,home_to_work,33.1,33.1,33.1,9.56,OK
2026-07-29T10:48:45+07:00,sunshine-riverside,0730,home_to_work,14.46,14.46,14.46,7.89,OK
2026-07-29T10:48:45+07:00,ho-guom-plaza,0730,home_to_work,19.8,19.8,19.8,7.63,OK
2026-07-29T10:48:45+07:00,eco-green-city,0730,home_to_work,20.26,20.26,20.26,7.9,OK
2026-07-29T10:48:45+07:00,hateco-apollo,0730,home_to_work,20.82,20.82,20.82,12.54,OK
2026-07-29T10:48:45+07:00,iris-garden,0730,home_to_work,14.28,14.28,14.28,7.13,OK
2026-07-29T19:26:51+07:00,vinhomes-smart-city,1730,work_to_home,19.96,19.96,19.96,9.33,OK
2026-07-29T19:26:51+07:00,hd-mon-city,1730,work_to_home,15.73,15.73,15.73,6.45,OK
2026-07-29T19:26:51+07:00,my-dinh-pearl,1730,work_to_home,20.48,20.48,20.48,8.89,OK
2026-07-29T19:26:51+07:00,hoang-thanh-pearl,1730,work_to_home,26.17,26.17,26.17,11.54,OK
2026-07-29T19:26:51+07:00,mipec-riverside,1730,work_to_home,34.17,34.17,34.17,9.91,OK
2026-07-29T19:26:51+07:00,sunshine-riverside,1730,work_to_home,21.43,21.43,21.43,9.81,OK
2026-07-29T19:26:51+07:00,ho-guom-plaza,1730,work_to_home,20.54,20.54,20.54,8.22,OK
2026-07-29T19:26:51+07:00,eco-green-city,1730,work_to_home,20.72,20.72,20.72,7.86,OK
2026-07-29T19:26:51+07:00,hateco-apollo,1730,work_to_home,26.26,26.26,26.26,12.81,OK
2026-07-29T19:26:51+07:00,iris-garden,1730,work_to_home,24.3,24.3,24.3,8.2,OK
2026-07-29T20:01:18+07:00,vinhomes-smart-city,1800,work_to_home,18.66,18.66,18.66,9.32,OK
2026-07-29T20:01:18+07:00,hd-mon-city,1800,work_to_home,14.96,14.96,14.96,6.45,OK
2026-07-29T20:01:18+07:00,my-dinh-pearl,1800,work_to_home,20.29,20.29,20.29,8.88,OK
2026-07-29T20:01:18+07:00,hoang-thanh-pearl,1800,work_to_home,27.17,27.17,27.17,12.85,OK
2026-07-29T20:01:18+07:00,mipec-riverside,1800,work_to_home,33.16,33.16,33.16,9.91,OK
2026-07-29T20:01:18+07:00,sunshine-riverside,1800,work_to_home,18.41,18.41,18.41,8.77,OK
2026-07-29T20:01:18+07:00,ho-guom-plaza,1800,work_to_home,16.81,16.81,16.81,7.8,OK
2026-07-29T20:01:18+07:00,eco-green-city,1800,work_to_home,16.78,16.78,16.78,7.86,OK
2026-07-29T20:01:18+07:00,hateco-apollo,1800,work_to_home,26.2,26.2,26.2,12.8,OK
2026-07-29T20:01:18+07:00,iris-garden,1800,work_to_home,22.23,22.23,22.23,10.71,OK
2026-07-30T08:55:10+07:00,vinhomes-smart-city,0700,home_to_work,23.46,23.46,23.46,10.27,OK
2026-07-30T08:55:10+07:00,hd-mon-city,0700,home_to_work,13.22,13.22,13.22,4.91,OK
2026-07-30T08:55:10+07:00,my-dinh-pearl,0700,home_to_work,18.44,18.44,18.44,7.15,OK
2026-07-30T08:55:10+07:00,hoang-thanh-pearl,0700,home_to_work,23.48,23.48,23.48,8.76,OK
2026-07-30T08:55:10+07:00,mipec-riverside,0700,home_to_work,33.96,33.96,33.96,9.56,OK
2026-07-30T08:55:10+07:00,sunshine-riverside,0700,home_to_work,17.19,17.19,17.19,7.89,OK
2026-07-30T08:55:10+07:00,ho-guom-plaza,0700,home_to_work,23.08,23.08,23.08,7.66,OK
2026-07-30T08:55:10+07:00,eco-green-city,0700,home_to_work,20.69,20.69,20.69,7.93,OK
2026-07-30T08:55:10+07:00,hateco-apollo,0700,home_to_work,27.91,27.91,27.91,12.54,OK
2026-07-30T08:55:10+07:00,iris-garden,0700,home_to_work,18.83,18.83,18.83,7.13,OK
2026-07-30T10:40:43+07:00,vinhomes-smart-city,0730,home_to_work,20.77,20.77,20.77,10.23,OK
2026-07-30T10:40:43+07:00,hd-mon-city,0730,home_to_work,14.09,14.09,14.09,4.91,OK
2026-07-30T10:40:43+07:00,my-dinh-pearl,0730,home_to_work,19.83,19.83,19.83,7.21,OK
2026-07-30T10:40:43+07:00,hoang-thanh-pearl,0730,home_to_work,22.96,22.96,22.96,10.68,OK
2026-07-30T10:40:43+07:00,mipec-riverside,0730,home_to_work,31.65,31.65,31.65,9.56,OK
2026-07-30T10:40:43+07:00,sunshine-riverside,0730,home_to_work,14.83,14.83,14.83,7.89,OK
2026-07-30T10:40:43+07:00,ho-guom-plaza,0730,home_to_work,16.95,16.95,16.95,7.63,OK
2026-07-30T10:40:43+07:00,eco-green-city,0730,home_to_work,18.8,18.8,18.8,7.9,OK
2026-07-30T10:40:43+07:00,hateco-apollo,0730,home_to_work,24.56,24.56,24.56,12.54,OK
2026-07-30T10:40:43+07:00,iris-garden,0730,home_to_work,17.46,17.46,17.46,7.13,OK
2026-07-30T19:09:35+07:00,vinhomes-smart-city,1730,work_to_home,20.71,20.71,20.71,9.33,OK
2026-07-30T19:09:35+07:00,hd-mon-city,1730,work_to_home,15.66,15.66,15.66,6.45,OK
2026-07-30T19:09:35+07:00,my-dinh-pearl,1730,work_to_home,21.12,21.12,21.12,8.89,OK
2026-07-30T19:09:35+07:00,hoang-thanh-pearl,1730,work_to_home,26.55,26.55,26.55,11.54,OK
2026-07-30T19:09:35+07:00,mipec-riverside,1730,work_to_home,32.58,32.58,32.58,9.91,OK
2026-07-30T19:09:35+07:00,sunshine-riverside,1730,work_to_home,18.36,18.36,18.36,9.8,OK
2026-07-30T19:09:35+07:00,ho-guom-plaza,1730,work_to_home,18.4,18.4,18.4,7.81,OK
2026-07-30T19:09:35+07:00,eco-green-city,1730,work_to_home,19.11,19.11,19.11,7.86,OK
2026-07-30T19:09:35+07:00,hateco-apollo,1730,work_to_home,27.01,27.01,27.01,12.81,OK
2026-07-30T19:09:35+07:00,iris-garden,1730,work_to_home,19.28,19.28,19.28,8.2,OK
2026-07-30T19:45:32+07:00,vinhomes-smart-city,1800,work_to_home,18.26,18.26,18.26,9.33,OK
2026-07-30T19:45:32+07:00,hd-mon-city,1800,work_to_home,14.85,14.85,14.85,6.45,OK
2026-07-30T19:45:32+07:00,my-dinh-pearl,1800,work_to_home,18.77,18.77,18.77,8.89,OK
2026-07-30T19:45:32+07:00,hoang-thanh-pearl,1800,work_to_home,24.69,24.69,24.69,11.55,OK
2026-07-30T19:45:32+07:00,mipec-riverside,1800,work_to_home,31.88,31.88,31.88,9.91,OK
2026-07-30T19:45:32+07:00,sunshine-riverside,1800,work_to_home,20.43,20.43,20.43,10.64,OK
2026-07-30T19:45:32+07:00,ho-guom-plaza,1800,work_to_home,17.33,17.33,17.33,7.81,OK
2026-07-30T19:45:32+07:00,eco-green-city,1800,work_to_home,18.01,18.01,18.01,7.86,OK
2026-07-30T19:45:32+07:00,hateco-apollo,1800,work_to_home,24.57,24.57,24.57,12.81,OK
2026-07-30T19:45:32+07:00,iris-garden,1800,work_to_home,21.92,21.92,21.92,10.71,OK
2026-07-31T09:14:25+07:00,vinhomes-smart-city,0700,home_to_work,25.43,25.43,25.43,10.24,OK
2026-07-31T09:14:25+07:00,hd-mon-city,0700,home_to_work,11.52,11.52,11.52,4.91,OK
2026-07-31T09:14:25+07:00,my-dinh-pearl,0700,home_to_work,16.39,16.39,16.39,7.15,OK
2026-07-31T09:14:25+07:00,hoang-thanh-pearl,0700,home_to_work,19.4,19.4,19.4,8.76,OK
2026-07-31T09:14:25+07:00,mipec-riverside,0700,home_to_work,32.48,32.48,32.48,9.56,OK
2026-07-31T09:14:25+07:00,sunshine-riverside,0700,home_to_work,17.08,17.08,17.08,7.89,OK
2026-07-31T09:14:25+07:00,ho-guom-plaza,0700,home_to_work,20.95,20.95,20.95,7.66,OK
2026-07-31T09:14:25+07:00,eco-green-city,0700,home_to_work,22.07,22.07,22.07,7.94,OK
2026-07-31T09:14:25+07:00,hateco-apollo,0700,home_to_work,21.6,21.6,21.6,12.54,OK
2026-07-31T09:14:25+07:00,iris-garden,0700,home_to_work,15.43,15.43,15.43,7.13,OK
2026-07-31T10:59:22+07:00,vinhomes-smart-city,0730,home_to_work,20.48,20.48,20.48,10.23,OK
2026-07-31T10:59:22+07:00,hd-mon-city,0730,home_to_work,13.55,13.55,13.55,4.91,OK
2026-07-31T10:59:22+07:00,my-dinh-pearl,0730,home_to_work,18.75,18.75,18.75,7.15,OK
2026-07-31T10:59:22+07:00,hoang-thanh-pearl,0730,home_to_work,21.38,21.38,21.38,8.76,OK
2026-07-31T10:59:22+07:00,mipec-riverside,0730,home_to_work,33.23,33.23,33.23,9.7,OK
2026-07-31T10:59:22+07:00,sunshine-riverside,0730,home_to_work,15.49,15.49,15.49,7.89,OK
2026-07-31T10:59:22+07:00,ho-guom-plaza,0730,home_to_work,18.57,18.57,18.57,7.66,OK
2026-07-31T10:59:22+07:00,eco-green-city,0730,home_to_work,21.22,21.22,21.22,7.93,OK
2026-07-31T10:59:22+07:00,hateco-apollo,0730,home_to_work,24.63,24.63,24.63,12.54,OK
2026-07-31T10:59:22+07:00,iris-garden,0730,home_to_work,17.4,17.4,17.4,7.13,OK
2026-07-31T19:24:42+07:00,vinhomes-smart-city,1730,work_to_home,17.86,17.86,17.86,9.32,OK
2026-07-31T19:24:42+07:00,hd-mon-city,1730,work_to_home,16.7,16.7,16.7,6.62,OK
2026-07-31T19:24:42+07:00,my-dinh-pearl,1730,work_to_home,24.73,24.73,24.73,8.88,OK
2026-07-31T19:24:42+07:00,hoang-thanh-pearl,1730,work_to_home,23.47,23.47,23.47,10.28,OK
2026-07-31T19:24:42+07:00,mipec-riverside,1730,work_to_home,32.22,32.22,32.22,9.91,OK
2026-07-31T19:24:42+07:00,sunshine-riverside,1730,work_to_home,22.02,22.02,22.02,9.8,OK
2026-07-31T19:24:42+07:00,ho-guom-plaza,1730,work_to_home,18.38,18.38,18.38,7.8,OK
2026-07-31T19:24:42+07:00,eco-green-city,1730,work_to_home,17.87,17.87,17.87,7.86,OK
2026-07-31T19:24:42+07:00,hateco-apollo,1730,work_to_home,24.16,24.16,24.16,12.8,OK
2026-07-31T19:24:42+07:00,iris-garden,1730,work_to_home,19.65,19.65,19.65,8.2,OK
2026-07-31T19:57:22+07:00,vinhomes-smart-city,1800,work_to_home,26.23,26.23,26.23,9.32,OK
2026-07-31T19:57:22+07:00,hd-mon-city,1800,work_to_home,15.7,15.7,15.7,6.44,OK
2026-07-31T19:57:22+07:00,my-dinh-pearl,1800,work_to_home,29.6,29.6,29.6,8.88,OK
2026-07-31T19:57:22+07:00,hoang-thanh-pearl,1800,work_to_home,23.13,23.13,23.13,10.28,OK
2026-07-31T19:57:22+07:00,mipec-riverside,1800,work_to_home,34.03,34.03,34.03,10.08,OK
2026-07-31T19:57:22+07:00,sunshine-riverside,1800,work_to_home,20.46,20.46,20.46,8.77,OK
2026-07-31T19:57:22+07:00,ho-guom-plaza,1800,work_to_home,19.82,19.82,19.82,8.22,OK
2026-07-31T19:57:22+07:00,eco-green-city,1800,work_to_home,24.61,24.61,24.61,7.86,OK
2026-07-31T19:57:22+07:00,hateco-apollo,1800,work_to_home,32.53,32.53,32.53,12.8,OK
2026-07-31T19:57:22+07:00,iris-garden,1800,work_to_home,19.23,19.23,19.23,8.2,OK
2026-08-01T09:21:37+07:00,vinhomes-smart-city,0700,home_to_work,21.75,21.75,21.75,10.23,OK
2026-08-01T09:21:37+07:00,hd-mon-city,0700,home_to_work,14.56,14.56,14.56,4.91,OK
2026-08-01T09:21:37+07:00,my-dinh-pearl,0700,home_to_work,19.68,19.68,19.68,7.28,OK
2026-08-01T09:21:37+07:00,hoang-thanh-pearl,0700,home_to_work,28.5,28.5,28.5,10.68,OK
2026-08-01T09:21:37+07:00,mipec-riverside,0700,home_to_work,30.94,30.94,30.94,9.56,OK
2026-08-01T09:21:37+07:00,sunshine-riverside,0700,home_to_work,14.98,14.98,14.98,7.89,OK
2026-08-01T09:21:37+07:00,ho-guom-plaza,0700,home_to_work,16.16,16.16,16.16,7.66,OK
2026-08-01T09:21:37+07:00,eco-green-city,0700,home_to_work,19.29,19.29,19.29,7.93,OK
2026-08-01T09:21:37+07:00,hateco-apollo,0700,home_to_work,31.02,31.02,31.02,12.54,OK
2026-08-01T09:21:37+07:00,iris-garden,0700,home_to_work,24.45,24.45,24.45,7.13,OK
2026-08-01T10:59:25+07:00,vinhomes-smart-city,0730,home_to_work,22.26,22.26,22.26,10.23,OK
2026-08-01T10:59:25+07:00,hd-mon-city,0730,home_to_work,11.65,11.65,11.65,4.91,OK
2026-08-01T10:59:25+07:00,my-dinh-pearl,0730,home_to_work,16.57,16.57,16.57,7.15,OK
2026-08-01T10:59:25+07:00,hoang-thanh-pearl,0730,home_to_work,22.03,22.03,22.03,10.68,OK
2026-08-01T10:59:25+07:00,mipec-riverside,0730,home_to_work,33.03,33.03,33.03,9.56,OK
2026-08-01T10:59:25+07:00,sunshine-riverside,0730,home_to_work,15.42,15.42,15.42,7.89,OK
2026-08-01T10:59:25+07:00,ho-guom-plaza,0730,home_to_work,21.37,21.37,21.37,7.63,OK
2026-08-01T10:59:25+07:00,eco-green-city,0730,home_to_work,25.14,25.14,25.14,7.9,OK
2026-08-01T10:59:25+07:00,hateco-apollo,0730,home_to_work,23.67,23.67,23.67,12.54,OK
2026-08-01T10:59:25+07:00,iris-garden,0730,home_to_work,16.11,16.11,16.11,7.13,OK
2026-08-01T18:38:44+07:00,vinhomes-smart-city,1730,work_to_home,17.38,17.38,17.38,9.33,OK
2026-08-01T18:38:44+07:00,hd-mon-city,1730,work_to_home,14.91,14.91,14.91,6.45,OK
2026-08-01T18:38:44+07:00,my-dinh-pearl,1730,work_to_home,19.24,19.24,19.24,8.89,OK
2026-08-01T18:38:44+07:00,hoang-thanh-pearl,1730,work_to_home,23.92,23.92,23.92,11.54,OK
2026-08-01T18:38:44+07:00,mipec-riverside,1730,work_to_home,33.9,33.9,33.9,9.91,OK
2026-08-01T18:38:44+07:00,sunshine-riverside,1730,work_to_home,21.28,21.28,21.28,9.8,OK
2026-08-01T18:38:44+07:00,ho-guom-plaza,1730,work_to_home,17.74,17.74,17.74,7.81,OK
2026-08-01T18:38:44+07:00,eco-green-city,1730,work_to_home,18.39,18.39,18.39,7.86,OK
2026-08-01T18:38:44+07:00,hateco-apollo,1730,work_to_home,23.68,23.68,23.68,12.81,OK
2026-08-01T18:38:44+07:00,iris-garden,1730,work_to_home,17.31,17.31,17.31,8.2,OK
2026-08-01T19:03:04+07:00,vinhomes-smart-city,1800,work_to_home,17.09,17.09,17.09,9.32,OK
2026-08-01T19:03:04+07:00,hd-mon-city,1800,work_to_home,15.67,15.67,15.67,6.44,OK
2026-08-01T19:03:04+07:00,my-dinh-pearl,1800,work_to_home,19.5,19.5,19.5,8.88,OK
2026-08-01T19:03:04+07:00,hoang-thanh-pearl,1800,work_to_home,24.55,24.55,24.55,10.05,OK
2026-08-01T19:03:04+07:00,mipec-riverside,1800,work_to_home,35.48,35.48,35.48,9.91,OK
2026-08-01T19:03:04+07:00,sunshine-riverside,1800,work_to_home,18.87,18.87,18.87,9.8,OK
2026-08-01T19:03:04+07:00,ho-guom-plaza,1800,work_to_home,17.58,17.58,17.58,7.8,OK
2026-08-01T19:03:04+07:00,eco-green-city,1800,work_to_home,19.02,19.02,19.02,7.86,OK
2026-08-01T19:03:04+07:00,hateco-apollo,1800,work_to_home,23.39,23.39,23.39,12.8,OK
2026-08-01T19:03:04+07:00,iris-garden,1800,work_to_home,20.29,20.29,20.29,7.98,OK
2026-08-02T09:13:13+07:00,vinhomes-smart-city,0700,home_to_work,21.39,21.39,21.39,10.27,OK
2026-08-02T09:13:13+07:00,hd-mon-city,0700,home_to_work,11.29,11.29,11.29,4.91,OK
2026-08-02T09:13:13+07:00,my-dinh-pearl,0700,home_to_work,16.15,16.15,16.15,7.15,OK
2026-08-02T09:13:13+07:00,hoang-thanh-pearl,0700,home_to_work,19.48,19.48,19.48,8.76,OK
2026-08-02T09:13:13+07:00,mipec-riverside,0700,home_to_work,31.09,31.09,31.09,9.56,OK
2026-08-02T09:13:13+07:00,sunshine-riverside,0700,home_to_work,15.71,15.71,15.71,7.89,OK
2026-08-02T09:13:13+07:00,ho-guom-plaza,0700,home_to_work,17.22,17.22,17.22,7.66,OK
2026-08-02T09:13:13+07:00,eco-green-city,0700,home_to_work,19.38,19.38,19.38,7.94,OK
2026-08-02T09:13:13+07:00,hateco-apollo,0700,home_to_work,23.36,23.36,23.36,12.54,OK
2026-08-02T09:13:13+07:00,iris-garden,0700,home_to_work,15.09,15.09,15.09,7.13,OK
2026-08-02T11:03:03+07:00,vinhomes-smart-city,0730,home_to_work,19.8,19.8,19.8,10.24,OK
2026-08-02T11:03:03+07:00,hd-mon-city,0730,home_to_work,15.55,15.55,15.55,4.91,OK
2026-08-02T11:03:03+07:00,my-dinh-pearl,0730,home_to_work,21.53,21.53,21.53,7.15,OK
2026-08-02T11:03:03+07:00,hoang-thanh-pearl,0730,home_to_work,24.07,24.07,24.07,8.76,OK
2026-08-02T11:03:03+07:00,mipec-riverside,0730,home_to_work,31.8,31.8,31.8,9.56,OK
2026-08-02T11:03:03+07:00,sunshine-riverside,0730,home_to_work,15.01,15.01,15.01,7.89,OK
2026-08-02T11:03:03+07:00,ho-guom-plaza,0730,home_to_work,17.04,17.04,17.04,7.67,OK
2026-08-02T11:03:03+07:00,eco-green-city,0730,home_to_work,18.12,18.12,18.12,7.94,OK
2026-08-02T11:03:03+07:00,hateco-apollo,0730,home_to_work,26.32,26.32,26.32,12.54,OK
2026-08-02T11:03:03+07:00,iris-garden,0730,home_to_work,20.09,20.09,20.09,7.13,OK
2026-08-02T18:39:40+07:00,vinhomes-smart-city,1730,work_to_home,19.27,19.27,19.27,9.33,OK
2026-08-02T18:39:40+07:00,hd-mon-city,1730,work_to_home,18.77,18.77,18.77,9.14,OK
2026-08-02T18:39:40+07:00,my-dinh-pearl,1730,work_to_home,20.42,20.42,20.42,8.89,OK
2026-08-02T18:39:40+07:00,hoang-thanh-pearl,1730,work_to_home,24.32,24.32,24.32,11.54,OK
2026-08-02T18:39:40+07:00,mipec-riverside,1730,work_to_home,35.02,35.02,35.02,9.91,OK
2026-08-02T18:39:40+07:00,sunshine-riverside,1730,work_to_home,18.39,18.39,18.39,8.78,OK
2026-08-02T18:39:40+07:00,ho-guom-plaza,1730,work_to_home,17.18,17.18,17.18,7.81,OK
2026-08-02T18:39:40+07:00,eco-green-city,1730,work_to_home,18.15,18.15,18.15,7.86,OK
2026-08-02T18:39:40+07:00,hateco-apollo,1730,work_to_home,25.57,25.57,25.57,12.81,OK
2026-08-02T18:39:40+07:00,iris-garden,1730,work_to_home,21.43,21.43,21.43,10.71,OK
2026-08-02T19:03:46+07:00,vinhomes-smart-city,1800,work_to_home,19.73,19.73,19.73,9.33,OK
2026-08-02T19:03:46+07:00,hd-mon-city,1800,work_to_home,15.7,15.7,15.7,6.45,OK
2026-08-02T19:03:46+07:00,my-dinh-pearl,1800,work_to_home,19.13,19.13,19.13,8.89,OK
2026-08-02T19:03:46+07:00,hoang-thanh-pearl,1800,work_to_home,24.81,24.81,24.81,11.55,OK
2026-08-02T19:03:46+07:00,mipec-riverside,1800,work_to_home,34.42,34.42,34.42,9.91,OK
2026-08-02T19:03:46+07:00,sunshine-riverside,1800,work_to_home,19.39,19.39,19.39,9.8,OK
2026-08-02T19:03:46+07:00,ho-guom-plaza,1800,work_to_home,18.81,18.81,18.81,7.81,OK
2026-08-02T19:03:46+07:00,eco-green-city,1800,work_to_home,19.57,19.57,19.57,7.86,OK
2026-08-02T19:03:46+07:00,hateco-apollo,1800,work_to_home,26.04,26.04,26.04,12.81,OK
2026-08-02T19:03:46+07:00,iris-garden,1800,work_to_home,24.68,24.68,24.68,10.71,OK
2026-08-03T09:21:05+07:00,vinhomes-smart-city,0700,home_to_work,23.25,23.25,23.25,10.23,OK
2026-08-03T09:21:05+07:00,hd-mon-city,0700,home_to_work,11.41,11.41,11.41,4.91,OK
2026-08-03T09:21:05+07:00,my-dinh-pearl,0700,home_to_work,17.02,17.02,17.02,7.15,OK
2026-08-03T09:21:05+07:00,hoang-thanh-pearl,0700,home_to_work,22.04,22.04,22.04,8.76,OK
2026-08-03T09:21:05+07:00,mipec-riverside,0700,home_to_work,31.3,31.3,31.3,9.56,OK
2026-08-03T09:21:05+07:00,sunshine-riverside,0700,home_to_work,15.59,15.59,15.59,7.89,OK
2026-08-03T09:21:05+07:00,ho-guom-plaza,0700,home_to_work,21.82,21.82,21.82,7.63,OK
2026-08-03T09:21:05+07:00,eco-green-city,0700,home_to_work,22.04,22.04,22.04,7.9,OK
2026-08-03T09:21:05+07:00,hateco-apollo,0700,home_to_work,24.99,24.99,24.99,12.54,OK
2026-08-03T09:21:05+07:00,iris-garden,0700,home_to_work,17.83,17.83,17.83,7.13,OK
2026-08-03T11:05:13+07:00,vinhomes-smart-city,0730,home_to_work,19.84,19.84,19.84,10.23,OK
2026-08-03T11:05:13+07:00,hd-mon-city,0730,home_to_work,11.6,11.6,11.6,4.91,OK
2026-08-03T11:05:13+07:00,my-dinh-pearl,0730,home_to_work,16.52,16.52,16.52,7.15,OK
2026-08-03T11:05:13+07:00,hoang-thanh-pearl,0730,home_to_work,19.13,19.13,19.13,8.76,OK
2026-08-03T11:05:13+07:00,mipec-riverside,0730,home_to_work,31.56,31.56,31.56,9.56,OK
2026-08-03T11:05:13+07:00,sunshine-riverside,0730,home_to_work,14.6,14.6,14.6,7.89,OK
2026-08-03T11:05:13+07:00,ho-guom-plaza,0730,home_to_work,14.8,14.8,14.8,7.66,OK
2026-08-03T11:05:13+07:00,eco-green-city,0730,home_to_work,16.51,16.51,16.51,7.93,OK
2026-08-03T11:05:13+07:00,hateco-apollo,0730,home_to_work,21.33,21.33,21.33,12.54,OK
2026-08-03T11:05:13+07:00,iris-garden,0730,home_to_work,15.16,15.16,15.16,7.13,OK
2026-08-03T20:22:55+07:00,vinhomes-smart-city,1730,work_to_home,18.0,18.0,18.0,9.33,OK
2026-08-03T20:22:55+07:00,hd-mon-city,1730,work_to_home,16.14,16.14,16.14,6.45,OK
2026-08-03T20:22:55+07:00,my-dinh-pearl,1730,work_to_home,19.35,19.35,19.35,8.89,OK
2026-08-03T20:22:55+07:00,hoang-thanh-pearl,1730,work_to_home,24.73,24.73,24.73,11.54,OK
2026-08-03T20:22:55+07:00,mipec-riverside,1730,work_to_home,34.7,34.7,34.7,9.91,OK
2026-08-03T20:22:55+07:00,sunshine-riverside,1730,work_to_home,19.45,19.45,19.45,9.8,OK
2026-08-03T20:22:55+07:00,ho-guom-plaza,1730,work_to_home,20.3,20.3,20.3,7.81,OK
2026-08-03T20:22:55+07:00,eco-green-city,1730,work_to_home,18.77,18.77,18.77,7.86,OK
2026-08-03T20:22:55+07:00,hateco-apollo,1730,work_to_home,25.13,25.13,25.13,12.81,OK
2026-08-03T20:22:55+07:00,iris-garden,1730,work_to_home,23.46,23.46,23.46,10.71,OK
2026-08-03T20:42:22+07:00,vinhomes-smart-city,1800,work_to_home,18.36,18.36,18.36,9.33,OK
2026-08-03T20:42:22+07:00,hd-mon-city,1800,work_to_home,18.0,18.0,18.0,9.11,OK
2026-08-03T20:42:22+07:00,my-dinh-pearl,1800,work_to_home,20.37,20.37,20.37,8.87,OK
2026-08-03T20:42:22+07:00,hoang-thanh-pearl,1800,work_to_home,25.0,25.0,25.0,11.52,OK
2026-08-03T20:42:22+07:00,mipec-riverside,1800,work_to_home,32.21,32.21,32.21,9.91,OK
2026-08-03T20:42:22+07:00,sunshine-riverside,1800,work_to_home,18.87,18.87,18.87,9.8,OK
2026-08-03T20:42:22+07:00,ho-guom-plaza,1800,work_to_home,17.63,17.63,17.63,7.81,OK
2026-08-03T20:42:22+07:00,eco-green-city,1800,work_to_home,17.98,17.98,17.98,7.86,OK
2026-08-03T20:42:22+07:00,hateco-apollo,1800,work_to_home,24.96,24.96,24.96,12.81,OK
2026-08-03T20:42:22+07:00,iris-garden,1800,work_to_home,20.6,20.6,20.6,10.67,OK
2026-08-04T09:01:18+07:00,vinhomes-smart-city,0700,home_to_work,23.8,23.8,23.8,10.24,OK
2026-08-04T09:01:18+07:00,hd-mon-city,0700,home_to_work,17.82,17.82,17.82,4.91,OK
2026-08-04T09:01:18+07:00,my-dinh-pearl,0700,home_to_work,23.89,23.89,23.89,7.15,OK
2026-08-04T09:01:18+07:00,hoang-thanh-pearl,0700,home_to_work,27.6,27.6,27.6,8.76,OK
2026-08-04T09:01:18+07:00,mipec-riverside,0700,home_to_work,32.69,32.69,32.69,9.56,OK
2026-08-04T09:01:18+07:00,sunshine-riverside,0700,home_to_work,16.43,16.43,16.43,7.89,OK
2026-08-04T09:01:18+07:00,ho-guom-plaza,0700,home_to_work,19.46,19.46,19.46,7.63,OK
2026-08-04T09:01:18+07:00,eco-green-city,0700,home_to_work,21.72,21.72,21.72,7.9,OK
2026-08-04T09:01:18+07:00,hateco-apollo,0700,home_to_work,29.8,29.8,29.8,12.54,OK
2026-08-04T09:01:18+07:00,iris-garden,0700,home_to_work,23.46,23.46,23.46,7.13,OK
2026-08-04T10:46:51+07:00,vinhomes-smart-city,0730,home_to_work,20.71,20.71,20.71,10.23,OK
2026-08-04T10:46:51+07:00,hd-mon-city,0730,home_to_work,11.33,11.33,11.33,4.91,OK
2026-08-04T10:46:51+07:00,my-dinh-pearl,0730,home_to_work,16.76,16.76,16.76,7.15,OK
2026-08-04T10:46:51+07:00,hoang-thanh-pearl,0730,home_to_work,21.98,21.98,21.98,8.76,OK
2026-08-04T10:46:51+07:00,mipec-riverside,0730,home_to_work,31.57,31.57,31.57,9.56,OK
2026-08-04T10:46:51+07:00,sunshine-riverside,0730,home_to_work,14.53,14.53,14.53,7.89,OK
2026-08-04T10:46:51+07:00,ho-guom-plaza,0730,home_to_work,17.39,17.39,17.39,7.66,OK
2026-08-04T10:46:51+07:00,eco-green-city,0730,home_to_work,17.48,17.48,17.48,7.93,OK
2026-08-04T10:46:51+07:00,hateco-apollo,0730,home_to_work,24.41,24.41,24.41,12.54,OK
2026-08-04T10:46:51+07:00,iris-garden,0730,home_to_work,17.69,17.69,17.69,7.13,OK
2026-08-04T19:23:20+07:00,vinhomes-smart-city,1730,work_to_home,19.82,19.82,19.82,9.33,OK
2026-08-04T19:23:20+07:00,hd-mon-city,1730,work_to_home,15.93,15.93,15.93,6.45,OK
2026-08-04T19:23:20+07:00,my-dinh-pearl,1730,work_to_home,20.74,20.74,20.74,8.89,OK
2026-08-04T19:23:20+07:00,hoang-thanh-pearl,1730,work_to_home,27.65,27.65,27.65,12.85,OK
2026-08-04T19:23:20+07:00,mipec-riverside,1730,work_to_home,32.31,32.31,32.31,9.91,OK
2026-08-04T19:23:20+07:00,sunshine-riverside,1730,work_to_home,17.74,17.74,17.74,8.77,OK
2026-08-04T19:23:20+07:00,ho-guom-plaza,1730,work_to_home,20.83,20.83,20.83,7.81,OK
2026-08-04T19:23:20+07:00,eco-green-city,1730,work_to_home,21.42,21.42,21.42,7.86,OK
2026-08-04T19:23:20+07:00,hateco-apollo,1730,work_to_home,26.46,26.46,26.46,12.81,OK
2026-08-04T19:23:20+07:00,iris-garden,1730,work_to_home,21.83,21.83,21.83,8.2,OK
2026-08-04T20:03:29+07:00,vinhomes-smart-city,1800,work_to_home,19.19,19.19,19.19,9.32,OK
2026-08-04T20:03:29+07:00,hd-mon-city,1800,work_to_home,15.07,15.07,15.07,6.44,OK
2026-08-04T20:03:29+07:00,my-dinh-pearl,1800,work_to_home,20.31,20.31,20.31,8.88,OK
2026-08-04T20:03:29+07:00,hoang-thanh-pearl,1800,work_to_home,25.17,25.17,25.17,11.53,OK
2026-08-04T20:03:29+07:00,mipec-riverside,1800,work_to_home,32.33,32.33,32.33,9.91,OK
2026-08-04T20:03:29+07:00,sunshine-riverside,1800,work_to_home,17.88,17.88,17.88,8.77,OK
2026-08-04T20:03:29+07:00,ho-guom-plaza,1800,work_to_home,16.74,16.74,16.74,7.8,OK
2026-08-04T20:03:29+07:00,eco-green-city,1800,work_to_home,18.77,18.77,18.77,7.86,OK
2026-08-04T20:03:29+07:00,hateco-apollo,1800,work_to_home,25.49,25.49,25.49,12.8,OK
2026-08-04T20:03:29+07:00,iris-garden,1800,work_to_home,22.17,22.17,22.17,10.7,OK
2026-08-05T09:00:13+07:00,vinhomes-smart-city,0700,home_to_work,24.44,24.44,24.44,10.24,OK
2026-08-05T09:00:13+07:00,hd-mon-city,0700,home_to_work,12.81,12.81,12.81,4.91,OK
2026-08-05T09:00:13+07:00,my-dinh-pearl,0700,home_to_work,17.68,17.68,17.68,7.15,OK
2026-08-05T09:00:13+07:00,hoang-thanh-pearl,0700,home_to_work,20.33,20.33,20.33,8.76,OK
2026-08-05T09:00:13+07:00,mipec-riverside,0700,home_to_work,31.52,31.52,31.52,9.56,OK
2026-08-05T09:00:13+07:00,sunshine-riverside,0700,home_to_work,17.35,17.35,17.35,7.89,OK
2026-08-05T09:00:13+07:00,ho-guom-plaza,0700,home_to_work,21.48,21.48,21.48,7.63,OK
2026-08-05T09:00:13+07:00,eco-green-city,0700,home_to_work,22.63,22.63,22.63,7.9,OK
2026-08-05T09:00:13+07:00,hateco-apollo,0700,home_to_work,22.7,22.7,22.7,12.54,OK
2026-08-05T09:00:13+07:00,iris-garden,0700,home_to_work,16.18,16.18,16.18,7.13,OK
2026-08-05T10:42:26+07:00,vinhomes-smart-city,0730,home_to_work,19.41,19.41,19.41,10.23,OK
2026-08-05T10:42:26+07:00,hd-mon-city,0730,home_to_work,11.9,11.9,11.9,4.91,OK
2026-08-05T10:42:26+07:00,my-dinh-pearl,0730,home_to_work,16.97,16.97,16.97,7.15,OK
2026-08-05T10:42:26+07:00,hoang-thanh-pearl,0730,home_to_work,19.5,19.5,19.5,8.76,OK
2026-08-05T10:42:26+07:00,mipec-riverside,0730,home_to_work,31.18,31.18,31.18,9.56,OK
2026-08-05T10:42:26+07:00,sunshine-riverside,0730,home_to_work,15.56,15.56,15.56,7.89,OK
2026-08-05T10:42:26+07:00,ho-guom-plaza,0730,home_to_work,14.9,14.9,14.9,7.66,OK
2026-08-05T10:42:26+07:00,eco-green-city,0730,home_to_work,17.31,17.31,17.31,7.93,OK
2026-08-05T10:42:26+07:00,hateco-apollo,0730,home_to_work,21.8,21.8,21.8,12.54,OK
2026-08-05T10:42:26+07:00,iris-garden,0730,home_to_work,15.53,15.53,15.53,7.13,OK
2026-08-05T19:21:45+07:00,vinhomes-smart-city,1730,work_to_home,20.04,20.04,20.04,9.33,OK
2026-08-05T19:21:45+07:00,hd-mon-city,1730,work_to_home,14.86,14.86,14.86,6.62,OK
2026-08-05T19:21:45+07:00,my-dinh-pearl,1730,work_to_home,21.11,21.11,21.11,8.89,OK
2026-08-05T19:21:45+07:00,hoang-thanh-pearl,1730,work_to_home,26.43,26.43,26.43,11.54,OK
2026-08-05T19:21:45+07:00,mipec-riverside,1730,work_to_home,32.23,32.23,32.23,9.91,OK
2026-08-05T19:21:45+07:00,sunshine-riverside,1730,work_to_home,19.64,19.64,19.64,9.8,OK
2026-08-05T19:21:45+07:00,ho-guom-plaza,1730,work_to_home,20.16,20.16,20.16,7.81,OK
2026-08-05T19:21:45+07:00,eco-green-city,1730,work_to_home,18.57,18.57,18.57,7.86,OK
2026-08-05T19:21:45+07:00,hateco-apollo,1730,work_to_home,26.34,26.34,26.34,12.81,OK
2026-08-05T19:21:45+07:00,iris-garden,1730,work_to_home,20.19,20.19,20.19,8.2,OK
2026-08-05T19:54:20+07:00,vinhomes-smart-city,1800,work_to_home,22.34,22.34,22.34,9.33,OK
2026-08-05T19:54:20+07:00,hd-mon-city,1800,work_to_home,18.52,18.52,18.52,6.45,OK
2026-08-05T19:54:20+07:00,my-dinh-pearl,1800,work_to_home,23.55,23.55,23.55,8.89,OK
2026-08-05T19:54:20+07:00,hoang-thanh-pearl,1800,work_to_home,29.84,29.84,29.84,12.85,OK
2026-08-05T19:54:20+07:00,mipec-riverside,1800,work_to_home,32.61,32.61,32.61,9.91,OK
2026-08-05T19:54:20+07:00,sunshine-riverside,1800,work_to_home,19.3,19.3,19.3,8.77,OK
2026-08-05T19:54:20+07:00,ho-guom-plaza,1800,work_to_home,22.62,22.62,22.62,7.81,OK
2026-08-05T19:54:20+07:00,eco-green-city,1800,work_to_home,23.53,23.53,23.53,7.86,OK
2026-08-05T19:54:20+07:00,hateco-apollo,1800,work_to_home,31.38,31.38,31.38,15.38,OK
2026-08-05T19:54:20+07:00,iris-garden,1800,work_to_home,22.39,22.39,22.39,8.2,OK
2026-08-06T09:04:26+07:00,vinhomes-smart-city,0700,home_to_work,22.75,22.75,22.75,10.23,OK
2026-08-06T09:04:26+07:00,hd-mon-city,0700,home_to_work,11.95,11.95,11.95,4.91,OK
2026-08-06T09:04:26+07:00,my-dinh-pearl,0700,home_to_work,16.75,16.75,16.75,7.15,OK
2026-08-06T09:04:26+07:00,hoang-thanh-pearl,0700,home_to_work,19.62,19.62,19.62,8.76,OK
2026-08-06T09:04:26+07:00,mipec-riverside,0700,home_to_work,31.37,31.37,31.37,9.56,OK
2026-08-06T09:04:26+07:00,sunshine-riverside,0700,home_to_work,16.9,16.9,16.9,7.89,OK
2026-08-06T09:04:26+07:00,ho-guom-plaza,0700,home_to_work,21.58,21.58,21.58,7.63,OK
2026-08-06T09:04:26+07:00,eco-green-city,0700,home_to_work,22.93,22.93,22.93,7.9,OK
2026-08-06T09:04:26+07:00,hateco-apollo,0700,home_to_work,22.87,22.87,22.87,12.54,OK
2026-08-06T09:04:26+07:00,iris-garden,0700,home_to_work,15.65,15.65,15.65,7.13,OK
2026-08-06T10:48:24+07:00,vinhomes-smart-city,0730,home_to_work,21.67,21.67,21.67,10.27,OK
2026-08-06T10:48:24+07:00,hd-mon-city,0730,home_to_work,13.21,13.21,13.21,4.91,OK
2026-08-06T10:48:24+07:00,my-dinh-pearl,0730,home_to_work,18.33,18.33,18.33,7.15,OK
2026-08-06T10:48:24+07:00,hoang-thanh-pearl,0730,home_to_work,20.81,20.81,20.81,8.76,OK
2026-08-06T10:48:24+07:00,mipec-riverside,0730,home_to_work,31.27,31.27,31.27,9.56,OK
2026-08-06T10:48:24+07:00,sunshine-riverside,0730,home_to_work,14.51,14.51,14.51,7.89,OK
2026-08-06T10:48:24+07:00,ho-guom-plaza,0730,home_to_work,16.12,16.12,16.12,7.63,OK
2026-08-06T10:48:24+07:00,eco-green-city,0730,home_to_work,18.42,18.42,18.42,7.9,OK
2026-08-06T10:48:24+07:00,hateco-apollo,0730,home_to_work,23.81,23.81,23.81,12.54,OK
2026-08-06T10:48:24+07:00,iris-garden,0730,home_to_work,16.83,16.83,16.83,7.13,OK
2026-08-06T19:23:37+07:00,vinhomes-smart-city,1730,work_to_home,24.39,24.39,24.39,9.33,OK
2026-08-06T19:23:37+07:00,hd-mon-city,1730,work_to_home,16.3,16.3,16.3,6.45,OK
2026-08-06T19:23:37+07:00,my-dinh-pearl,1730,work_to_home,25.74,25.74,25.74,8.89,OK
2026-08-06T19:23:37+07:00,hoang-thanh-pearl,1730,work_to_home,30.87,30.87,30.87,11.54,OK
2026-08-06T19:23:37+07:00,mipec-riverside,1730,work_to_home,38.72,38.72,38.72,9.91,OK
2026-08-06T19:23:37+07:00,sunshine-riverside,1730,work_to_home,20.25,20.25,20.25,9.22,OK
2026-08-06T19:23:37+07:00,ho-guom-plaza,1730,work_to_home,22.33,22.33,22.33,7.81,OK
2026-08-06T19:23:37+07:00,eco-green-city,1730,work_to_home,21.4,21.4,21.4,7.86,OK
2026-08-06T19:23:37+07:00,hateco-apollo,1730,work_to_home,30.69,30.69,30.69,12.81,OK
2026-08-06T19:23:37+07:00,iris-garden,1730,work_to_home,25.79,25.79,25.79,7.98,OK
2026-08-06T19:57:50+07:00,vinhomes-smart-city,1800,work_to_home,21.09,21.09,21.09,9.32,OK
2026-08-06T19:57:50+07:00,hd-mon-city,1800,work_to_home,16.55,16.55,16.55,6.44,OK
2026-08-06T19:57:50+07:00,my-dinh-pearl,1800,work_to_home,22.89,22.89,22.89,8.88,OK
2026-08-06T19:57:50+07:00,hoang-thanh-pearl,1800,work_to_home,28.82,28.82,28.82,12.85,OK
2026-08-06T19:57:50+07:00,mipec-riverside,1800,work_to_home,33.35,33.35,33.35,9.91,OK
2026-08-06T19:57:50+07:00,sunshine-riverside,1800,work_to_home,20.2,20.2,20.2,9.8,OK
2026-08-06T19:57:50+07:00,ho-guom-plaza,1800,work_to_home,21.35,21.35,21.35,7.8,OK
2026-08-06T19:57:50+07:00,eco-green-city,1800,work_to_home,21.79,21.79,21.79,7.86,OK
2026-08-06T19:57:50+07:00,hateco-apollo,1800,work_to_home,27.63,27.63,27.63,12.8,OK
2026-08-06T19:57:50+07:00,iris-garden,1800,work_to_home,20.11,20.11,20.11,8.2,OK
2026-08-07T09:24:13+07:00,vinhomes-smart-city,0700,home_to_work,21.05,21.05,21.05,10.24,OK
2026-08-07T09:24:13+07:00,hd-mon-city,0700,home_to_work,11.97,11.97,11.97,4.91,OK
2026-08-07T09:24:13+07:00,my-dinh-pearl,0700,home_to_work,16.86,16.86,16.86,7.15,OK
2026-08-07T09:24:13+07:00,hoang-thanh-pearl,0700,home_to_work,19.32,19.32,19.32,8.76,OK
2026-08-07T09:24:13+07:00,mipec-riverside,0700,home_to_work,32.11,32.11,32.11,9.56,OK
2026-08-07T09:24:13+07:00,sunshine-riverside,0700,home_to_work,16.61,16.61,16.61,7.89,OK
2026-08-07T09:24:13+07:00,ho-guom-plaza,0700,home_to_work,19.91,19.91,19.91,7.63,OK
2026-08-07T09:24:13+07:00,eco-green-city,0700,home_to_work,21.82,21.82,21.82,7.9,OK
2026-08-07T09:24:13+07:00,hateco-apollo,0700,home_to_work,22.62,22.62,22.62,12.54,OK
2026-08-07T09:24:13+07:00,iris-garden,0700,home_to_work,15.35,15.35,15.35,7.13,OK
2026-08-07T10:26:41+07:00,vinhomes-smart-city,0730,home_to_work,19.43,19.43,19.43,10.23,OK
2026-08-07T10:26:41+07:00,hd-mon-city,0730,home_to_work,12.94,12.94,12.94,4.91,OK
2026-08-07T10:26:41+07:00,my-dinh-pearl,0730,home_to_work,18.7,18.7,18.7,7.15,OK
2026-08-07T10:26:41+07:00,hoang-thanh-pearl,0730,home_to_work,22.85,22.85,22.85,8.76,OK
2026-08-07T10:26:41+07:00,mipec-riverside,0730,home_to_work,31.26,31.26,31.26,9.56,OK
2026-08-07T10:26:41+07:00,sunshine-riverside,0730,home_to_work,15.64,15.64,15.64,7.89,OK
2026-08-07T10:26:41+07:00,ho-guom-plaza,0730,home_to_work,17.85,17.85,17.85,7.66,OK
2026-08-07T10:26:41+07:00,eco-green-city,0730,home_to_work,18.64,18.64,18.64,7.93,OK
2026-08-07T10:26:41+07:00,hateco-apollo,0730,home_to_work,25.35,25.35,25.35,12.54,OK
2026-08-07T10:26:41+07:00,iris-garden,0730,home_to_work,18.79,18.79,18.79,7.13,OK
2026-08-07T18:13:48+07:00,vinhomes-smart-city,1730,work_to_home,18.02,18.02,18.02,9.32,OK
2026-08-07T18:13:48+07:00,hd-mon-city,1730,work_to_home,15.87,15.87,15.87,6.44,OK
2026-08-07T18:13:48+07:00,my-dinh-pearl,1730,work_to_home,20.5,20.5,20.5,8.88,OK
2026-08-07T18:13:48+07:00,hoang-thanh-pearl,1730,work_to_home,25.86,25.86,25.86,11.53,OK
2026-08-07T18:13:48+07:00,mipec-riverside,1730,work_to_home,32.14,32.14,32.14,9.91,OK
2026-08-07T18:13:48+07:00,sunshine-riverside,1730,work_to_home,17.6,17.6,17.6,9.44,OK
2026-08-07T18:13:48+07:00,ho-guom-plaza,1730,work_to_home,19.25,19.25,19.25,7.8,OK
2026-08-07T18:13:48+07:00,eco-green-city,1730,work_to_home,21.39,21.39,21.39,7.86,OK
2026-08-07T18:13:48+07:00,hateco-apollo,1730,work_to_home,24.32,24.32,24.32,12.8,OK
2026-08-07T18:13:48+07:00,iris-garden,1730,work_to_home,21.13,21.13,21.13,8.2,OK
2026-08-07T18:47:30+07:00,vinhomes-smart-city,1800,work_to_home,19.14,19.14,19.14,9.33,OK
2026-08-07T18:47:30+07:00,hd-mon-city,1800,work_to_home,18.75,18.75,18.75,6.45,OK
2026-08-07T18:47:30+07:00,my-dinh-pearl,1800,work_to_home,22.13,22.13,22.13,8.89,OK
2026-08-07T18:47:30+07:00,hoang-thanh-pearl,1800,work_to_home,28.68,28.68,28.68,11.55,OK
2026-08-07T18:47:30+07:00,mipec-riverside,1800,work_to_home,35.23,35.23,35.23,9.91,OK
2026-08-07T18:47:30+07:00,sunshine-riverside,1800,work_to_home,23.03,23.03,23.03,9.8,OK
2026-08-07T18:47:30+07:00,ho-guom-plaza,1800,work_to_home,20.95,20.95,20.95,7.81,OK
2026-08-07T18:47:30+07:00,eco-green-city,1800,work_to_home,20.61,20.61,20.61,7.86,OK
2026-08-07T18:47:30+07:00,hateco-apollo,1800,work_to_home,25.44,25.44,25.44,12.81,OK
2026-08-07T18:47:30+07:00,iris-garden,1800,work_to_home,25.32,25.32,25.32,8.2,OK
2026-08-08T08:11:29+07:00,vinhomes-smart-city,0700,home_to_work,21.42,21.42,21.42,10.24,OK
2026-08-08T08:11:29+07:00,hd-mon-city,0700,home_to_work,15.25,15.25,15.25,4.91,OK
2026-08-08T08:11:29+07:00,my-dinh-pearl,0700,home_to_work,20.44,20.44,20.44,7.15,OK
2026-08-08T08:11:29+07:00,hoang-thanh-pearl,0700,home_to_work,24.84,24.84,24.84,8.76,OK
2026-08-08T08:11:29+07:00,mipec-riverside,0700,home_to_work,30.9,30.9,30.9,9.56,OK
2026-08-08T08:11:29+07:00,sunshine-riverside,0700,home_to_work,15.92,15.92,15.92,7.89,OK
2026-08-08T08:11:29+07:00,ho-guom-plaza,0700,home_to_work,16.99,16.99,16.99,7.66,OK
2026-08-08T08:11:29+07:00,eco-green-city,0700,home_to_work,18.93,18.93,18.93,7.94,OK
2026-08-08T08:11:29+07:00,hateco-apollo,0700,home_to_work,27.14,27.14,27.14,12.54,OK
2026-08-08T08:11:29+07:00,iris-garden,0700,home_to_work,20.39,20.39,20.39,7.13,OK
2026-08-08T09:27:44+07:00,vinhomes-smart-city,0730,home_to_work,20.52,20.52,20.52,10.23,OK
2026-08-08T09:27:44+07:00,hd-mon-city,0730,home_to_work,14.54,14.54,14.54,4.91,OK
2026-08-08T09:27:44+07:00,my-dinh-pearl,0730,home_to_work,19.41,19.41,19.41,7.15,OK
2026-08-08T09:27:44+07:00,hoang-thanh-pearl,0730,home_to_work,22.19,22.19,22.19,8.76,OK
2026-08-08T09:27:44+07:00,mipec-riverside,0730,home_to_work,31.09,31.09,31.09,9.56,OK
2026-08-08T09:27:44+07:00,sunshine-riverside,0730,home_to_work,14.61,14.61,14.61,7.89,OK
2026-08-08T09:27:44+07:00,ho-guom-plaza,0730,home_to_work,19.54,19.54,19.54,7.66,OK
2026-08-08T09:27:44+07:00,eco-green-city,0730,home_to_work,21.6,21.6,21.6,7.93,OK
2026-08-08T09:27:44+07:00,hateco-apollo,0730,home_to_work,24.62,24.62,24.62,12.54,OK
2026-08-08T09:27:44+07:00,iris-garden,0730,home_to_work,18.13,18.13,18.13,7.13,OK
2026-08-08T17:57:49+07:00,vinhomes-smart-city,1730,work_to_home,18.87,18.87,18.87,9.33,OK
2026-08-08T17:57:49+07:00,hd-mon-city,1730,work_to_home,15.14,15.14,15.14,6.45,OK
2026-08-08T17:57:49+07:00,my-dinh-pearl,1730,work_to_home,21.1,21.1,21.1,8.89,OK
2026-08-08T17:57:49+07:00,hoang-thanh-pearl,1730,work_to_home,26.37,26.37,26.37,12.85,OK
2026-08-08T17:57:49+07:00,mipec-riverside,1730,work_to_home,32.49,32.49,32.49,9.91,OK
2026-08-08T17:57:49+07:00,sunshine-riverside,1730,work_to_home,20.66,20.66,20.66,9.44,OK
2026-08-08T17:57:49+07:00,ho-guom-plaza,1730,work_to_home,16.82,16.82,16.82,7.81,OK
2026-08-08T17:57:49+07:00,eco-green-city,1730,work_to_home,18.42,18.42,18.42,7.86,OK
2026-08-08T17:57:49+07:00,hateco-apollo,1730,work_to_home,25.18,25.18,25.18,12.81,OK
2026-08-08T17:57:49+07:00,iris-garden,1730,work_to_home,25.61,25.61,25.61,10.71,OK
2026-08-08T18:30:03+07:00,vinhomes-smart-city,1800,work_to_home,18.58,18.58,18.58,9.33,OK
2026-08-08T18:30:03+07:00,hd-mon-city,1800,work_to_home,14.83,14.83,14.83,6.45,OK
2026-08-08T18:30:03+07:00,my-dinh-pearl,1800,work_to_home,19.8,19.8,19.8,8.89,OK
2026-08-08T18:30:03+07:00,hoang-thanh-pearl,1800,work_to_home,24.05,24.05,24.05,11.54,OK
2026-08-08T18:30:03+07:00,mipec-riverside,1800,work_to_home,33.06,33.06,33.06,9.91,OK
2026-08-08T18:30:03+07:00,sunshine-riverside,1800,work_to_home,18.24,18.24,18.24,8.77,OK
2026-08-08T18:30:03+07:00,ho-guom-plaza,1800,work_to_home,21.0,21.0,21.0,8.22,OK
2026-08-08T18:30:03+07:00,eco-green-city,1800,work_to_home,19.57,19.57,19.57,7.86,OK
2026-08-08T18:30:03+07:00,hateco-apollo,1800,work_to_home,24.88,24.88,24.88,12.81,OK
2026-08-08T18:30:03+07:00,iris-garden,1800,work_to_home,18.35,18.35,18.35,8.2,OK
2026-08-09T08:16:20+07:00,vinhomes-smart-city,0700,home_to_work,20.3,20.3,20.3,10.24,OK
2026-08-09T08:16:20+07:00,hd-mon-city,0700,home_to_work,11.36,11.36,11.36,4.91,OK
2026-08-09T08:16:20+07:00,my-dinh-pearl,0700,home_to_work,17.13,17.13,17.13,7.15,OK
2026-08-09T08:16:20+07:00,hoang-thanh-pearl,0700,home_to_work,21.5,21.5,21.5,8.76,OK
2026-08-09T08:16:20+07:00,mipec-riverside,0700,home_to_work,31.62,31.62,31.62,9.56,OK
2026-08-09T08:16:20+07:00,sunshine-riverside,0700,home_to_work,15.09,15.09,15.09,7.89,OK
2026-08-09T08:16:20+07:00,ho-guom-plaza,0700,home_to_work,16.03,16.03,16.03,7.63,OK
2026-08-09T08:16:20+07:00,eco-green-city,0700,home_to_work,18.36,18.36,18.36,7.9,OK
2026-08-09T08:16:20+07:00,hateco-apollo,0700,home_to_work,23.89,23.89,23.89,12.54,OK
2026-08-09T08:16:20+07:00,iris-garden,0700,home_to_work,17.53,17.53,17.53,7.13,OK
2026-08-09T09:34:33+07:00,vinhomes-smart-city,0730,home_to_work,19.87,19.87,19.87,10.23,OK
2026-08-09T09:34:33+07:00,hd-mon-city,0730,home_to_work,14.12,14.12,14.12,4.91,OK
2026-08-09T09:34:33+07:00,my-dinh-pearl,0730,home_to_work,19.99,19.99,19.99,7.15,OK
2026-08-09T09:34:33+07:00,hoang-thanh-pearl,0730,home_to_work,24.75,24.75,24.75,8.76,OK
2026-08-09T09:34:33+07:00,mipec-riverside,0730,home_to_work,31.09,31.09,31.09,9.56,OK
2026-08-09T09:34:33+07:00,sunshine-riverside,0730,home_to_work,15.78,15.78,15.78,7.89,OK
2026-08-09T09:34:33+07:00,ho-guom-plaza,0730,home_to_work,16.95,16.95,16.95,7.66,OK
2026-08-09T09:34:33+07:00,eco-green-city,0730,home_to_work,17.77,17.77,17.77,7.93,OK
2026-08-09T09:34:33+07:00,hateco-apollo,0730,home_to_work,26.95,26.95,26.95,12.54,OK
2026-08-09T09:34:33+07:00,iris-garden,0730,home_to_work,20.05,20.05,20.05,7.13,OK
2026-08-09T17:59:38+07:00,vinhomes-smart-city,1730,work_to_home,18.14,18.14,18.14,9.33,OK
2026-08-09T17:59:38+07:00,hd-mon-city,1730,work_to_home,15.34,15.34,15.34,6.45,OK
2026-08-09T17:59:38+07:00,my-dinh-pearl,1730,work_to_home,19.93,19.93,19.93,9.82,OK
2026-08-09T17:59:38+07:00,hoang-thanh-pearl,1730,work_to_home,23.93,23.93,23.93,11.54,OK
2026-08-09T17:59:38+07:00,mipec-riverside,1730,work_to_home,33.03,33.03,33.03,9.91,OK
2026-08-09T17:59:38+07:00,sunshine-riverside,1730,work_to_home,19.26,19.26,19.26,9.8,OK
2026-08-09T17:59:38+07:00,ho-guom-plaza,1730,work_to_home,18.68,18.68,18.68,7.81,OK
2026-08-09T17:59:38+07:00,eco-green-city,1730,work_to_home,18.76,18.76,18.76,7.86,OK
2026-08-09T17:59:38+07:00,hateco-apollo,1730,work_to_home,24.45,24.45,24.45,12.81,OK
2026-08-09T17:59:38+07:00,iris-garden,1730,work_to_home,24.38,24.38,24.38,10.67,OK
2026-08-09T18:30:47+07:00,vinhomes-smart-city,1800,work_to_home,17.7,17.7,17.7,9.32,OK
2026-08-09T18:30:47+07:00,hd-mon-city,1800,work_to_home,15.62,15.62,15.62,6.44,OK
2026-08-09T18:30:47+07:00,my-dinh-pearl,1800,work_to_home,20.14,20.14,20.14,8.88,OK
2026-08-09T18:30:47+07:00,hoang-thanh-pearl,1800,work_to_home,25.19,25.19,25.19,12.85,OK
2026-08-09T18:30:47+07:00,mipec-riverside,1800,work_to_home,33.26,33.26,33.26,9.91,OK
2026-08-09T18:30:47+07:00,sunshine-riverside,1800,work_to_home,19.18,19.18,19.18,8.77,OK
2026-08-09T18:30:47+07:00,ho-guom-plaza,1800,work_to_home,16.44,16.44,16.44,7.8,OK
2026-08-09T18:30:47+07:00,eco-green-city,1800,work_to_home,16.64,16.64,16.64,7.86,OK
2026-08-09T18:30:47+07:00,hateco-apollo,1800,work_to_home,24.0,24.0,24.0,12.8,OK
2026-08-09T18:30:47+07:00,iris-garden,1800,work_to_home,20.02,20.02,20.02,8.2,OK
2026-08-10T08:18:07+07:00,vinhomes-smart-city,0700,home_to_work,23.89,23.89,23.89,10.24,OK
2026-08-10T08:18:07+07:00,hd-mon-city,0700,home_to_work,14.78,14.78,14.78,4.91,OK
2026-08-10T08:18:07+07:00,my-dinh-pearl,0700,home_to_work,20.33,20.33,20.33,7.23,OK
2026-08-10T08:18:07+07:00,hoang-thanh-pearl,0700,home_to_work,29.09,29.09,29.09,8.76,OK
2026-08-10T08:18:07+07:00,mipec-riverside,0700,home_to_work,33.98,33.98,33.98,9.7,OK
2026-08-10T08:18:07+07:00,sunshine-riverside,0700,home_to_work,16.45,16.45,16.45,7.89,OK
2026-08-10T08:18:07+07:00,ho-guom-plaza,0700,home_to_work,18.68,18.68,18.68,7.67,OK
2026-08-10T08:18:07+07:00,eco-green-city,0700,home_to_work,23.87,23.87,23.87,7.94,OK
2026-08-10T08:18:07+07:00,hateco-apollo,0700,home_to_work,31.3,31.3,31.3,12.54,OK
2026-08-10T08:18:07+07:00,iris-garden,0700,home_to_work,25.12,25.12,25.12,7.13,OK
2026-08-10T09:40:13+07:00,vinhomes-smart-city,0730,home_to_work,22.54,22.54,22.54,10.24,OK
2026-08-10T09:40:13+07:00,hd-mon-city,0730,home_to_work,11.86,11.86,11.86,4.91,OK
2026-08-10T09:40:13+07:00,my-dinh-pearl,0730,home_to_work,16.77,16.77,16.77,7.15,OK
2026-08-10T09:40:13+07:00,hoang-thanh-pearl,0730,home_to_work,20.31,20.31,20.31,10.68,OK
2026-08-10T09:40:13+07:00,mipec-riverside,0730,home_to_work,33.97,33.97,33.97,9.56,OK
2026-08-10T09:40:13+07:00,sunshine-riverside,0730,home_to_work,17.18,17.18,17.18,7.89,OK
2026-08-10T09:40:13+07:00,ho-guom-plaza,0730,home_to_work,20.0,20.0,20.0,7.66,OK
2026-08-10T09:40:13+07:00,eco-green-city,0730,home_to_work,23.58,23.58,23.58,7.94,OK
2026-08-10T09:40:13+07:00,hateco-apollo,0730,home_to_work,22.06,22.06,22.06,12.54,OK
2026-08-10T09:40:13+07:00,iris-garden,0730,home_to_work,15.59,15.59,15.59,7.13,OK
2026-08-10T18:28:54+07:00,vinhomes-smart-city,1730,work_to_home,21.65,21.65,21.65,9.32,OK
2026-08-10T18:28:54+07:00,hd-mon-city,1730,work_to_home,21.65,21.65,21.65,6.31,OK
2026-08-10T18:28:54+07:00,my-dinh-pearl,1730,work_to_home,27.21,27.21,27.21,8.49,OK
2026-08-10T18:28:54+07:00,hoang-thanh-pearl,1730,work_to_home,29.14,29.14,29.14,12.85,OK
2026-08-10T18:28:54+07:00,mipec-riverside,1730,work_to_home,33.3,33.3,33.3,9.91,OK
2026-08-10T18:28:54+07:00,sunshine-riverside,1730,work_to_home,23.48,23.48,23.48,8.77,OK
2026-08-10T18:28:54+07:00,ho-guom-plaza,1730,work_to_home,24.56,24.56,24.56,7.8,OK
2026-08-10T18:28:54+07:00,eco-green-city,1730,work_to_home,24.69,24.69,24.69,7.86,OK
2026-08-10T18:28:54+07:00,hateco-apollo,1730,work_to_home,27.95,27.95,27.95,12.8,OK
2026-08-10T18:28:54+07:00,iris-garden,1730,work_to_home,25.62,25.62,25.62,8.2,OK
2026-08-10T18:48:42+07:00,vinhomes-smart-city,1800,work_to_home,22.13,22.13,22.13,9.32,OK
2026-08-10T18:48:42+07:00,hd-mon-city,1800,work_to_home,16.54,16.54,16.54,6.44,OK
2026-08-10T18:48:42+07:00,my-dinh-pearl,1800,work_to_home,22.84,22.84,22.84,8.88,OK
2026-08-10T18:48:42+07:00,hoang-thanh-pearl,1800,work_to_home,23.58,23.58,23.58,10.28,OK
2026-08-10T18:48:42+07:00,mipec-riverside,1800,work_to_home,34.65,34.65,34.65,9.91,OK
2026-08-10T18:48:42+07:00,sunshine-riverside,1800,work_to_home,21.16,21.16,21.16,8.77,OK
2026-08-10T18:48:42+07:00,ho-guom-plaza,1800,work_to_home,23.31,23.31,23.31,8.22,OK
2026-08-10T18:48:42+07:00,eco-green-city,1800,work_to_home,23.02,23.02,23.02,7.86,OK
2026-08-10T18:48:42+07:00,hateco-apollo,1800,work_to_home,28.43,28.43,28.43,12.8,OK
2026-08-10T18:48:42+07:00,iris-garden,1800,work_to_home,19.55,19.55,19.55,8.2,OK
2026-08-11T08:16:21+07:00,vinhomes-smart-city,0700,home_to_work,24.46,24.46,24.46,10.23,OK
2026-08-11T08:16:21+07:00,hd-mon-city,0700,home_to_work,17.82,17.82,17.82,4.91,OK
2026-08-11T08:16:21+07:00,my-dinh-pearl,0700,home_to_work,21.02,21.02,21.02,7.86,OK
2026-08-11T08:16:21+07:00,hoang-thanh-pearl,0700,home_to_work,27.63,27.63,27.63,8.76,OK
2026-08-11T08:16:21+07:00,mipec-riverside,0700,home_to_work,31.45,31.45,31.45,9.56,OK
2026-08-11T08:16:21+07:00,sunshine-riverside,0700,home_to_work,17.17,17.17,17.17,7.89,OK
2026-08-11T08:16:21+07:00,ho-guom-plaza,0700,home_to_work,20.67,20.67,20.67,7.66,OK
2026-08-11T08:16:21+07:00,eco-green-city,0700,home_to_work,18.68,18.68,18.68,7.93,OK
2026-08-11T08:16:21+07:00,hateco-apollo,0700,home_to_work,29.83,29.83,29.83,12.54,OK
2026-08-11T08:16:21+07:00,iris-garden,0700,home_to_work,23.43,23.43,23.43,7.13,OK
2026-08-11T09:34:07+07:00,vinhomes-smart-city,0730,home_to_work,24.96,24.96,24.96,10.23,OK
2026-08-11T09:34:07+07:00,hd-mon-city,0730,home_to_work,18.35,18.35,18.35,4.91,OK
2026-08-11T09:34:07+07:00,my-dinh-pearl,0730,home_to_work,23.58,23.58,23.58,9.41,OK
2026-08-11T09:34:07+07:00,hoang-thanh-pearl,0730,home_to_work,26.79,26.79,26.79,8.76,OK
2026-08-11T09:34:07+07:00,mipec-riverside,0730,home_to_work,32.79,32.79,32.79,9.56,OK
2026-08-11T09:34:07+07:00,sunshine-riverside,0730,home_to_work,16.53,16.53,16.53,7.89,OK
2026-08-11T09:34:07+07:00,ho-guom-plaza,0730,home_to_work,17.89,17.89,17.89,7.66,OK
2026-08-11T09:34:07+07:00,eco-green-city,0730,home_to_work,19.9,19.9,19.9,7.93,OK
2026-08-11T09:34:07+07:00,hateco-apollo,0730,home_to_work,29.17,29.17,29.17,12.54,OK
2026-08-11T09:34:07+07:00,iris-garden,0730,home_to_work,22.81,22.81,22.81,7.13,OK
2026-08-11T18:11:27+07:00,vinhomes-smart-city,1730,work_to_home,24.37,24.37,24.37,9.32,OK
2026-08-11T18:11:27+07:00,hd-mon-city,1730,work_to_home,15.86,15.86,15.86,6.44,OK
2026-08-11T18:11:27+07:00,my-dinh-pearl,1730,work_to_home,25.71,25.71,25.71,8.88,OK
2026-08-11T18:11:27+07:00,hoang-thanh-pearl,1730,work_to_home,26.72,26.72,26.72,10.28,OK
2026-08-11T18:11:27+07:00,mipec-riverside,1730,work_to_home,34.09,34.09,34.09,9.91,OK
2026-08-11T18:11:27+07:00,sunshine-riverside,1730,work_to_home,18.18,18.18,18.18,9.8,OK
2026-08-11T18:11:27+07:00,ho-guom-plaza,1730,work_to_home,20.36,20.36,20.36,8.22,OK
2026-08-11T18:11:27+07:00,eco-green-city,1730,work_to_home,22.55,22.55,22.55,7.86,OK
2026-08-11T18:11:27+07:00,hateco-apollo,1730,work_to_home,30.67,30.67,30.67,12.8,OK
2026-08-11T18:11:27+07:00,iris-garden,1730,work_to_home,22.38,22.38,22.38,8.2,OK
2026-08-11T18:44:45+07:00,vinhomes-smart-city,1800,work_to_home,25.84,25.84,25.84,9.32,OK
2026-08-11T18:44:45+07:00,hd-mon-city,1800,work_to_home,18.27,18.27,18.27,6.44,OK
2026-08-11T18:44:45+07:00,my-dinh-pearl,1800,work_to_home,27.44,27.44,27.44,8.88,OK
2026-08-11T18:44:45+07:00,hoang-thanh-pearl,1800,work_to_home,25.68,25.68,25.68,10.28,OK
2026-08-11T18:44:45+07:00,mipec-riverside,1800,work_to_home,33.7,33.7,33.7,9.91,OK
2026-08-11T18:44:45+07:00,sunshine-riverside,1800,work_to_home,18.4,18.4,18.4,8.77,OK
2026-08-11T18:44:45+07:00,ho-guom-plaza,1800,work_to_home,25.68,25.68,25.68,8.22,OK
2026-08-11T18:44:45+07:00,eco-green-city,1800,work_to_home,26.08,26.08,26.08,7.86,OK
2026-08-11T18:44:45+07:00,hateco-apollo,1800,work_to_home,32.14,32.14,32.14,12.8,OK
2026-08-11T18:44:45+07:00,iris-garden,1800,work_to_home,21.45,21.45,21.45,8.2,OK
2026-08-12T08:24:22+07:00,vinhomes-smart-city,0700,home_to_work,26.11,26.11,26.11,10.27,OK
2026-08-12T08:24:22+07:00,hd-mon-city,0700,home_to_work,17.62,17.62,17.62,4.91,OK
2026-08-12T08:24:22+07:00,my-dinh-pearl,0700,home_to_work,21.22,21.22,21.22,7.77,OK
2026-08-12T08:24:22+07:00,hoang-thanh-pearl,0700,home_to_work,28.07,28.07,28.07,8.76,OK
2026-08-12T08:24:22+07:00,mipec-riverside,0700,home_to_work,32.88,32.88,32.88,9.56,OK
2026-08-12T08:24:22+07:00,sunshine-riverside,0700,home_to_work,15.53,15.53,15.53,7.89,OK
2026-08-12T08:24:22+07:00,ho-guom-plaza,0700,home_to_work,21.58,21.58,21.58,7.66,OK
2026-08-12T08:24:22+07:00,eco-green-city,0700,home_to_work,21.37,21.37,21.37,7.93,OK
2026-08-12T08:24:22+07:00,hateco-apollo,0700,home_to_work,30.47,30.47,30.47,12.54,OK
2026-08-12T08:24:22+07:00,iris-garden,0700,home_to_work,24.1,24.1,24.1,7.13,OK
2026-08-12T10:03:24+07:00,vinhomes-smart-city,0730,home_to_work,22.92,22.92,22.92,10.23,OK
2026-08-12T10:03:24+07:00,hd-mon-city,0730,home_to_work,13.88,13.88,13.88,4.91,OK
2026-08-12T10:03:24+07:00,my-dinh-pearl,0730,home_to_work,18.42,18.42,18.42,7.15,OK
2026-08-12T10:03:24+07:00,hoang-thanh-pearl,0730,home_to_work,21.12,21.12,21.12,8.76,OK
2026-08-12T10:03:24+07:00,mipec-riverside,0730,home_to_work,31.48,31.48,31.48,9.56,OK
2026-08-12T10:03:24+07:00,sunshine-riverside,0730,home_to_work,16.12,16.12,16.12,7.89,OK
2026-08-12T10:03:24+07:00,ho-guom-plaza,0730,home_to_work,18.79,18.79,18.79,7.66,OK
2026-08-12T10:03:24+07:00,eco-green-city,0730,home_to_work,22.24,22.24,22.24,7.93,OK
2026-08-12T10:03:24+07:00,hateco-apollo,0730,home_to_work,23.32,23.32,23.32,12.54,OK
2026-08-12T10:03:24+07:00,iris-garden,0730,home_to_work,17.14,17.14,17.14,7.13,OK
2026-08-12T18:14:20+07:00,vinhomes-smart-city,1730,work_to_home,19.72,19.72,19.72,9.32,OK
2026-08-12T18:14:20+07:00,hd-mon-city,1730,work_to_home,15.16,15.16,15.16,6.44,OK
2026-08-12T18:14:20+07:00,my-dinh-pearl,1730,work_to_home,22.13,22.13,22.13,8.88,OK
2026-08-12T18:14:20+07:00,hoang-thanh-pearl,1730,work_to_home,27.23,27.23,27.23,11.53,OK
2026-08-12T18:14:20+07:00,mipec-riverside,1730,work_to_home,32.65,32.65,32.65,9.91,OK
2026-08-12T18:14:20+07:00,sunshine-riverside,1730,work_to_home,18.53,18.53,18.53,9.8,OK
2026-08-12T18:14:20+07:00,ho-guom-plaza,1730,work_to_home,24.02,24.02,24.02,8.22,OK
2026-08-12T18:14:20+07:00,eco-green-city,1730,work_to_home,23.57,23.57,23.57,7.73,OK
2026-08-12T18:14:20+07:00,hateco-apollo,1730,work_to_home,26.02,26.02,26.02,12.8,OK
2026-08-12T18:14:20+07:00,iris-garden,1730,work_to_home,22.66,22.66,22.66,8.2,OK
2026-08-12T18:48:19+07:00,vinhomes-smart-city,1800,work_to_home,18.64,18.64,18.64,9.33,OK
2026-08-12T18:48:19+07:00,hd-mon-city,1800,work_to_home,18.1,18.1,18.1,6.45,OK
2026-08-12T18:48:19+07:00,my-dinh-pearl,1800,work_to_home,21.28,21.28,21.28,8.89,OK
2026-08-12T18:48:19+07:00,hoang-thanh-pearl,1800,work_to_home,26.9,26.9,26.9,10.33,OK
2026-08-12T18:48:19+07:00,mipec-riverside,1800,work_to_home,32.71,32.71,32.71,9.91,OK
2026-08-12T18:48:19+07:00,sunshine-riverside,1800,work_to_home,21.58,21.58,21.58,8.78,OK
2026-08-12T18:48:19+07:00,ho-guom-plaza,1800,work_to_home,21.74,21.74,21.74,7.81,OK
2026-08-12T18:48:19+07:00,eco-green-city,1800,work_to_home,18.92,18.92,18.92,7.87,OK
2026-08-12T18:48:19+07:00,hateco-apollo,1800,work_to_home,24.95,24.95,24.95,12.81,OK
2026-08-12T18:48:19+07:00,iris-garden,1800,work_to_home,21.57,21.57,21.57,8.2,OK
2026-08-13T08:26:01+07:00,vinhomes-smart-city,0700,home_to_work,26.79,26.79,26.79,10.24,OK
2026-08-13T08:26:01+07:00,hd-mon-city,0700,home_to_work,10.86,10.86,10.86,4.91,OK
2026-08-13T08:26:01+07:00,my-dinh-pearl,0700,home_to_work,16.93,16.93,16.93,7.15,OK
2026-08-13T08:26:01+07:00,hoang-thanh-pearl,0700,home_to_work,20.43,20.43,20.43,8.76,OK
2026-08-13T08:26:01+07:00,mipec-riverside,0700,home_to_work,32.68,32.68,32.68,9.56,OK
2026-08-13T08:26:01+07:00,sunshine-riverside,0700,home_to_work,15.4,15.4,15.4,7.89,OK
2026-08-13T08:26:01+07:00,ho-guom-plaza,0700,home_to_work,20.47,20.47,20.47,7.63,OK
2026-08-13T08:26:01+07:00,eco-green-city,0700,home_to_work,23.45,23.45,23.45,7.91,OK
2026-08-13T08:26:01+07:00,hateco-apollo,0700,home_to_work,22.69,22.69,22.69,12.54,OK
2026-08-13T08:26:01+07:00,iris-garden,0700,home_to_work,16.38,16.38,16.38,7.13,OK
2026-08-13T10:06:53+07:00,vinhomes-smart-city,0730,home_to_work,20.42,20.42,20.42,10.23,OK
2026-08-13T10:06:53+07:00,hd-mon-city,0730,home_to_work,10.49,10.49,10.49,4.91,OK
2026-08-13T10:06:53+07:00,my-dinh-pearl,0730,home_to_work,15.44,15.44,15.44,7.15,OK
2026-08-13T10:06:53+07:00,hoang-thanh-pearl,0730,home_to_work,20.47,20.47,20.47,8.76,OK
2026-08-13T10:06:53+07:00,mipec-riverside,0730,home_to_work,31.74,31.74,31.74,9.57,OK
2026-08-13T10:06:53+07:00,sunshine-riverside,0730,home_to_work,14.54,14.54,14.54,7.89,OK
2026-08-13T10:06:53+07:00,ho-guom-plaza,0730,home_to_work,17.03,17.03,17.03,7.66,OK
2026-08-13T10:06:53+07:00,eco-green-city,0730,home_to_work,19.03,19.03,19.03,7.93,OK
2026-08-13T10:06:53+07:00,hateco-apollo,0730,home_to_work,23.5,23.5,23.5,12.54,OK
2026-08-13T10:06:53+07:00,iris-garden,0730,home_to_work,15.53,15.53,15.53,7.13,OK
2026-08-13T18:14:32+07:00,vinhomes-smart-city,1730,work_to_home,18.17,18.17,18.17,9.33,OK
2026-08-13T18:14:32+07:00,hd-mon-city,1730,work_to_home,13.83,13.83,13.83,6.45,OK
2026-08-13T18:14:32+07:00,my-dinh-pearl,1730,work_to_home,19.6,19.6,19.6,8.89,OK
2026-08-13T18:14:32+07:00,hoang-thanh-pearl,1730,work_to_home,23.23,23.23,23.23,11.54,OK
2026-08-13T18:14:32+07:00,mipec-riverside,1730,work_to_home,32.79,32.79,32.79,9.91,OK
2026-08-13T18:14:32+07:00,sunshine-riverside,1730,work_to_home,19.38,19.38,19.38,8.77,OK
2026-08-13T18:14:32+07:00,ho-guom-plaza,1730,work_to_home,17.77,17.77,17.77,7.81,OK
2026-08-13T18:14:32+07:00,eco-green-city,1730,work_to_home,18.49,18.49,18.49,7.87,OK
2026-08-13T18:14:32+07:00,hateco-apollo,1730,work_to_home,24.47,24.47,24.47,12.81,OK
2026-08-13T18:14:32+07:00,iris-garden,1730,work_to_home,21.91,21.91,21.91,8.2,OK
2026-08-13T18:49:16+07:00,vinhomes-smart-city,1800,work_to_home,21.23,21.23,21.23,9.32,OK
2026-08-13T18:49:16+07:00,hd-mon-city,1800,work_to_home,14.29,14.29,14.29,6.44,OK
2026-08-13T18:49:16+07:00,my-dinh-pearl,1800,work_to_home,22.81,22.81,22.81,8.88,OK
2026-08-13T18:49:16+07:00,hoang-thanh-pearl,1800,work_to_home,27.13,27.13,27.13,11.53,OK
2026-08-13T18:49:16+07:00,mipec-riverside,1800,work_to_home,32.75,32.75,32.75,9.91,OK
2026-08-13T18:49:16+07:00,sunshine-riverside,1800,work_to_home,21.07,21.07,21.07,9.8,OK
2026-08-13T18:49:16+07:00,ho-guom-plaza,1800,work_to_home,19.58,19.58,19.58,7.8,OK
2026-08-13T18:49:16+07:00,eco-green-city,1800,work_to_home,21.09,21.09,21.09,7.86,OK
2026-08-13T18:49:16+07:00,hateco-apollo,1800,work_to_home,27.54,27.54,27.54,12.8,OK
2026-08-13T18:49:16+07:00,iris-garden,1800,work_to_home,20.32,20.32,20.32,8.2,OK
2026-08-14T08:25:19+07:00,vinhomes-smart-city,0700,home_to_work,21.72,21.72,21.72,10.27,OK
2026-08-14T08:25:19+07:00,hd-mon-city,0700,home_to_work,10.64,10.64,10.64,4.91,OK
2026-08-14T08:25:19+07:00,my-dinh-pearl,0700,home_to_work,15.59,15.59,15.59,7.15,OK
2026-08-14T08:25:19+07:00,hoang-thanh-pearl,0700,home_to_work,18.33,18.33,18.33,8.76,OK
2026-08-14T08:25:19+07:00,mipec-riverside,0700,home_to_work,32.27,32.27,32.27,9.56,OK
2026-08-14T08:25:19+07:00,sunshine-riverside,0700,home_to_work,16.73,16.73,16.73,7.89,OK
2026-08-14T08:25:19+07:00,ho-guom-plaza,0700,home_to_work,18.03,18.03,18.03,7.66,OK
2026-08-14T08:25:19+07:00,eco-green-city,0700,home_to_work,16.34,16.34,16.34,7.93,OK
2026-08-14T08:25:19+07:00,hateco-apollo,0700,home_to_work,20.54,20.54,20.54,12.54,OK
2026-08-14T08:25:19+07:00,iris-garden,0700,home_to_work,14.36,14.36,14.36,7.13,OK
2026-08-14T10:05:32+07:00,vinhomes-smart-city,0730,home_to_work,21.93,21.93,21.93,10.23,OK
2026-08-14T10:05:32+07:00,hd-mon-city,0730,home_to_work,11.76,11.76,11.76,4.91,OK
2026-08-14T10:05:32+07:00,my-dinh-pearl,0730,home_to_work,16.86,16.86,16.86,7.23,OK
2026-08-14T10:05:32+07:00,hoang-thanh-pearl,0730,home_to_work,19.67,19.67,19.67,8.76,OK
2026-08-14T10:05:32+07:00,mipec-riverside,0730,home_to_work,30.96,30.96,30.96,9.56,OK
2026-08-14T10:05:32+07:00,sunshine-riverside,0730,home_to_work,14.56,14.56,14.56,7.89,OK
2026-08-14T10:05:32+07:00,ho-guom-plaza,0730,home_to_work,20.76,20.76,20.76,7.63,OK
2026-08-14T10:05:32+07:00,eco-green-city,0730,home_to_work,24.15,24.15,24.15,7.9,OK
2026-08-14T10:05:32+07:00,hateco-apollo,0730,home_to_work,22.27,22.27,22.27,12.54,OK
2026-08-14T10:05:32+07:00,iris-garden,0730,home_to_work,15.7,15.7,15.7,7.13,OK
2026-08-14T18:12:40+07:00,vinhomes-smart-city,1730,work_to_home,20.35,20.35,20.35,9.33,OK
2026-08-14T18:12:40+07:00,hd-mon-city,1730,work_to_home,14.02,14.02,14.02,6.45,OK
2026-08-14T18:12:40+07:00,my-dinh-pearl,1730,work_to_home,24.41,24.41,24.41,8.89,OK
2026-08-14T18:12:40+07:00,hoang-thanh-pearl,1730,work_to_home,29.28,29.28,29.28,11.54,OK
2026-08-14T18:12:40+07:00,mipec-riverside,1730,work_to_home,32.22,32.22,32.22,9.91,OK
2026-08-14T18:12:40+07:00,sunshine-riverside,1730,work_to_home,20.93,20.93,20.93,8.77,OK
2026-08-14T18:12:40+07:00,ho-guom-plaza,1730,work_to_home,20.39,20.39,20.39,7.83,OK
2026-08-14T18:12:40+07:00,eco-green-city,1730,work_to_home,22.51,22.51,22.51,7.89,OK
2026-08-14T18:12:40+07:00,hateco-apollo,1730,work_to_home,26.65,26.65,26.65,12.81,OK
2026-08-14T18:12:40+07:00,iris-garden,1730,work_to_home,23.28,23.28,23.28,8.2,OK
2026-08-14T18:44:53+07:00,vinhomes-smart-city,1800,work_to_home,20.28,20.28,20.28,9.32,OK
2026-08-14T18:44:53+07:00,hd-mon-city,1800,work_to_home,13.59,13.59,13.59,6.44,OK
2026-08-14T18:44:53+07:00,my-dinh-pearl,1800,work_to_home,20.68,20.68,20.68,8.88,OK
2026-08-14T18:44:53+07:00,hoang-thanh-pearl,1800,work_to_home,25.08,25.08,25.08,11.53,OK
2026-08-14T18:44:53+07:00,mipec-riverside,1800,work_to_home,33.09,33.09,33.09,9.91,OK
2026-08-14T18:44:53+07:00,sunshine-riverside,1800,work_to_home,19.83,19.83,19.83,8.69,OK
2026-08-14T18:44:53+07:00,ho-guom-plaza,1800,work_to_home,21.46,21.46,21.46,7.8,OK
2026-08-14T18:44:53+07:00,eco-green-city,1800,work_to_home,19.15,19.15,19.15,7.86,OK
2026-08-14T18:44:53+07:00,hateco-apollo,1800,work_to_home,26.58,26.58,26.58,12.8,OK
2026-08-14T18:44:53+07:00,iris-garden,1800,work_to_home,18.52,18.52,18.52,8.2,OK
2026-08-15T07:55:26+07:00,vinhomes-smart-city,0700,home_to_work,19.87,19.87,19.87,10.23,OK
2026-08-15T07:55:26+07:00,hd-mon-city,0700,home_to_work,10.62,10.62,10.62,4.91,OK
2026-08-15T07:55:26+07:00,my-dinh-pearl,0700,home_to_work,15.57,15.57,15.57,7.15,OK
2026-08-15T07:55:26+07:00,hoang-thanh-pearl,0700,home_to_work,18.36,18.36,18.36,8.76,OK
2026-08-15T07:55:26+07:00,mipec-riverside,0700,home_to_work,30.66,30.66,30.66,9.56,OK
2026-08-15T07:55:26+07:00,sunshine-riverside,0700,home_to_work,14.64,14.64,14.64,7.89,OK
2026-08-15T07:55:26+07:00,ho-guom-plaza,0700,home_to_work,15.93,15.93,15.93,7.66,OK
2026-08-15T07:55:26+07:00,eco-green-city,0700,home_to_work,17.18,17.18,17.18,7.93,OK
2026-08-15T07:55:26+07:00,hateco-apollo,0700,home_to_work,20.93,20.93,20.93,12.54,OK
2026-08-15T07:55:26+07:00,iris-garden,0700,home_to_work,14.38,14.38,14.38,7.13,OK
2026-08-15T08:55:50+07:00,vinhomes-smart-city,0730,home_to_work,20.92,20.92,20.92,10.23,OK
2026-08-15T08:55:50+07:00,hd-mon-city,0730,home_to_work,11.92,11.92,11.92,4.91,OK
2026-08-15T08:55:50+07:00,my-dinh-pearl,0730,home_to_work,18.32,18.32,18.32,7.15,OK
2026-08-15T08:55:50+07:00,hoang-thanh-pearl,0730,home_to_work,22.5,22.5,22.5,8.76,OK
2026-08-15T08:55:50+07:00,mipec-riverside,0730,home_to_work,30.7,30.7,30.7,9.56,OK
2026-08-15T08:55:50+07:00,sunshine-riverside,0730,home_to_work,15.03,15.03,15.03,7.89,OK
2026-08-15T08:55:50+07:00,ho-guom-plaza,0730,home_to_work,17.63,17.63,17.63,7.66,OK
2026-08-15T08:55:50+07:00,eco-green-city,0730,home_to_work,22.82,22.82,22.82,7.93,OK
2026-08-15T08:55:50+07:00,hateco-apollo,0730,home_to_work,25.07,25.07,25.07,12.54,OK
2026-08-15T08:55:50+07:00,iris-garden,0730,home_to_work,18.52,18.52,18.52,7.13,OK
2026-08-15T17:45:14+07:00,vinhomes-smart-city,1730,work_to_home,17.81,17.81,17.81,9.33,OK
2026-08-15T17:45:14+07:00,hd-mon-city,1730,work_to_home,13.28,13.28,13.28,6.45,OK
2026-08-15T17:45:14+07:00,my-dinh-pearl,1730,work_to_home,18.7,18.7,18.7,8.89,OK
2026-08-15T17:45:14+07:00,hoang-thanh-pearl,1730,work_to_home,22.62,22.62,22.62,11.54,OK
2026-08-15T17:45:14+07:00,mipec-riverside,1730,work_to_home,31.35,31.35,31.35,9.91,OK
2026-08-15T17:45:14+07:00,sunshine-riverside,1730,work_to_home,19.72,19.72,19.72,9.81,OK
2026-08-15T17:45:14+07:00,ho-guom-plaza,1730,work_to_home,17.28,17.28,17.28,7.81,OK
2026-08-15T17:45:14+07:00,eco-green-city,1730,work_to_home,18.04,18.04,18.04,7.87,OK
2026-08-15T17:45:14+07:00,hateco-apollo,1730,work_to_home,24.24,24.24,24.24,12.81,OK
2026-08-15T17:45:14+07:00,iris-garden,1730,work_to_home,18.34,18.34,18.34,8.2,OK
2026-08-15T18:21:31+07:00,vinhomes-smart-city,1800,work_to_home,20.41,20.41,20.41,9.33,OK
2026-08-15T18:21:31+07:00,hd-mon-city,1800,work_to_home,13.44,13.44,13.44,6.44,OK
2026-08-15T18:21:31+07:00,my-dinh-pearl,1800,work_to_home,19.77,19.77,19.77,8.88,OK
2026-08-15T18:21:31+07:00,hoang-thanh-pearl,1800,work_to_home,24.09,24.09,24.09,11.53,OK
2026-08-15T18:21:31+07:00,mipec-riverside,1800,work_to_home,34.61,34.61,34.61,9.91,OK
2026-08-15T18:21:31+07:00,sunshine-riverside,1800,work_to_home,20.45,20.45,20.45,9.8,OK
2026-08-15T18:21:31+07:00,ho-guom-plaza,1800,work_to_home,20.88,20.88,20.88,8.22,OK
2026-08-15T18:21:31+07:00,eco-green-city,1800,work_to_home,19.78,19.78,19.78,8.03,OK
2026-08-15T18:21:31+07:00,hateco-apollo,1800,work_to_home,26.96,26.96,26.96,12.81,OK
2026-08-15T18:21:31+07:00,iris-garden,1800,work_to_home,20.14,20.14,20.14,8.2,OK
2026-08-16T07:58:31+07:00,vinhomes-smart-city,0700,home_to_work,19.48,19.48,19.48,10.23,OK
2026-08-16T07:58:31+07:00,hd-mon-city,0700,home_to_work,10.06,10.06,10.06,4.91,OK
2026-08-16T07:58:31+07:00,my-dinh-pearl,0700,home_to_work,15.02,15.02,15.02,7.15,OK
2026-08-16T07:58:31+07:00,hoang-thanh-pearl,0700,home_to_work,17.69,17.69,17.69,8.76,OK
2026-08-16T07:58:31+07:00,mipec-riverside,0700,home_to_work,30.3,30.3,30.3,9.56,OK
2026-08-16T07:58:31+07:00,sunshine-riverside,0700,home_to_work,14.09,14.09,14.09,7.89,OK
2026-08-16T07:58:31+07:00,ho-guom-plaza,0700,home_to_work,14.39,14.39,14.39,7.63,OK
2026-08-16T07:58:31+07:00,eco-green-city,0700,home_to_work,16.38,16.38,16.38,7.9,OK
2026-08-16T07:58:31+07:00,hateco-apollo,0700,home_to_work,21.27,21.27,21.27,12.54,OK
2026-08-16T07:58:31+07:00,iris-garden,0700,home_to_work,13.53,13.53,13.53,7.13,OK
2026-08-16T09:05:11+07:00,vinhomes-smart-city,0730,home_to_work,20.52,20.52,20.52,10.23,OK
2026-08-16T09:05:11+07:00,hd-mon-city,0730,home_to_work,12.59,12.59,12.59,4.91,OK
2026-08-16T09:05:11+07:00,my-dinh-pearl,0730,home_to_work,18.09,18.09,18.09,7.15,OK
2026-08-16T09:05:11+07:00,hoang-thanh-pearl,0730,home_to_work,21.28,21.28,21.28,8.76,OK
2026-08-16T09:05:11+07:00,mipec-riverside,0730,home_to_work,30.3,30.3,30.3,9.56,OK
2026-08-16T09:05:11+07:00,sunshine-riverside,0730,home_to_work,15.75,15.75,15.75,7.89,OK
2026-08-16T09:05:11+07:00,ho-guom-plaza,0730,home_to_work,16.59,16.59,16.59,7.63,OK
2026-08-16T09:05:11+07:00,eco-green-city,0730,home_to_work,17.1,17.1,17.1,7.9,OK
2026-08-16T09:05:11+07:00,hateco-apollo,0730,home_to_work,23.48,23.48,23.48,12.54,OK
2026-08-16T09:05:11+07:00,iris-garden,0730,home_to_work,17.3,17.3,17.3,7.13,OK
2026-08-16T17:45:49+07:00,vinhomes-smart-city,1730,work_to_home,20.23,20.23,20.23,9.33,OK
2026-08-16T17:45:49+07:00,hd-mon-city,1730,work_to_home,16.06,16.06,16.06,6.45,OK
2026-08-16T17:45:49+07:00,my-dinh-pearl,1730,work_to_home,20.86,20.86,20.86,8.89,OK
2026-08-16T17:45:49+07:00,hoang-thanh-pearl,1730,work_to_home,26.8,26.8,26.8,11.55,OK
2026-08-16T17:45:49+07:00,mipec-riverside,1730,work_to_home,31.69,31.69,31.69,9.91,OK
2026-08-16T17:45:49+07:00,sunshine-riverside,1730,work_to_home,19.43,19.43,19.43,9.8,OK
2026-08-16T17:45:49+07:00,ho-guom-plaza,1730,work_to_home,19.38,19.38,19.38,7.81,OK
2026-08-16T17:45:49+07:00,eco-green-city,1730,work_to_home,21.76,21.76,21.76,7.87,OK
2026-08-16T17:45:49+07:00,hateco-apollo,1730,work_to_home,26.53,26.53,26.53,12.81,OK
2026-08-16T17:45:49+07:00,iris-garden,1730,work_to_home,17.21,17.21,17.21,8.2,OK
2026-08-16T18:21:50+07:00,vinhomes-smart-city,1800,work_to_home,18.25,18.25,18.25,9.33,OK
2026-08-16T18:21:50+07:00,hd-mon-city,1800,work_to_home,14.15,14.15,14.15,6.45,OK
2026-08-16T18:21:50+07:00,my-dinh-pearl,1800,work_to_home,20.58,20.58,20.58,8.89,OK
2026-08-16T18:21:50+07:00,hoang-thanh-pearl,1800,work_to_home,26.17,26.17,26.17,12.85,OK
2026-08-16T18:21:50+07:00,mipec-riverside,1800,work_to_home,32.21,32.21,32.21,9.91,OK
2026-08-16T18:21:50+07:00,sunshine-riverside,1800,work_to_home,19.04,19.04,19.04,8.77,OK
2026-08-16T18:21:50+07:00,ho-guom-plaza,1800,work_to_home,17.38,17.38,17.38,7.81,OK
2026-08-16T18:21:50+07:00,eco-green-city,1800,work_to_home,19.38,19.38,19.38,7.87,OK
2026-08-16T18:21:50+07:00,hateco-apollo,1800,work_to_home,25.22,25.22,25.22,12.81,OK
2026-08-16T18:21:50+07:00,iris-garden,1800,work_to_home,22.66,22.66,22.66,10.71,OK
2026-08-17T07:56:37+07:00,vinhomes-smart-city,0700,home_to_work,21.35,21.35,21.35,10.27,OK
2026-08-17T07:56:37+07:00,hd-mon-city,0700,home_to_work,10.98,10.98,10.98,4.91,OK
2026-08-17T07:56:37+07:00,my-dinh-pearl,0700,home_to_work,15.93,15.93,15.93,7.15,OK
2026-08-17T07:56:37+07:00,hoang-thanh-pearl,0700,home_to_work,20.17,20.17,20.17,8.76,OK
2026-08-17T07:56:37+07:00,mipec-riverside,0700,home_to_work,33.33,33.33,33.33,9.56,OK
2026-08-17T07:56:37+07:00,sunshine-riverside,0700,home_to_work,18.88,18.88,18.88,7.89,OK
2026-08-17T07:56:37+07:00,ho-guom-plaza,0700,home_to_work,17.27,17.27,17.27,7.63,OK
2026-08-17T07:56:37+07:00,eco-green-city,0700,home_to_work,23.39,23.39,23.39,7.9,OK
2026-08-17T07:56:37+07:00,hateco-apollo,0700,home_to_work,22.37,22.37,22.37,12.54,OK
2026-08-17T07:56:37+07:00,iris-garden,0700,home_to_work,15.97,15.97,15.97,7.13,OK
2026-08-17T09:01:41+07:00,vinhomes-smart-city,0730,home_to_work,22.73,22.73,22.73,10.27,OK
2026-08-17T09:01:41+07:00,hd-mon-city,0730,home_to_work,10.84,10.84,10.84,4.91,OK
2026-08-17T09:01:41+07:00,my-dinh-pearl,0730,home_to_work,16.02,16.02,16.02,7.15,OK
2026-08-17T09:01:41+07:00,hoang-thanh-pearl,0730,home_to_work,18.51,18.51,18.51,8.76,OK
2026-08-17T09:01:41+07:00,mipec-riverside,0730,home_to_work,31.97,31.97,31.97,9.56,OK
2026-08-17T09:01:41+07:00,sunshine-riverside,0730,home_to_work,15.92,15.92,15.92,7.9,OK
2026-08-17T09:01:41+07:00,ho-guom-plaza,0730,home_to_work,17.17,17.17,17.17,7.63,OK
2026-08-17T09:01:41+07:00,eco-green-city,0730,home_to_work,18.73,18.73,18.73,7.9,OK
2026-08-17T09:01:41+07:00,hateco-apollo,0730,home_to_work,21.05,21.05,21.05,12.54,OK
2026-08-17T09:01:41+07:00,iris-garden,0730,home_to_work,14.54,14.54,14.54,7.13,OK
2026-08-17T17:54:39+07:00,vinhomes-smart-city,1730,work_to_home,21.38,21.38,21.38,9.33,OK
2026-08-17T17:54:39+07:00,hd-mon-city,1730,work_to_home,13.8,13.8,13.8,6.45,OK
2026-08-17T17:54:39+07:00,my-dinh-pearl,1730,work_to_home,23.81,23.81,23.81,8.89,OK
2026-08-17T17:54:39+07:00,hoang-thanh-pearl,1730,work_to_home,28.14,28.14,28.14,11.54,OK
2026-08-17T17:54:39+07:00,mipec-riverside,1730,work_to_home,32.21,32.21,32.21,9.91,OK
2026-08-17T17:54:39+07:00,sunshine-riverside,1730,work_to_home,17.62,17.62,17.62,9.44,OK
2026-08-17T17:54:39+07:00,ho-guom-plaza,1730,work_to_home,20.44,20.44,20.44,8.22,OK
2026-08-17T17:54:39+07:00,eco-green-city,1730,work_to_home,23.98,23.98,23.98,7.89,OK
2026-08-17T17:54:39+07:00,hateco-apollo,1730,work_to_home,28.5,28.5,28.5,12.81,OK
2026-08-17T17:54:39+07:00,iris-garden,1730,work_to_home,21.97,21.97,21.97,8.2,OK
2026-08-17T18:27:27+07:00,vinhomes-smart-city,1800,work_to_home,21.0,21.0,21.0,9.32,OK
2026-08-17T18:27:27+07:00,hd-mon-city,1800,work_to_home,13.3,13.3,13.3,6.44,OK
2026-08-17T18:27:27+07:00,my-dinh-pearl,1800,work_to_home,22.96,22.96,22.96,8.88,OK
2026-08-17T18:27:27+07:00,hoang-thanh-pearl,1800,work_to_home,27.28,27.28,27.28,11.53,OK
2026-08-17T18:27:27+07:00,mipec-riverside,1800,work_to_home,32.58,32.58,32.58,9.91,OK
2026-08-17T18:27:27+07:00,sunshine-riverside,1800,work_to_home,15.87,15.87,15.87,8.77,OK
2026-08-17T18:27:27+07:00,ho-guom-plaza,1800,work_to_home,21.27,21.27,21.27,8.22,OK
2026-08-17T18:27:27+07:00,eco-green-city,1800,work_to_home,24.72,24.72,24.72,7.86,OK
2026-08-17T18:27:27+07:00,hateco-apollo,1800,work_to_home,27.3,27.3,27.3,12.8,OK
2026-08-17T18:27:27+07:00,iris-garden,1800,work_to_home,27.01,27.01,27.01,8.2,OK
2026-08-18T07:54:54+07:00,vinhomes-smart-city,0700,home_to_work,28.52,28.52,28.52,10.26,OK
2026-08-18T07:54:54+07:00,hd-mon-city,0700,home_to_work,10.71,10.71,10.71,4.91,OK
2026-08-18T07:54:54+07:00,my-dinh-pearl,0700,home_to_work,17.5,17.5,17.5,7.15,OK
2026-08-18T07:54:54+07:00,hoang-thanh-pearl,0700,home_to_work,18.15,18.15,18.15,8.76,OK
2026-08-18T07:54:54+07:00,mipec-riverside,0700,home_to_work,31.58,31.58,31.58,9.56,OK
2026-08-18T07:54:54+07:00,sunshine-riverside,0700,home_to_work,18.85,18.85,18.85,7.9,OK
2026-08-18T07:54:54+07:00,ho-guom-plaza,0700,home_to_work,18.08,18.08,18.08,7.63,OK
2026-08-18T07:54:54+07:00,eco-green-city,0700,home_to_work,24.12,24.12,24.12,7.9,OK
2026-08-18T07:54:54+07:00,hateco-apollo,0700,home_to_work,20.66,20.66,20.66,12.54,OK
2026-08-18T07:54:54+07:00,iris-garden,0700,home_to_work,14.18,14.18,14.18,7.13,OK
2026-08-18T08:56:57+07:00,vinhomes-smart-city,0730,home_to_work,26.19,26.19,26.19,10.24,OK
2026-08-18T08:56:57+07:00,hd-mon-city,0730,home_to_work,15.11,15.11,15.11,4.91,OK
2026-08-18T08:56:57+07:00,my-dinh-pearl,0730,home_to_work,20.06,20.06,20.06,7.15,OK
2026-08-18T08:56:57+07:00,hoang-thanh-pearl,0730,home_to_work,23.84,23.84,23.84,8.76,OK
2026-08-18T08:56:57+07:00,mipec-riverside,0730,home_to_work,30.4,30.4,30.4,9.56,OK
2026-08-18T08:56:57+07:00,sunshine-riverside,0730,home_to_work,16.34,16.34,16.34,7.89,OK
2026-08-18T08:56:57+07:00,ho-guom-plaza,0730,home_to_work,20.45,20.45,20.45,7.67,OK
2026-08-18T08:56:57+07:00,eco-green-city,0730,home_to_work,23.45,23.45,23.45,7.94,OK
2026-08-18T08:56:57+07:00,hateco-apollo,0730,home_to_work,26.34,26.34,26.34,12.54,OK
2026-08-18T08:56:57+07:00,iris-garden,0730,home_to_work,19.29,19.29,19.29,7.13,OK
2026-08-18T17:53:21+07:00,vinhomes-smart-city,1730,work_to_home,17.02,17.02,17.02,9.32,OK
2026-08-18T17:53:21+07:00,hd-mon-city,1730,work_to_home,14.01,14.01,14.01,6.44,OK
2026-08-18T17:53:21+07:00,my-dinh-pearl,1730,work_to_home,19.17,19.17,19.17,8.88,OK
2026-08-18T17:53:21+07:00,hoang-thanh-pearl,1730,work_to_home,23.86,23.86,23.86,11.53,OK
2026-08-18T17:53:21+07:00,mipec-riverside,1730,work_to_home,32.69,32.69,32.69,9.91,OK
2026-08-18T17:53:21+07:00,sunshine-riverside,1730,work_to_home,21.53,21.53,21.53,8.77,OK
2026-08-18T17:53:21+07:00,ho-guom-plaza,1730,work_to_home,20.7,20.7,20.7,8.22,OK
2026-08-18T17:53:21+07:00,eco-green-city,1730,work_to_home,22.78,22.78,22.78,8.26,OK
2026-08-18T17:53:21+07:00,hateco-apollo,1730,work_to_home,23.32,23.32,23.32,12.8,OK
2026-08-18T17:53:21+07:00,iris-garden,1730,work_to_home,22.01,22.01,22.01,8.2,OK
2026-08-18T18:26:51+07:00,vinhomes-smart-city,1800,work_to_home,22.3,22.3,22.3,9.32,OK
2026-08-18T18:26:51+07:00,hd-mon-city,1800,work_to_home,15.64,15.64,15.64,6.44,OK
2026-08-18T18:26:51+07:00,my-dinh-pearl,1800,work_to_home,25.67,25.67,25.67,8.88,OK
2026-08-18T18:26:51+07:00,hoang-thanh-pearl,1800,work_to_home,31.2,31.2,31.2,11.53,OK
2026-08-18T18:26:51+07:00,mipec-riverside,1800,work_to_home,31.64,31.64,31.64,9.91,OK
2026-08-18T18:26:51+07:00,sunshine-riverside,1800,work_to_home,23.58,23.58,23.58,8.77,OK
2026-08-18T18:26:51+07:00,ho-guom-plaza,1800,work_to_home,19.62,19.62,19.62,7.8,OK
2026-08-18T18:26:51+07:00,eco-green-city,1800,work_to_home,18.27,18.27,18.27,7.86,OK
2026-08-18T18:26:51+07:00,hateco-apollo,1800,work_to_home,28.6,28.6,28.6,12.8,OK
2026-08-18T18:26:51+07:00,iris-garden,1800,work_to_home,22.57,22.57,22.57,8.2,OK
2026-08-19T07:55:59+07:00,vinhomes-smart-city,0700,home_to_work,23.91,23.91,23.91,10.23,OK
2026-08-19T07:55:59+07:00,hd-mon-city,0700,home_to_work,10.23,10.23,10.23,4.91,OK
2026-08-19T07:55:59+07:00,my-dinh-pearl,0700,home_to_work,19.15,19.15,19.15,7.15,OK
2026-08-19T07:55:59+07:00,hoang-thanh-pearl,0700,home_to_work,19.3,19.3,19.3,8.76,OK
2026-08-19T07:55:59+07:00,mipec-riverside,0700,home_to_work,30.42,30.42,30.42,9.56,OK
2026-08-19T07:55:59+07:00,sunshine-riverside,0700,home_to_work,19.1,19.1,19.1,7.89,OK
2026-08-19T07:55:59+07:00,ho-guom-plaza,0700,home_to_work,19.48,19.48,19.48,7.66,OK
2026-08-19T07:55:59+07:00,eco-green-city,0700,home_to_work,20.98,20.98,20.98,7.93,OK
2026-08-19T07:55:59+07:00,hateco-apollo,0700,home_to_work,24.54,24.54,24.54,12.54,OK
2026-08-19T07:55:59+07:00,iris-garden,0700,home_to_work,18.46,18.46,18.46,7.13,OK
2026-08-19T08:59:20+07:00,vinhomes-smart-city,0730,home_to_work,25.82,25.82,25.82,10.24,OK
2026-08-19T08:59:20+07:00,hd-mon-city,0730,home_to_work,14.32,14.32,14.32,4.91,OK
2026-08-19T08:59:20+07:00,my-dinh-pearl,0730,home_to_work,19.5,19.5,19.5,7.15,OK
2026-08-19T08:59:20+07:00,hoang-thanh-pearl,0730,home_to_work,22.09,22.09,22.09,8.76,OK
2026-08-19T08:59:20+07:00,mipec-riverside,0730,home_to_work,31.25,31.25,31.25,9.56,OK
2026-08-19T08:59:20+07:00,sunshine-riverside,0730,home_to_work,15.87,15.87,15.87,7.89,OK
2026-08-19T08:59:20+07:00,ho-guom-plaza,0730,home_to_work,23.66,23.66,23.66,7.63,OK
2026-08-19T08:59:20+07:00,eco-green-city,0730,home_to_work,24.86,24.86,24.86,7.91,OK
2026-08-19T08:59:20+07:00,hateco-apollo,0730,home_to_work,24.29,24.29,24.29,12.54,OK
2026-08-19T08:59:20+07:00,iris-garden,0730,home_to_work,18.11,18.11,18.11,7.13,OK
2026-08-19T17:52:35+07:00,vinhomes-smart-city,1730,work_to_home,19.89,19.89,19.89,9.33,OK
2026-08-19T17:52:35+07:00,hd-mon-city,1730,work_to_home,15.54,15.54,15.54,6.45,OK
2026-08-19T17:52:35+07:00,my-dinh-pearl,1730,work_to_home,22.28,22.28,22.28,8.89,OK
2026-08-19T17:52:35+07:00,hoang-thanh-pearl,1730,work_to_home,27.38,27.38,27.38,12.85,OK
2026-08-19T17:52:35+07:00,mipec-riverside,1730,work_to_home,31.37,31.37,31.37,9.91,OK
2026-08-19T17:52:35+07:00,sunshine-riverside,1730,work_to_home,22.86,22.86,22.86,9.23,OK
2026-08-19T17:52:35+07:00,ho-guom-plaza,1730,work_to_home,17.82,17.82,17.82,7.81,OK
2026-08-19T17:52:35+07:00,eco-green-city,1730,work_to_home,19.37,19.37,19.37,7.87,OK
2026-08-19T17:52:35+07:00,hateco-apollo,1730,work_to_home,26.19,26.19,26.19,12.81,OK
2026-08-19T17:52:35+07:00,iris-garden,1730,work_to_home,21.86,21.86,21.86,8.2,OK
2026-08-19T18:26:31+07:00,vinhomes-smart-city,1800,work_to_home,20.7,20.7,20.7,9.32,OK
2026-08-19T18:26:31+07:00,hd-mon-city,1800,work_to_home,14.63,14.63,14.63,6.83,OK
2026-08-19T18:26:31+07:00,my-dinh-pearl,1800,work_to_home,25.62,25.62,25.62,8.88,OK
2026-08-19T18:26:31+07:00,hoang-thanh-pearl,1800,work_to_home,32.06,32.06,32.06,11.54,OK
2026-08-19T18:26:31+07:00,mipec-riverside,1800,work_to_home,31.14,31.14,31.14,9.91,OK
2026-08-19T18:26:31+07:00,sunshine-riverside,1800,work_to_home,21.91,21.91,21.91,8.77,OK
2026-08-19T18:26:31+07:00,ho-guom-plaza,1800,work_to_home,20.01,20.01,20.01,7.8,OK
2026-08-19T18:26:31+07:00,eco-green-city,1800,work_to_home,21.58,21.58,21.58,7.86,OK
2026-08-19T18:26:31+07:00,hateco-apollo,1800,work_to_home,27.0,27.0,27.0,12.8,OK
2026-08-19T18:26:31+07:00,iris-garden,1800,work_to_home,20.25,20.25,20.25,8.2,OK
2026-08-20T07:55:07+07:00,vinhomes-smart-city,0700,home_to_work,21.04,21.04,21.04,10.27,OK
2026-08-20T07:55:07+07:00,hd-mon-city,0700,home_to_work,15.43,15.43,15.43,4.91,OK
2026-08-20T07:55:07+07:00,my-dinh-pearl,0700,home_to_work,21.78,21.78,21.78,7.15,OK
2026-08-20T07:55:07+07:00,hoang-thanh-pearl,0700,home_to_work,25.73,25.73,25.73,8.76,OK
2026-08-20T07:55:07+07:00,mipec-riverside,0700,home_to_work,30.3,30.3,30.3,9.56,OK
2026-08-20T07:55:07+07:00,sunshine-riverside,0700,home_to_work,20.37,20.37,20.37,7.89,OK
2026-08-20T07:55:07+07:00,ho-guom-plaza,0700,home_to_work,19.43,19.43,19.43,7.63,OK
2026-08-20T07:55:07+07:00,eco-green-city,0700,home_to_work,19.22,19.22,19.22,7.9,OK
2026-08-20T07:55:07+07:00,hateco-apollo,0700,home_to_work,28.32,28.32,28.32,12.54,OK
2026-08-20T07:55:07+07:00,iris-garden,0700,home_to_work,21.76,21.76,21.76,7.13,OK
2026-08-20T08:57:57+07:00,vinhomes-smart-city,0730,home_to_work,26.02,26.02,26.02,10.29,OK
2026-08-20T08:57:57+07:00,hd-mon-city,0730,home_to_work,10.76,10.76,10.76,4.91,OK
2026-08-20T08:57:57+07:00,my-dinh-pearl,0730,home_to_work,16.5,16.5,16.5,7.15,OK
2026-08-20T08:57:57+07:00,hoang-thanh-pearl,0730,home_to_work,23.88,23.88,23.88,10.68,OK
2026-08-20T08:57:57+07:00,mipec-riverside,0730,home_to_work,30.82,30.82,30.82,9.56,OK
2026-08-20T08:57:57+07:00,sunshine-riverside,0730,home_to_work,15.63,15.63,15.63,7.89,OK
2026-08-20T08:57:57+07:00,ho-guom-plaza,0730,home_to_work,20.5,20.5,20.5,8.02,OK
2026-08-20T08:57:57+07:00,eco-green-city,0730,home_to_work,23.77,23.77,23.77,8.28,OK
2026-08-20T08:57:57+07:00,hateco-apollo,0730,home_to_work,25.13,25.13,25.13,12.54,OK
2026-08-20T08:57:57+07:00,iris-garden,0730,home_to_work,17.33,17.33,17.33,7.13,OK
2026-08-20T17:55:08+07:00,vinhomes-smart-city,1730,work_to_home,20.81,20.81,20.81,9.33,OK
2026-08-20T17:55:08+07:00,hd-mon-city,1730,work_to_home,13.52,13.52,13.52,6.45,OK
2026-08-20T17:55:08+07:00,my-dinh-pearl,1730,work_to_home,22.55,22.55,22.55,8.89,OK
2026-08-20T17:55:08+07:00,hoang-thanh-pearl,1730,work_to_home,26.84,26.84,26.84,11.54,OK
2026-08-20T17:55:08+07:00,mipec-riverside,1730,work_to_home,32.45,32.45,32.45,9.91,OK
2026-08-20T17:55:08+07:00,sunshine-riverside,1730,work_to_home,21.19,21.19,21.19,8.77,OK
2026-08-20T17:55:08+07:00,ho-guom-plaza,1730,work_to_home,16.38,16.38,16.38,7.83,OK
2026-08-20T17:55:08+07:00,eco-green-city,1730,work_to_home,22.41,22.41,22.41,7.89,OK
2026-08-20T17:55:08+07:00,hateco-apollo,1730,work_to_home,27.11,27.11,27.11,12.81,OK
2026-08-20T17:55:08+07:00,iris-garden,1730,work_to_home,18.09,18.09,18.09,8.2,OK
2026-08-20T18:27:59+07:00,vinhomes-smart-city,1800,work_to_home,21.33,21.33,21.33,9.33,OK
2026-08-20T18:27:59+07:00,hd-mon-city,1800,work_to_home,17.95,17.95,17.95,6.45,OK
2026-08-20T18:27:59+07:00,my-dinh-pearl,1800,work_to_home,25.24,25.24,25.24,8.87,OK
2026-08-20T18:27:59+07:00,hoang-thanh-pearl,1800,work_to_home,30.0,30.0,30.0,11.52,OK
2026-08-20T18:27:59+07:00,mipec-riverside,1800,work_to_home,31.85,31.85,31.85,9.91,OK
2026-08-20T18:27:59+07:00,sunshine-riverside,1800,work_to_home,20.0,20.0,20.0,9.8,OK
2026-08-20T18:27:59+07:00,ho-guom-plaza,1800,work_to_home,28.45,28.45,28.45,7.81,OK
2026-08-20T18:27:59+07:00,eco-green-city,1800,work_to_home,30.3,30.3,30.3,7.87,OK
2026-08-20T18:27:59+07:00,hateco-apollo,1800,work_to_home,27.63,27.63,27.63,12.81,OK
2026-08-20T18:27:59+07:00,iris-garden,1800,work_to_home,20.48,20.48,20.48,8.2,OK
2026-08-21T07:59:07+07:00,vinhomes-smart-city,0700,home_to_work,26.17,26.17,26.17,10.23,OK
2026-08-21T07:59:07+07:00,hd-mon-city,0700,home_to_work,12.38,12.38,12.38,4.91,OK
2026-08-21T07:59:07+07:00,my-dinh-pearl,0700,home_to_work,17.33,17.33,17.33,7.15,OK
2026-08-21T07:59:07+07:00,hoang-thanh-pearl,0700,home_to_work,19.82,19.82,19.82,8.76,OK
2026-08-21T07:59:07+07:00,mipec-riverside,0700,home_to_work,31.2,31.2,31.2,9.56,OK
2026-08-21T07:59:07+07:00,sunshine-riverside,0700,home_to_work,18.56,18.56,18.56,7.9,OK
2026-08-21T07:59:07+07:00,ho-guom-plaza,0700,home_to_work,23.39,23.39,23.39,7.63,OK
2026-08-21T07:59:07+07:00,eco-green-city,0700,home_to_work,21.0,21.0,21.0,7.9,OK
2026-08-21T07:59:07+07:00,hateco-apollo,0700,home_to_work,22.27,22.27,22.27,12.54,OK
2026-08-21T07:59:07+07:00,iris-garden,0700,home_to_work,15.84,15.84,15.84,7.13,OK
2026-08-21T09:06:42+07:00,vinhomes-smart-city,0730,home_to_work,22.01,22.01,22.01,10.27,OK
2026-08-21T09:06:42+07:00,hd-mon-city,0730,home_to_work,12.82,12.82,12.82,4.91,OK
2026-08-21T09:06:42+07:00,my-dinh-pearl,0730,home_to_work,17.72,17.72,17.72,7.15,OK
2026-08-21T09:06:42+07:00,hoang-thanh-pearl,0730,home_to_work,25.58,25.58,25.58,8.76,OK
2026-08-21T09:06:42+07:00,mipec-riverside,0730,home_to_work,30.89,30.89,30.89,9.56,OK
2026-08-21T09:06:42+07:00,sunshine-riverside,0730,home_to_work,16.55,16.55,16.55,7.89,OK
2026-08-21T09:06:42+07:00,ho-guom-plaza,0730,home_to_work,18.85,18.85,18.85,7.66,OK
2026-08-21T09:06:42+07:00,eco-green-city,0730,home_to_work,17.31,17.31,17.31,7.94,OK
2026-08-21T09:06:42+07:00,hateco-apollo,0730,home_to_work,28.27,28.27,28.27,12.54,OK
2026-08-21T09:06:42+07:00,iris-garden,0730,home_to_work,20.88,20.88,20.88,7.13,OK
2026-08-21T17:54:49+07:00,vinhomes-smart-city,1730,work_to_home,19.4,19.4,19.4,9.33,OK
2026-08-21T17:54:49+07:00,hd-mon-city,1730,work_to_home,15.38,15.38,15.38,6.45,OK
2026-08-21T17:54:49+07:00,my-dinh-pearl,1730,work_to_home,20.3,20.3,20.3,8.89,OK
2026-08-21T17:54:49+07:00,hoang-thanh-pearl,1730,work_to_home,25.02,25.02,25.02,11.54,OK
2026-08-21T17:54:49+07:00,mipec-riverside,1730,work_to_home,31.75,31.75,31.75,9.91,OK
2026-08-21T17:54:49+07:00,sunshine-riverside,1730,work_to_home,20.89,20.89,20.89,8.7,OK
2026-08-21T17:54:49+07:00,ho-guom-plaza,1730,work_to_home,21.45,21.45,21.45,7.81,OK
2026-08-21T17:54:49+07:00,eco-green-city,1730,work_to_home,19.82,19.82,19.82,7.87,OK
2026-08-21T17:54:49+07:00,hateco-apollo,1730,work_to_home,25.73,25.73,25.73,12.81,OK
2026-08-21T17:54:49+07:00,iris-garden,1730,work_to_home,22.74,22.74,22.74,8.2,OK
2026-08-21T18:27:38+07:00,vinhomes-smart-city,1800,work_to_home,20.14,20.14,20.14,9.33,OK
2026-08-21T18:27:38+07:00,hd-mon-city,1800,work_to_home,18.35,18.35,18.35,6.45,OK
2026-08-21T18:27:38+07:00,my-dinh-pearl,1800,work_to_home,24.43,24.43,24.43,8.89,OK
2026-08-21T18:27:38+07:00,hoang-thanh-pearl,1800,work_to_home,29.5,29.5,29.5,11.54,OK
2026-08-21T18:27:38+07:00,mipec-riverside,1800,work_to_home,32.82,32.82,32.82,9.91,OK
2026-08-21T18:27:38+07:00,sunshine-riverside,1800,work_to_home,22.71,22.71,22.71,8.78,OK
2026-08-21T18:27:38+07:00,ho-guom-plaza,1800,work_to_home,19.13,19.13,19.13,7.81,OK
2026-08-21T18:27:38+07:00,eco-green-city,1800,work_to_home,17.93,17.93,17.93,7.87,OK
2026-08-21T18:27:38+07:00,hateco-apollo,1800,work_to_home,26.59,26.59,26.59,12.81,OK
2026-08-21T18:27:38+07:00,iris-garden,1800,work_to_home,19.53,19.53,19.53,8.2,OK
2026-08-22T07:55:30+07:00,vinhomes-smart-city,0700,home_to_work,24.58,24.58,24.58,10.27,OK
2026-08-22T07:55:30+07:00,hd-mon-city,0700,home_to_work,12.82,12.82,12.82,5.81,OK
2026-08-22T07:55:30+07:00,my-dinh-pearl,0700,home_to_work,17.41,17.41,17.41,7.86,OK
2026-08-22T07:55:30+07:00,hoang-thanh-pearl,0700,home_to_work,22.17,22.17,22.17,10.07,OK
2026-08-22T07:55:30+07:00,mipec-riverside,0700,home_to_work,32.08,32.08,32.08,9.56,OK
2026-08-22T07:55:30+07:00,sunshine-riverside,0700,home_to_work,16.1,16.1,16.1,7.89,OK
2026-08-22T07:55:30+07:00,ho-guom-plaza,0700,home_to_work,24.43,24.43,24.43,7.66,OK
2026-08-22T07:55:30+07:00,eco-green-city,0700,home_to_work,22.88,22.88,22.88,7.93,OK
2026-08-22T07:55:30+07:00,hateco-apollo,0700,home_to_work,25.64,25.64,25.64,11.72,OK
2026-08-22T07:55:30+07:00,iris-garden,0700,home_to_work,24.25,24.25,24.25,7.13,OK
2026-08-22T08:56:45+07:00,vinhomes-smart-city,0730,home_to_work,22.79,22.79,22.79,10.23,OK
2026-08-22T08:56:45+07:00,hd-mon-city,0730,home_to_work,10.13,10.13,10.13,4.91,OK
2026-08-22T08:56:45+07:00,my-dinh-pearl,0730,home_to_work,15.57,15.57,15.57,7.15,OK
2026-08-22T08:56:45+07:00,hoang-thanh-pearl,0730,home_to_work,18.06,18.06,18.06,8.76,OK
2026-08-22T08:56:45+07:00,mipec-riverside,0730,home_to_work,30.39,30.39,30.39,9.56,OK
2026-08-22T08:56:45+07:00,sunshine-riverside,0730,home_to_work,17.56,17.56,17.56,7.89,OK
2026-08-22T08:56:45+07:00,ho-guom-plaza,0730,home_to_work,16.84,16.84,16.84,7.63,OK
2026-08-22T08:56:45+07:00,eco-green-city,0730,home_to_work,18.57,18.57,18.57,7.9,OK
2026-08-22T08:56:45+07:00,hateco-apollo,0730,home_to_work,21.3,21.3,21.3,12.54,OK
2026-08-22T08:56:45+07:00,iris-garden,0730,home_to_work,14.09,14.09,14.09,7.13,OK
2026-08-22T17:46:36+07:00,vinhomes-smart-city,1730,work_to_home,23.77,23.77,23.77,9.33,OK
2026-08-22T17:46:36+07:00,hd-mon-city,1730,work_to_home,15.38,15.38,15.38,6.45,OK
2026-08-22T17:46:36+07:00,my-dinh-pearl,1730,work_to_home,26.57,26.57,26.57,8.89,OK
2026-08-22T17:46:36+07:00,hoang-thanh-pearl,1730,work_to_home,31.93,31.93,31.93,11.54,OK
2026-08-22T17:46:36+07:00,mipec-riverside,1730,work_to_home,36.57,36.57,36.57,9.91,OK
2026-08-22T17:46:36+07:00,sunshine-riverside,1730,work_to_home,19.48,19.48,19.48,8.77,OK
2026-08-22T17:46:36+07:00,ho-guom-plaza,1730,work_to_home,20.21,20.21,20.21,8.22,OK
2026-08-22T17:46:36+07:00,eco-green-city,1730,work_to_home,23.92,23.92,23.92,8.27,OK
2026-08-22T17:46:36+07:00,hateco-apollo,1730,work_to_home,30.07,30.07,30.07,12.81,OK
2026-08-22T17:46:36+07:00,iris-garden,1730,work_to_home,25.99,25.99,25.99,8.2,OK
2026-08-22T18:21:48+07:00,vinhomes-smart-city,1800,work_to_home,19.01,19.01,19.01,9.33,OK
2026-08-22T18:21:48+07:00,hd-mon-city,1800,work_to_home,20.0,20.0,20.0,6.45,OK
2026-08-22T18:21:48+07:00,my-dinh-pearl,1800,work_to_home,20.6,20.6,20.6,8.89,OK
2026-08-22T18:21:48+07:00,hoang-thanh-pearl,1800,work_to_home,24.89,24.89,24.89,11.54,OK
2026-08-22T18:21:48+07:00,mipec-riverside,1800,work_to_home,33.68,33.68,33.68,9.91,OK
2026-08-22T18:21:48+07:00,sunshine-riverside,1800,work_to_home,21.16,21.16,21.16,8.77,OK
2026-08-22T18:21:48+07:00,ho-guom-plaza,1800,work_to_home,19.3,19.3,19.3,7.81,OK
2026-08-22T18:21:48+07:00,eco-green-city,1800,work_to_home,21.65,21.65,21.65,7.87,OK
2026-08-22T18:21:48+07:00,hateco-apollo,1800,work_to_home,25.32,25.32,25.32,12.81,OK
2026-08-22T18:21:48+07:00,iris-garden,1800,work_to_home,21.8,21.8,21.8,8.2,OK
2026-08-23T08:00:07+07:00,vinhomes-smart-city,0700,home_to_work,19.49,19.49,19.49,10.23,OK
2026-08-23T08:00:07+07:00,hd-mon-city,0700,home_to_work,11.04,11.04,11.04,4.91,OK
2026-08-23T08:00:07+07:00,my-dinh-pearl,0700,home_to_work,16.84,16.84,16.84,7.15,OK
2026-08-23T08:00:07+07:00,hoang-thanh-pearl,0700,home_to_work,20.01,20.01,20.01,9.4,OK
2026-08-23T08:00:07+07:00,mipec-riverside,0700,home_to_work,30.3,30.3,30.3,9.56,OK
2026-08-23T08:00:07+07:00,sunshine-riverside,0700,home_to_work,16.09,16.09,16.09,7.89,OK
2026-08-23T08:00:07+07:00,ho-guom-plaza,0700,home_to_work,14.88,14.88,14.88,7.66,OK
2026-08-23T08:00:07+07:00,eco-green-city,0700,home_to_work,15.91,15.91,15.91,7.93,OK
2026-08-23T08:00:07+07:00,hateco-apollo,0700,home_to_work,23.77,23.77,23.77,12.54,OK
2026-08-23T08:00:07+07:00,iris-garden,0700,home_to_work,17.24,17.24,17.24,7.13,OK
2026-08-23T09:08:23+07:00,vinhomes-smart-city,0730,home_to_work,20.7,20.7,20.7,10.23,OK
2026-08-23T09:08:23+07:00,hd-mon-city,0730,home_to_work,10.06,10.06,10.06,4.91,OK
2026-08-23T09:08:23+07:00,my-dinh-pearl,0730,home_to_work,15.02,15.02,15.02,7.15,OK
2026-08-23T09:08:23+07:00,hoang-thanh-pearl,0730,home_to_work,17.54,17.54,17.54,8.76,OK
2026-08-23T09:08:23+07:00,mipec-riverside,0730,home_to_work,30.28,30.28,30.28,9.56,OK
2026-08-23T09:08:23+07:00,sunshine-riverside,0730,home_to_work,15.33,15.33,15.33,7.89,OK
2026-08-23T09:08:23+07:00,ho-guom-plaza,0730,home_to_work,16.64,16.64,16.64,7.63,OK
2026-08-23T09:08:23+07:00,eco-green-city,0730,home_to_work,18.01,18.01,18.01,7.9,OK
2026-08-23T09:08:23+07:00,hateco-apollo,0730,home_to_work,20.17,20.17,20.17,12.54,OK
2026-08-23T09:08:23+07:00,iris-garden,0730,home_to_work,13.56,13.56,13.56,7.13,OK
2026-08-23T17:47:27+07:00,vinhomes-smart-city,1730,work_to_home,18.91,18.91,18.91,9.32,OK
2026-08-23T17:47:27+07:00,hd-mon-city,1730,work_to_home,14.57,14.57,14.57,6.44,OK
2026-08-23T17:47:27+07:00,my-dinh-pearl,1730,work_to_home,19.95,19.95,19.95,8.88,OK
2026-08-23T17:47:27+07:00,hoang-thanh-pearl,1730,work_to_home,24.24,24.24,24.24,11.53,OK
2026-08-23T17:47:27+07:00,mipec-riverside,1730,work_to_home,32.77,32.77,32.77,9.91,OK
2026-08-23T17:47:27+07:00,sunshine-riverside,1730,work_to_home,17.52,17.52,17.52,8.77,OK
2026-08-23T17:47:27+07:00,ho-guom-plaza,1730,work_to_home,16.63,16.63,16.63,8.22,OK
2026-08-23T17:47:27+07:00,eco-green-city,1730,work_to_home,20.45,20.45,20.45,7.86,OK
2026-08-23T17:47:27+07:00,hateco-apollo,1730,work_to_home,25.21,25.21,25.21,12.8,OK
2026-08-23T17:47:27+07:00,iris-garden,1730,work_to_home,21.65,21.65,21.65,8.2,OK
2026-08-23T18:22:11+07:00,vinhomes-smart-city,1800,work_to_home,18.02,18.02,18.02,9.32,OK
2026-08-23T18:22:11+07:00,hd-mon-city,1800,work_to_home,13.48,13.48,13.48,6.44,OK
2026-08-23T18:22:11+07:00,my-dinh-pearl,1800,work_to_home,18.53,18.53,18.53,8.88,OK
2026-08-23T18:22:11+07:00,hoang-thanh-pearl,1800,work_to_home,22.84,22.84,22.84,11.53,OK
2026-08-23T18:22:11+07:00,mipec-riverside,1800,work_to_home,32.16,32.16,32.16,9.91,OK
2026-08-23T18:22:11+07:00,sunshine-riverside,1800,work_to_home,18.54,18.54,18.54,8.77,OK
2026-08-23T18:22:11+07:00,ho-guom-plaza,1800,work_to_home,15.68,15.68,15.68,7.8,OK
2026-08-23T18:22:11+07:00,eco-green-city,1800,work_to_home,17.28,17.28,17.28,7.86,OK
2026-08-23T18:22:11+07:00,hateco-apollo,1800,work_to_home,24.32,24.32,24.32,12.8,OK
2026-08-23T18:22:11+07:00,iris-garden,1800,work_to_home,18.52,18.52,18.52,8.2,OK
2026-08-24T07:57:42+07:00,vinhomes-smart-city,0700,home_to_work,23.75,23.75,23.75,10.23,OK
2026-08-24T07:57:42+07:00,hd-mon-city,0700,home_to_work,13.56,13.56,13.56,4.91,OK
2026-08-24T07:57:42+07:00,my-dinh-pearl,0700,home_to_work,18.64,18.64,18.64,7.23,OK
2026-08-24T07:57:42+07:00,hoang-thanh-pearl,0700,home_to_work,23.25,23.25,23.25,8.76,OK
2026-08-24T07:57:42+07:00,mipec-riverside,0700,home_to_work,30.91,30.91,30.91,9.56,OK
2026-08-24T07:57:42+07:00,sunshine-riverside,0700,home_to_work,16.77,16.77,16.77,7.89,OK
2026-08-24T07:57:42+07:00,ho-guom-plaza,0700,home_to_work,24.23,24.23,24.23,7.66,OK
2026-08-24T07:57:42+07:00,eco-green-city,0700,home_to_work,19.42,19.42,19.42,7.93,OK
2026-08-24T07:57:42+07:00,hateco-apollo,0700,home_to_work,25.45,25.45,25.45,12.54,OK
2026-08-24T07:57:42+07:00,iris-garden,0700,home_to_work,19.15,19.15,19.15,7.13,OK
2026-08-24T09:06:10+07:00,vinhomes-smart-city,0730,home_to_work,23.99,23.99,23.99,10.29,OK
2026-08-24T09:06:10+07:00,hd-mon-city,0730,home_to_work,10.93,10.93,10.93,4.91,OK
2026-08-24T09:06:10+07:00,my-dinh-pearl,0730,home_to_work,15.88,15.88,15.88,7.15,OK
2026-08-24T09:06:10+07:00,hoang-thanh-pearl,0730,home_to_work,18.65,18.65,18.65,8.76,OK
2026-08-24T09:06:10+07:00,mipec-riverside,0730,home_to_work,33.99,33.99,33.99,9.56,OK
2026-08-24T09:06:10+07:00,sunshine-riverside,0730,home_to_work,16.12,16.12,16.12,7.89,OK
2026-08-24T09:06:10+07:00,ho-guom-plaza,0730,home_to_work,20.83,20.83,20.83,7.66,OK
2026-08-24T09:06:10+07:00,eco-green-city,0730,home_to_work,23.04,23.04,23.04,7.93,OK
2026-08-24T09:06:10+07:00,hateco-apollo,0730,home_to_work,20.86,20.86,20.86,12.54,OK
2026-08-24T09:06:10+07:00,iris-garden,0730,home_to_work,14.68,14.68,14.68,7.13,OK
2026-08-24T18:00:20+07:00,vinhomes-smart-city,1730,work_to_home,23.02,23.02,23.02,9.33,OK
2026-08-24T18:00:20+07:00,hd-mon-city,1730,work_to_home,18.87,18.87,18.87,6.31,OK
2026-08-24T18:00:20+07:00,my-dinh-pearl,1730,work_to_home,23.65,23.65,23.65,8.89,OK
2026-08-24T18:00:20+07:00,hoang-thanh-pearl,1730,work_to_home,29.61,29.61,29.61,11.54,OK
2026-08-24T18:00:20+07:00,mipec-riverside,1730,work_to_home,36.52,36.52,36.52,9.91,OK
2026-08-24T18:00:20+07:00,sunshine-riverside,1730,work_to_home,20.03,20.03,20.03,9.81,OK
2026-08-24T18:00:20+07:00,ho-guom-plaza,1730,work_to_home,26.76,26.76,26.76,8.22,OK
2026-08-24T18:00:20+07:00,eco-green-city,1730,work_to_home,26.17,26.17,26.17,7.87,OK
2026-08-24T18:00:20+07:00,hateco-apollo,1730,work_to_home,29.33,29.33,29.33,12.81,OK
2026-08-24T18:00:20+07:00,iris-garden,1730,work_to_home,23.03,23.03,23.03,8.2,OK
2026-08-24T18:30:40+07:00,vinhomes-smart-city,1800,work_to_home,19.29,19.29,19.29,9.33,OK
2026-08-24T18:30:40+07:00,hd-mon-city,1800,work_to_home,14.32,14.32,14.32,6.45,OK
2026-08-24T18:30:40+07:00,my-dinh-pearl,1800,work_to_home,22.29,22.29,22.29,8.89,OK
2026-08-24T18:30:40+07:00,hoang-thanh-pearl,1800,work_to_home,27.04,27.04,27.04,11.54,OK
2026-08-24T18:30:40+07:00,mipec-riverside,1800,work_to_home,34.46,34.46,34.46,9.91,OK
2026-08-24T18:30:40+07:00,sunshine-riverside,1800,work_to_home,19.69,19.69,19.69,8.7,OK
2026-08-24T18:30:40+07:00,ho-guom-plaza,1800,work_to_home,20.19,20.19,20.19,7.81,OK
2026-08-24T18:30:40+07:00,eco-green-city,1800,work_to_home,22.32,22.32,22.32,7.87,OK
2026-08-24T18:30:40+07:00,hateco-apollo,1800,work_to_home,25.59,25.59,25.59,12.81,OK
2026-08-24T18:30:40+07:00,iris-garden,1800,work_to_home,20.6,20.6,20.6,8.2,OK
2026-08-25T07:57:36+07:00,vinhomes-smart-city,0700,home_to_work,21.92,21.92,21.92,10.24,OK
2026-08-25T07:57:36+07:00,hd-mon-city,0700,home_to_work,10.67,10.67,10.67,4.91,OK
2026-08-25T07:57:36+07:00,my-dinh-pearl,0700,home_to_work,16.6,16.6,16.6,7.15,OK
2026-08-25T07:57:36+07:00,hoang-thanh-pearl,0700,home_to_work,18.36,18.36,18.36,8.76,OK
2026-08-25T07:57:36+07:00,mipec-riverside,0700,home_to_work,31.86,31.86,31.86,9.56,OK
2026-08-25T07:57:36+07:00,sunshine-riverside,0700,home_to_work,17.64,17.64,17.64,7.89,OK
2026-08-25T07:57:36+07:00,ho-guom-plaza,0700,home_to_work,18.66,18.66,18.66,7.67,OK
2026-08-25T07:57:36+07:00,eco-green-city,0700,home_to_work,19.26,19.26,19.26,7.94,OK
2026-08-25T07:57:36+07:00,hateco-apollo,0700,home_to_work,20.33,20.33,20.33,12.54,OK
2026-08-25T07:57:36+07:00,iris-garden,0700,home_to_work,14.39,14.39,14.39,7.13,OK
2026-08-25T08:58:55+07:00,vinhomes-smart-city,0730,home_to_work,21.67,21.67,21.67,10.23,OK
2026-08-25T08:58:55+07:00,hd-mon-city,0730,home_to_work,12.08,12.08,12.08,4.91,OK
2026-08-25T08:58:55+07:00,my-dinh-pearl,0730,home_to_work,17.37,17.37,17.37,7.15,OK
2026-08-25T08:58:55+07:00,hoang-thanh-pearl,0730,home_to_work,21.05,21.05,21.05,8.76,OK
2026-08-25T08:58:55+07:00,mipec-riverside,0730,home_to_work,30.82,30.82,30.82,9.56,OK
2026-08-25T08:58:55+07:00,sunshine-riverside,0730,home_to_work,15.4,15.4,15.4,7.89,OK
2026-08-25T08:58:55+07:00,ho-guom-plaza,0730,home_to_work,17.15,17.15,17.15,7.66,OK
2026-08-25T08:58:55+07:00,eco-green-city,0730,home_to_work,18.59,18.59,18.59,7.93,OK
2026-08-25T08:58:55+07:00,hateco-apollo,0730,home_to_work,23.76,23.76,23.76,12.54,OK
2026-08-25T08:58:55+07:00,iris-garden,0730,home_to_work,16.52,16.52,16.52,7.13,OK
2026-08-25T17:57:14+07:00,vinhomes-smart-city,1730,work_to_home,18.25,18.25,18.25,9.32,OK
2026-08-25T17:57:14+07:00,hd-mon-city,1730,work_to_home,15.92,15.92,15.92,6.37,OK
2026-08-25T17:57:14+07:00,my-dinh-pearl,1730,work_to_home,19.79,19.79,19.79,8.88,OK
2026-08-25T17:57:14+07:00,hoang-thanh-pearl,1730,work_to_home,24.51,24.51,24.51,11.53,OK
2026-08-25T17:57:14+07:00,mipec-riverside,1730,work_to_home,33.24,33.24,33.24,9.91,OK
2026-08-25T17:57:14+07:00,sunshine-riverside,1730,work_to_home,17.99,17.99,17.99,8.77,OK
2026-08-25T17:57:14+07:00,ho-guom-plaza,1730,work_to_home,18.59,18.59,18.59,7.8,OK
2026-08-25T17:57:14+07:00,eco-green-city,1730,work_to_home,21.19,21.19,21.19,7.86,OK
2026-08-25T17:57:14+07:00,hateco-apollo,1730,work_to_home,24.55,24.55,24.55,12.8,OK
2026-08-25T17:57:14+07:00,iris-garden,1730,work_to_home,24.13,24.13,24.13,8.2,OK
2026-08-25T18:29:32+07:00,vinhomes-smart-city,1800,work_to_home,21.45,21.45,21.45,9.32,OK
2026-08-25T18:29:32+07:00,hd-mon-city,1800,work_to_home,13.31,13.31,13.31,6.44,OK
2026-08-25T18:29:32+07:00,my-dinh-pearl,1800,work_to_home,22.98,22.98,22.98,8.88,OK
2026-08-25T18:29:32+07:00,hoang-thanh-pearl,1800,work_to_home,28.28,28.28,28.28,11.53,OK
2026-08-25T18:29:32+07:00,mipec-riverside,1800,work_to_home,31.19,31.19,31.19,9.91,OK
2026-08-25T18:29:32+07:00,sunshine-riverside,1800,work_to_home,22.0,22.0,22.0,9.44,OK
2026-08-25T18:29:32+07:00,ho-guom-plaza,1800,work_to_home,20.52,20.52,20.52,8.22,OK
2026-08-25T18:29:32+07:00,eco-green-city,1800,work_to_home,19.45,19.45,19.45,8.27,OK
2026-08-25T18:29:32+07:00,hateco-apollo,1800,work_to_home,27.75,27.75,27.75,12.8,OK
2026-08-25T18:29:32+07:00,iris-garden,1800,work_to_home,21.73,21.73,21.73,8.2,OK
2026-08-26T07:58:38+07:00,vinhomes-smart-city,0700,home_to_work,29.73,29.73,29.73,10.23,OK
2026-08-26T07:58:38+07:00,hd-mon-city,0700,home_to_work,17.6,17.6,17.6,4.91,OK
2026-08-26T07:58:38+07:00,my-dinh-pearl,0700,home_to_work,21.15,21.15,21.15,7.8,OK
2026-08-26T07:58:38+07:00,hoang-thanh-pearl,0700,home_to_work,25.57,25.57,25.57,10.07,OK
2026-08-26T07:58:38+07:00,mipec-riverside,0700,home_to_work,30.82,30.82,30.82,9.56,OK
2026-08-26T07:58:38+07:00,sunshine-riverside,0700,home_to_work,17.59,17.59,17.59,7.89,OK
2026-08-26T07:58:38+07:00,ho-guom-plaza,0700,home_to_work,22.59,22.59,22.59,8.28,OK
2026-08-26T07:58:38+07:00,eco-green-city,0700,home_to_work,19.6,19.6,19.6,8.3,OK
2026-08-26T07:58:38+07:00,hateco-apollo,0700,home_to_work,31.82,31.82,31.82,12.54,OK
2026-08-26T07:58:38+07:00,iris-garden,0700,home_to_work,24.58,24.58,24.58,7.13,OK
2026-08-26T09:07:52+07:00,vinhomes-smart-city,0730,home_to_work,23.71,23.71,23.71,10.27,OK
2026-08-26T09:07:52+07:00,hd-mon-city,0730,home_to_work,11.54,11.54,11.54,4.91,OK
2026-08-26T09:07:52+07:00,my-dinh-pearl,0730,home_to_work,16.73,16.73,16.73,7.15,OK
2026-08-26T09:07:52+07:00,hoang-thanh-pearl,0730,home_to_work,19.21,19.21,19.21,8.76,OK
2026-08-26T09:07:52+07:00,mipec-riverside,0730,home_to_work,31.22,31.22,31.22,9.56,OK
2026-08-26T09:07:52+07:00,sunshine-riverside,0730,home_to_work,16.11,16.11,16.11,7.89,OK
2026-08-26T09:07:52+07:00,ho-guom-plaza,0730,home_to_work,20.31,20.31,20.31,8.02,OK
2026-08-26T09:07:52+07:00,eco-green-city,0730,home_to_work,28.29,28.29,28.29,7.9,OK
2026-08-26T09:07:52+07:00,hateco-apollo,0730,home_to_work,21.83,21.83,21.83,12.54,OK
2026-08-26T09:07:52+07:00,iris-garden,0730,home_to_work,15.23,15.23,15.23,7.13,OK
2026-08-26T17:59:01+07:00,vinhomes-smart-city,1730,work_to_home,15.52,15.52,15.52,8.96,OK
2026-08-26T17:59:01+07:00,hd-mon-city,1730,work_to_home,9.98,9.98,9.98,5.27,OK
2026-08-26T17:59:01+07:00,my-dinh-pearl,1730,work_to_home,13.77,13.77,13.77,7.46,OK
2026-08-26T17:59:01+07:00,hoang-thanh-pearl,1730,work_to_home,16.81,16.81,16.81,9.17,OK
2026-08-26T17:59:01+07:00,mipec-riverside,1730,work_to_home,28.67,28.67,28.67,9.55,OK
2026-08-26T17:59:01+07:00,sunshine-riverside,1730,work_to_home,15.08,15.08,15.08,7.87,OK
2026-08-26T17:59:01+07:00,ho-guom-plaza,1730,work_to_home,20.01,20.01,20.01,7.86,OK
2026-08-26T17:59:01+07:00,eco-green-city,1730,work_to_home,14.55,14.55,14.55,7.5,OK
2026-08-26T17:59:01+07:00,hateco-apollo,1730,work_to_home,23.8,23.8,23.8,12.44,OK
2026-08-26T17:59:01+07:00,iris-garden,1730,work_to_home,13.13,13.13,13.13,6.63,OK
2026-08-26T18:31:37+07:00,vinhomes-smart-city,1800,work_to_home,18.09,18.09,18.09,8.97,OK
2026-08-26T18:31:37+07:00,hd-mon-city,1800,work_to_home,10.4,10.4,10.4,5.05,OK
2026-08-26T18:31:37+07:00,my-dinh-pearl,1800,work_to_home,23.62,23.62,23.62,8.53,OK
2026-08-26T18:31:37+07:00,hoang-thanh-pearl,1800,work_to_home,19.82,19.82,19.82,8.71,OK
2026-08-26T18:31:37+07:00,mipec-riverside,1800,work_to_home,29.62,29.62,29.62,9.72,OK
2026-08-26T18:31:37+07:00,sunshine-riverside,1800,work_to_home,18.16,18.16,18.16,7.87,OK
2026-08-26T18:31:37+07:00,ho-guom-plaza,1800,work_to_home,20.36,20.36,20.36,7.45,OK
2026-08-26T18:31:37+07:00,eco-green-city,1800,work_to_home,19.34,19.34,19.34,7.51,OK
2026-08-26T18:31:37+07:00,hateco-apollo,1800,work_to_home,24.39,24.39,24.39,12.45,OK
2026-08-26T18:31:37+07:00,iris-garden,1800,work_to_home,16.13,16.13,16.13,6.63,OK
2026-08-27T13:51:13+07:00,vinhomes-smart-city,0700,home_to_work,18.73,18.73,18.73,9.93,OK
2026-08-27T13:51:13+07:00,hd-mon-city,0700,home_to_work,7.71,7.71,7.71,4.56,OK
2026-08-27T13:51:13+07:00,my-dinh-pearl,0700,home_to_work,12.67,12.67,12.67,6.8,OK
2026-08-27T13:51:13+07:00,hoang-thanh-pearl,0700,home_to_work,15.16,15.16,15.16,8.41,OK
2026-08-27T13:51:13+07:00,mipec-riverside,0700,home_to_work,28.4,28.4,28.4,9.26,OK
2026-08-27T13:51:13+07:00,sunshine-riverside,0700,home_to_work,12.67,12.67,12.67,7.54,OK
2026-08-27T13:51:13+07:00,ho-guom-plaza,0700,home_to_work,15.88,15.88,15.88,7.33,OK
2026-08-27T13:51:13+07:00,eco-green-city,0700,home_to_work,16.13,16.13,16.13,7.6,OK
2026-08-27T13:51:13+07:00,hateco-apollo,0700,home_to_work,17.61,17.61,17.61,12.19,OK
2026-08-27T13:51:13+07:00,iris-garden,0700,home_to_work,11.18,11.18,11.18,6.78,OK
2026-08-27T17:06:23+07:00,vinhomes-smart-city,0730,home_to_work,21.54,21.54,21.54,9.93,OK
2026-08-27T17:06:23+07:00,hd-mon-city,0730,home_to_work,10.85,10.85,10.85,4.56,OK
2026-08-27T17:06:23+07:00,my-dinh-pearl,0730,home_to_work,15.38,15.38,15.38,6.8,OK
2026-08-27T17:06:23+07:00,hoang-thanh-pearl,0730,home_to_work,17.91,17.91,17.91,8.41,OK
2026-08-27T17:06:23+07:00,mipec-riverside,0730,home_to_work,27.93,27.93,27.93,9.26,OK
2026-08-27T17:06:23+07:00,sunshine-riverside,0730,home_to_work,13.2,13.2,13.2,7.54,OK
2026-08-27T17:06:23+07:00,ho-guom-plaza,0730,home_to_work,16.23,16.23,16.23,7.33,OK
2026-08-27T17:06:23+07:00,eco-green-city,0730,home_to_work,18.49,18.49,18.49,7.6,OK
2026-08-27T17:06:23+07:00,hateco-apollo,0730,home_to_work,20.77,20.77,20.77,12.19,OK
2026-08-27T17:06:23+07:00,iris-garden,0730,home_to_work,13.94,13.94,13.94,6.78,OK
2026-08-28T03:37:36+07:00,vinhomes-smart-city,1730,work_to_home,13.39,13.39,13.39,8.96,OK
2026-08-28T03:37:36+07:00,hd-mon-city,1730,work_to_home,8.59,8.59,8.59,5.02,OK
2026-08-28T03:37:36+07:00,my-dinh-pearl,1730,work_to_home,13.36,13.36,13.36,7.42,OK
2026-08-28T03:37:36+07:00,hoang-thanh-pearl,1730,work_to_home,15.76,15.76,15.76,8.68,OK
2026-08-28T03:37:36+07:00,mipec-riverside,1730,work_to_home,28.52,28.52,28.52,9.55,OK
2026-08-28T03:37:36+07:00,sunshine-riverside,1730,work_to_home,10.73,10.73,10.73,7.84,OK
2026-08-28T03:37:36+07:00,ho-guom-plaza,1730,work_to_home,10.88,10.88,10.88,7.44,OK
2026-08-28T03:37:36+07:00,eco-green-city,1730,work_to_home,12.57,12.57,12.57,7.5,OK
2026-08-28T03:37:36+07:00,hateco-apollo,1730,work_to_home,19.09,19.09,19.09,11.87,OK
2026-08-28T03:37:36+07:00,iris-garden,1730,work_to_home,11.71,11.71,11.71,6.6,OK
2026-08-28T03:55:32+07:00,vinhomes-smart-city,1800,work_to_home,13.39,13.39,13.39,8.96,OK
2026-08-28T03:55:32+07:00,hd-mon-city,1800,work_to_home,8.67,8.67,8.67,5.02,OK
2026-08-28T03:55:32+07:00,my-dinh-pearl,1800,work_to_home,13.28,13.28,13.28,7.42,OK
2026-08-28T03:55:32+07:00,hoang-thanh-pearl,1800,work_to_home,15.68,15.68,15.68,8.68,OK
2026-08-28T03:55:32+07:00,mipec-riverside,1800,work_to_home,28.52,28.52,28.52,9.55,OK
2026-08-28T03:55:32+07:00,sunshine-riverside,1800,work_to_home,10.73,10.73,10.73,7.84,OK
2026-08-28T03:55:32+07:00,ho-guom-plaza,1800,work_to_home,10.88,10.88,10.88,7.44,OK
2026-08-28T03:55:32+07:00,eco-green-city,1800,work_to_home,12.57,12.57,12.57,7.5,OK
2026-08-28T03:55:32+07:00,hateco-apollo,1800,work_to_home,19.69,19.69,19.69,12.44,OK
2026-08-28T03:55:32+07:00,iris-garden,1800,work_to_home,11.71,11.71,11.71,6.6,OK
2026-08-28T15:38:58+07:00,vinhomes-smart-city,0700,home_to_work,19.88,19.88,19.88,9.93,OK
2026-08-28T15:38:58+07:00,hd-mon-city,0700,home_to_work,10.0,10.0,10.0,4.56,OK
2026-08-28T15:38:58+07:00,my-dinh-pearl,0700,home_to_work,15.62,15.62,15.62,6.8,OK
2026-08-28T15:38:58+07:00,hoang-thanh-pearl,0700,home_to_work,20.27,20.27,20.27,8.41,OK
2026-08-28T15:38:58+07:00,mipec-riverside,0700,home_to_work,28.95,28.95,28.95,9.26,OK
2026-08-28T15:38:58+07:00,sunshine-riverside,0700,home_to_work,12.5,12.5,12.5,7.54,OK
2026-08-28T15:38:58+07:00,ho-guom-plaza,0700,home_to_work,18.84,18.84,18.84,7.36,OK
2026-08-28T15:38:58+07:00,eco-green-city,0700,home_to_work,19.71,19.71,19.71,7.63,OK
2026-08-28T15:38:58+07:00,hateco-apollo,0700,home_to_work,23.16,23.16,23.16,12.19,OK
2026-08-28T15:38:58+07:00,iris-garden,0700,home_to_work,15.35,15.35,15.35,6.78,OK
